"phenx","icd10_desc","combo","organ","subcombo"
"Abnormal findings without diagnosis","Abnormal electrocardiogram [ECG] [EKG]","Abnormal Labs/Tests","Cardiovascular",NA
"Abnormal findings without diagnosis","Abnormal findings on diagnostic imaging of heart and coronary circulation","Abnormal Labs/Tests","Cardiovascular",NA
"Abnormal findings without diagnosis","Abnormal result of cardiovascular function study, unspecified","Abnormal Labs/Tests","Cardiovascular",NA
"Abnormal findings without diagnosis","Abnormal result of other cardiovascular function study","Abnormal Labs/Tests","Cardiovascular",NA
"Cardiac dysrhythmias","Atrial premature depolarization","Dysrhythmias","Cardiovascular",NA
"Cardiac dysrhythmias","Atypical atrial flutter","Dysrhythmias","Cardiovascular",NA
"Cardiac dysrhythmias","Cardiac arrhythmia, unspecified","Dysrhythmias","Cardiovascular",NA
"Cardiac dysrhythmias","Junctional premature depolarization","Dysrhythmias","Cardiovascular",NA
"Cardiac dysrhythmias","Other specified cardiac arrhythmias","Dysrhythmias","Cardiovascular",NA
"Cardiac dysrhythmias","Paroxysmal atrial fibrillation","Dysrhythmias","Cardiovascular",NA
"Cardiac dysrhythmias","Paroxysmal tachycardia, unspecified","Dysrhythmias","Cardiovascular",NA
"Cardiac dysrhythmias","Sick sinus syndrome","Dysrhythmias","Cardiovascular",NA
"Cardiac dysrhythmias","Supraventricular tachycardia","Dysrhythmias","Cardiovascular",NA
"Cardiac dysrhythmias","Typical atrial flutter","Dysrhythmias","Cardiovascular",NA
"Cardiac dysrhythmias","Unspecified atrial fibrillation","Dysrhythmias","Cardiovascular",NA
"Cardiac dysrhythmias","Unspecified atrial flutter","Dysrhythmias","Cardiovascular",NA
"Cardiac dysrhythmias","Ventricular premature depolarization","Dysrhythmias","Cardiovascular",NA
"Cardiac dysrhythmias","Ventricular tachycardia","Dysrhythmias","Cardiovascular",NA
"Cardiovascular Procedures",NA,"Cardiovascular Procedures","Cardiovascular",NA
"Circulatory signs and symptoms","Benign and innocent cardiac murmurs","Circulatory s/s","Cardiovascular","Murmur"
"Circulatory signs and symptoms","Bradycardia, unspecified","Circulatory s/s","Cardiovascular","Bradycardia"
"Circulatory signs and symptoms","Cardiac murmur, unspecified","Circulatory s/s","Cardiovascular","Murmur"
"Circulatory signs and symptoms","Elevated blood-pressure reading, without diagnosis of hypertension","Circulatory s/s","Cardiovascular","Hypertension"
"Circulatory signs and symptoms","Hemorrhage, not elsewhere classified","Circulatory s/s","Cardiovascular","Hemorrhage"
"Circulatory signs and symptoms","Nonspecific low blood-pressure reading","Circulatory s/s","Cardiovascular","Hypotension"
"Circulatory signs and symptoms","Other abnormalities of heart beat","Circulatory s/s","Cardiovascular","Other"
"Circulatory signs and symptoms","Other cardiac sounds","Circulatory s/s","Cardiovascular","Other"
"Circulatory signs and symptoms","Other specified symptoms and signs involving the circulatory and respiratory systems","Circulatory s/s","Cardiovascular","Other"
"Circulatory signs and symptoms","Palpitations","Circulatory s/s","Cardiovascular","Palpitation"
"Circulatory signs and symptoms","Tachycardia, unspecified","Circulatory s/s","Cardiovascular","Tachycardia"
"Circulatory signs and symptoms","Unspecified abnormalities of heart beat","Circulatory s/s","Cardiovascular","Other"
"Conduction disorders","Atrioventricular block, complete","Conduction disorders","Cardiovascular",NA
"Conduction disorders","Atrioventricular block, first degree","Conduction disorders","Cardiovascular",NA
"Conduction disorders","Atrioventricular block, second degree","Conduction disorders","Cardiovascular",NA
"Conduction disorders","Bifascicular block","Conduction disorders","Cardiovascular",NA
"Conduction disorders","Conduction disorder, unspecified","Conduction disorders","Cardiovascular",NA
"Conduction disorders","Encounter for adjustment and management of other part of cardiac pacemaker","Conduction disorders","Cardiovascular",NA
"Conduction disorders","Left anterior fascicular block","Conduction disorders","Cardiovascular",NA
"Conduction disorders","Left bundle-branch block, unspecified","Conduction disorders","Cardiovascular",NA
"Conduction disorders","Long QT syndrome","Conduction disorders","Cardiovascular",NA
"Conduction disorders","Nonspecific intraventricular block","Conduction disorders","Cardiovascular",NA
"Conduction disorders","Other atrioventricular block","Conduction disorders","Cardiovascular",NA
"Conduction disorders","Other specified conduction disorders","Conduction disorders","Cardiovascular",NA
"Conduction disorders","Other specified heart block","Conduction disorders","Cardiovascular",NA
"Conduction disorders","Pre-excitation syndrome","Conduction disorders","Cardiovascular",NA
"Conduction disorders","Presence of cardiac pacemaker","Conduction disorders","Cardiovascular",NA
"Conduction disorders","Trifascicular block","Conduction disorders","Cardiovascular",NA
"Conduction disorders","Unspecified atrioventricular block","Conduction disorders","Cardiovascular",NA
"Conduction disorders","Unspecified right bundle-branch block","Conduction disorders","Cardiovascular",NA
"Coronary atherosclerosis and other heart disease","Acute ischemic heart disease, unspecified","Coronary atherosclerosis","Cardiovascular",NA
"Coronary atherosclerosis and other heart disease","Angina pectoris with documented spasm","Coronary atherosclerosis","Cardiovascular",NA
"Coronary atherosclerosis and other heart disease","Angina pectoris, unspecified","Coronary atherosclerosis","Cardiovascular",NA
"Coronary atherosclerosis and other heart disease","Atherosclerosis of bypass graft of coronary artery of transplanted heart without angina pectoris","Coronary atherosclerosis","Cardiovascular",NA
"Coronary atherosclerosis and other heart disease","Atherosclerosis of coronary artery bypass graft(s) without angina pectoris","Coronary atherosclerosis","Cardiovascular",NA
"Coronary atherosclerosis and other heart disease","Atherosclerosis of native coronary artery of transplanted heart with unstable angina","Coronary atherosclerosis","Cardiovascular",NA
"Coronary atherosclerosis and other heart disease","Atherosclerosis of native coronary artery of transplanted heart without angina pectoris","Coronary atherosclerosis","Cardiovascular",NA
"Coronary atherosclerosis and other heart disease","Atherosclerotic heart disease of native coronary artery with angina pectoris with documented spasm","Coronary atherosclerosis","Cardiovascular",NA
"Coronary atherosclerosis and other heart disease","Atherosclerotic heart disease of native coronary artery with other forms of angina pectoris","Coronary atherosclerosis","Cardiovascular",NA
"Coronary atherosclerosis and other heart disease","Atherosclerotic heart disease of native coronary artery with unspecified angina pectoris","Coronary atherosclerosis","Cardiovascular",NA
"Coronary atherosclerosis and other heart disease","Atherosclerotic heart disease of native coronary artery with unstable angina pectoris","Coronary atherosclerosis","Cardiovascular",NA
"Coronary atherosclerosis and other heart disease","Atherosclerotic heart disease of native coronary artery without angina pectoris","Coronary atherosclerosis","Cardiovascular",NA
"Coronary atherosclerosis and other heart disease","Chronic ischemic heart disease, unspecified","Coronary atherosclerosis","Cardiovascular",NA
"Coronary atherosclerosis and other heart disease","Chronic total occlusion of coronary artery","Coronary atherosclerosis","Cardiovascular",NA
"Coronary atherosclerosis and other heart disease","Coronary angioplasty status","Coronary atherosclerosis","Cardiovascular",NA
"Coronary atherosclerosis and other heart disease","Coronary atherosclerosis due to calcified coronary lesion","Coronary atherosclerosis","Cardiovascular",NA
"Coronary atherosclerosis and other heart disease","Coronary atherosclerosis due to lipid rich plaque","Coronary atherosclerosis","Cardiovascular",NA
"Coronary atherosclerosis and other heart disease","Old myocardial infarction","Coronary atherosclerosis","Cardiovascular",NA
"Coronary atherosclerosis and other heart disease","Other forms of acute ischemic heart disease","Coronary atherosclerosis","Cardiovascular",NA
"Coronary atherosclerosis and other heart disease","Other forms of angina pectoris","Coronary atherosclerosis","Cardiovascular",NA
"Coronary atherosclerosis and other heart disease","Presence of aortocoronary bypass graft","Coronary atherosclerosis","Cardiovascular",NA
"Coronary atherosclerosis and other heart disease","Presence of coronary angioplasty implant and graft","Coronary atherosclerosis","Cardiovascular",NA
"Coronary atherosclerosis and other heart disease","Unstable angina","Coronary atherosclerosis","Cardiovascular",NA
"Diabetes mellitus, Type 2","Type 2 diabetes mellitus with diabetic peripheral angiopathy without gangrene","Diabetic Complication","Cardiovascular",NA
"Diabetes mellitus, Type 2","Type 2 diabetes mellitus with other circulatory complications","Diabetic Complication","Cardiovascular",NA
"HTN; heart","Hypertensive heart disease with heart failure","HTN heart dz","Cardiovascular",NA
"HTN; heart","Hypertensive heart disease without heart failure","HTN heart dz","Cardiovascular",NA
"Heart failure","Acute combined systolic (congestive) and diastolic (congestive) heart failure","Heart failure","Cardiovascular",NA
"Heart failure","Acute diastolic (congestive) heart failure","Heart failure","Cardiovascular",NA
"Heart failure","Acute on chronic combined systolic (congestive) and diastolic (congestive) heart failure","Heart failure","Cardiovascular",NA
"Heart failure","Acute on chronic diastolic (congestive) heart failure","Heart failure","Cardiovascular",NA
"Heart failure","Acute on chronic systolic (congestive) heart failure","Heart failure","Cardiovascular",NA
"Heart failure","Acute systolic (congestive) heart failure","Heart failure","Cardiovascular",NA
"Heart failure","Chronic combined systolic (congestive) and diastolic (congestive) heart failure","Heart failure","Cardiovascular",NA
"Heart failure","Chronic diastolic (congestive) heart failure","Heart failure","Cardiovascular",NA
"Heart failure","Chronic systolic (congestive) heart failure","Heart failure","Cardiovascular",NA
"Heart failure","Heart failure, unspecified","Heart failure","Cardiovascular",NA
"Heart failure","Left ventricular failure, unspecified","Heart failure","Cardiovascular",NA
"Heart failure","Presence of heart assist device","Heart failure","Cardiovascular",NA
"Heart failure","Unspecified combined systolic (congestive) and diastolic (congestive) heart failure","Heart failure","Cardiovascular",NA
"Heart failure","Unspecified diastolic (congestive) heart failure","Heart failure","Cardiovascular",NA
"Heart failure","Unspecified systolic (congestive) heart failure","Heart failure","Cardiovascular",NA
"Myocarditis and cardiomyopathy","Acute myocarditis, unspecified","Myocarditis and cardiomyopathy","Cardiovascular",NA
"Myocarditis and cardiomyopathy","Alcoholic cardiomyopathy","Myocarditis and cardiomyopathy","Cardiovascular",NA
"Myocarditis and cardiomyopathy","Cardiomyopathy due to drug and external agent","Myocarditis and cardiomyopathy","Cardiovascular",NA
"Myocarditis and cardiomyopathy","Cardiomyopathy in diseases classified elsewhere","Myocarditis and cardiomyopathy","Cardiovascular",NA
"Myocarditis and cardiomyopathy","Cardiomyopathy, unspecified","Myocarditis and cardiomyopathy","Cardiovascular",NA
"Myocarditis and cardiomyopathy","Dilated cardiomyopathy","Myocarditis and cardiomyopathy","Cardiovascular",NA
"Myocarditis and cardiomyopathy","Infective myocarditis","Myocarditis and cardiomyopathy","Cardiovascular",NA
"Myocarditis and cardiomyopathy","Ischemic cardiomyopathy","Myocarditis and cardiomyopathy","Cardiovascular",NA
"Myocarditis and cardiomyopathy","Isolated myocarditis","Myocarditis and cardiomyopathy","Cardiovascular",NA
"Myocarditis and cardiomyopathy","Myocarditis in diseases classified elsewhere","Myocarditis and cardiomyopathy","Cardiovascular",NA
"Myocarditis and cardiomyopathy","Myocarditis, unspecified","Myocarditis and cardiomyopathy","Cardiovascular",NA
"Myocarditis and cardiomyopathy","Obstructive hypertrophic cardiomyopathy","Myocarditis and cardiomyopathy","Cardiovascular",NA
"Myocarditis and cardiomyopathy","Other acute myocarditis","Myocarditis and cardiomyopathy","Cardiovascular",NA
"Myocarditis and cardiomyopathy","Other cardiomyopathies","Myocarditis and cardiomyopathy","Cardiovascular",NA
"Myocarditis and cardiomyopathy","Other hypertrophic cardiomyopathy","Myocarditis and cardiomyopathy","Cardiovascular",NA
"Myocarditis and cardiomyopathy","Other restrictive cardiomyopathy","Myocarditis and cardiomyopathy","Cardiovascular",NA
"Myocarditis and cardiomyopathy","Peripartum cardiomyopathy","Myocarditis and cardiomyopathy","Cardiovascular",NA
"Myocarditis and cardiomyopathy","Viral cardiomyopathy","Myocarditis and cardiomyopathy","Cardiovascular",NA
"Myocarditis and cardiomyopathy","Viral myocarditis","Myocarditis and cardiomyopathy","Cardiovascular",NA
"Nonspecific chest pain","Chest pain, unspecified","Circulatory s/s","Cardiovascular","Chest pain"
"Nonspecific chest pain","Other chest pain","Circulatory s/s","Cardiovascular","Chest pain"
"Nonspecific chest pain","Precordial pain","Circulatory s/s","Cardiovascular","Chest pain"
"Other specified and unspecified circulatory disease","Abdominal aortic ectasia","Circulatory disorder","Cardiovascular",NA
"Other specified and unspecified circulatory disease","Aortic ectasia, unspecified site","Circulatory disorder","Cardiovascular",NA
"Other specified and unspecified circulatory disease","Arterial fibromuscular dysplasia","Circulatory disorder","Cardiovascular",NA
"Other specified and unspecified circulatory disease","Arteriovenous fistula, acquired","Circulatory disorder","Cardiovascular",NA
"Other specified and unspecified circulatory disease","Celiac artery compression syndrome","Circulatory disorder","Cardiovascular",NA
"Other specified and unspecified circulatory disease","Disease of capillaries, unspecified","Circulatory disorder","Cardiovascular",NA
"Other specified and unspecified circulatory disease","Disorder of arteries and arterioles, unspecified","Circulatory disorder","Cardiovascular",NA
"Other specified and unspecified circulatory disease","Hereditary hemorrhagic telangiectasia","Circulatory disorder","Cardiovascular",NA
"Other specified and unspecified circulatory disease","Nevus, non-neoplastic","Circulatory disorder","Cardiovascular",NA
"Other specified and unspecified circulatory disease","Other diseases of capillaries","Circulatory disorder","Cardiovascular",NA
"Other specified and unspecified circulatory disease","Other disorder of circulatory system","Circulatory disorder","Cardiovascular",NA
"Other specified and unspecified circulatory disease","Other specified disorders of arteries and arterioles","Circulatory disorder","Cardiovascular",NA
"Other specified and unspecified circulatory disease","Rupture of artery","Circulatory disorder","Cardiovascular",NA
"Other specified and unspecified circulatory disease","Stricture of artery","Circulatory disorder","Cardiovascular",NA
"Other specified and unspecified circulatory disease","Thoracic aortic ectasia","Circulatory disorder","Cardiovascular",NA
"Other specified and unspecified circulatory disease","Unspecified disorder of circulatory system","Circulatory disorder","Cardiovascular",NA
"Postthrombotic syndrome and venous insufficiency/hypertension","Chronic venous hypertension (idiopathic) with inflammation of left lower extremity","Venous HTN/Insufficiency","Cardiovascular",NA
"Postthrombotic syndrome and venous insufficiency/hypertension","Chronic venous hypertension (idiopathic) with inflammation of right lower extremity","Venous HTN/Insufficiency","Cardiovascular",NA
"Postthrombotic syndrome and venous insufficiency/hypertension","Chronic venous hypertension (idiopathic) with other complications of bilateral lower extremity","Venous HTN/Insufficiency","Cardiovascular",NA
"Postthrombotic syndrome and venous insufficiency/hypertension","Chronic venous hypertension (idiopathic) with other complications of left lower extremity","Venous HTN/Insufficiency","Cardiovascular",NA
"Postthrombotic syndrome and venous insufficiency/hypertension","Chronic venous hypertension (idiopathic) with ulcer and inflammation of left lower extremity","Venous HTN/Insufficiency","Cardiovascular",NA
"Postthrombotic syndrome and venous insufficiency/hypertension","Chronic venous hypertension (idiopathic) with ulcer of left lower extremity","Venous HTN/Insufficiency","Cardiovascular",NA
"Postthrombotic syndrome and venous insufficiency/hypertension","Chronic venous hypertension (idiopathic) with ulcer of right lower extremity","Venous HTN/Insufficiency","Cardiovascular",NA
"Postthrombotic syndrome and venous insufficiency/hypertension","Chronic venous hypertension (idiopathic) without complications of bilateral lower extremity","Venous HTN/Insufficiency","Cardiovascular",NA
"Postthrombotic syndrome and venous insufficiency/hypertension","Chronic venous hypertension (idiopathic) without complications of unspecified lower extremity","Venous HTN/Insufficiency","Cardiovascular",NA
"Postthrombotic syndrome and venous insufficiency/hypertension","Compression of vein","Venous HTN/Insufficiency","Cardiovascular",NA
"Postthrombotic syndrome and venous insufficiency/hypertension","Postthrombotic syndrome without complications of left lower extremity","Venous HTN/Insufficiency","Cardiovascular",NA
"Postthrombotic syndrome and venous insufficiency/hypertension","Postthrombotic syndrome without complications of right lower extremity","Venous HTN/Insufficiency","Cardiovascular",NA
"Postthrombotic syndrome and venous insufficiency/hypertension","Postthrombotic syndrome without complications of unspecified extremity","Venous HTN/Insufficiency","Cardiovascular",NA
"Postthrombotic syndrome and venous insufficiency/hypertension","Varicose veins of other specified sites","Venous HTN/Insufficiency","Cardiovascular",NA
"Postthrombotic syndrome and venous insufficiency/hypertension","Venous insufficiency (chronic) (peripheral)","Venous HTN/Insufficiency","Cardiovascular",NA
"Disorders of lipid metabolism","Hyperlipidemia, unspecified","Dyslipidemia","Endocrine","Hyperlipidemia"
"Disorders of lipid metabolism","Mixed hyperlipidemia","Dyslipidemia","Endocrine","Hyperlipidemia"
"Disorders of lipid metabolism","Pure hyperglyceridemia","Dyslipidemia","Endocrine","Hyperlipidemia"
"Abnormal findings without diagnosis","Abnormal level of hormones in specimens from other organs, systems and tissues","Pancreas","Endocrine","Abnormal hormone"
"Abnormal findings without diagnosis","Abnormal results of other endocrine function studies","Pancreas","Endocrine","Abnormal hormone"
"Abnormal findings without diagnosis","Hyperglycemia, unspecified","Pancreas","Endocrine","Hyperglycemia"
"Abnormal findings without diagnosis","Impaired fasting glucose","Pancreas","Endocrine","Abnormal glucose"
"Abnormal findings without diagnosis","Impaired glucose tolerance (oral)","Pancreas","Endocrine","Abnormal glucose"
"Abnormal findings without diagnosis","Other abnormal glucose","Pancreas","Endocrine","Abnormal glucose"
"Diabetes mellitus","Diabetes mellitus due to underlying condition with hyperosmolarity without nonketotic hyperglycemic-hyperosmolar coma (NKHHC)","Pancreas","Endocrine","Diabetes mellitus"
"Diabetes mellitus","Diabetes mellitus due to underlying condition without complications","Pancreas","Endocrine","Diabetes mellitus"
"Diabetes mellitus","Drug or chemical induced diabetes mellitus without complications","Pancreas","Endocrine","Diabetes mellitus"
"Diabetes mellitus","Other specified diabetes mellitus with hyperglycemia","Pancreas","Endocrine","Diabetes mellitus"
"Diabetes mellitus","Other specified diabetes mellitus without complications","Pancreas","Endocrine","Diabetes mellitus"
"Diabetes mellitus, Type 2","Type 2 diabetes mellitus with hyperglycemia","Pancreas","Endocrine","Diabetes mellitus"
"Diabetes mellitus, Type 2","Type 2 diabetes mellitus with hyperosmolarity without nonketotic hyperglycemic-hyperosmolar coma (NKHHC)","Pancreas","Endocrine","Diabetes mellitus"
"Diabetes mellitus, Type 2","Type 2 diabetes mellitus with hypoglycemia without coma","Pancreas","Endocrine","Diabetes mellitus"
"Diabetes mellitus, Type 2","Type 2 diabetes mellitus with other specified complication","Pancreas","Endocrine","Diabetes mellitus"
"Diabetes mellitus, Type 2","Type 2 diabetes mellitus with unspecified complications","Pancreas","Endocrine","Diabetes mellitus"
"Diabetes mellitus, Type 2","Type 2 diabetes mellitus without complications","Pancreas","Endocrine","Diabetes mellitus"
"Abnormal findings without diagnosis","Abnormal results of thyroid function studies","Thyroid","Endocrine","Abnormal Labs"
"Thyroid disorders","Acute thyroiditis","Thyroid","Endocrine","Thyroiditis"
"Thyroid disorders","Atrophy of thyroid (acquired)","Thyroid","Endocrine","Hypothyroidism"
"Thyroid disorders","Autoimmune thyroiditis","Thyroid","Endocrine","Thyroiditis"
"Thyroid disorders","Disorder of thyroid, unspecified","Thyroid","Endocrine","Other"
"Thyroid disorders","Hypothyroidism due to medicaments and other exogenous substances","Thyroid","Endocrine","Hypothyroidism"
"Thyroid disorders","Hypothyroidism, unspecified","Thyroid","Endocrine","Hypothyroidism"
"Thyroid disorders","Iodine-deficiency related diffuse (endemic) goiter","Thyroid","Endocrine","Goiter"
"Thyroid disorders","Nontoxic diffuse goiter","Thyroid","Endocrine","Goiter"
"Thyroid disorders","Nontoxic goiter, unspecified","Thyroid","Endocrine","Goiter"
"Thyroid disorders","Nontoxic multinodular goiter","Thyroid","Endocrine","Goiter"
"Thyroid disorders","Nontoxic single thyroid nodule","Thyroid","Endocrine","Nodule"
"Thyroid disorders","Other specified disorders of thyroid","Thyroid","Endocrine","Other"
"Thyroid disorders","Other specified hypothyroidism","Thyroid","Endocrine","Hypothyroidism"
"Thyroid disorders","Other thyrotoxicosis without thyrotoxic crisis or storm","Thyroid","Endocrine","Thyrotoxicosis"
"Thyroid disorders","Postprocedural hypothyroidism","Thyroid","Endocrine","Hypothyroidism"
"Thyroid disorders","Sick-euthyroid syndrome","Thyroid","Endocrine","Other"
"Thyroid disorders","Subacute thyroiditis","Thyroid","Endocrine","Thyroiditis"
"Thyroid disorders","Subclinical iodine-deficiency hypothyroidism","Thyroid","Endocrine","Hypothyroidism"
"Thyroid disorders","Thyroiditis, unspecified","Thyroid","Endocrine","Thyroiditis"
"Thyroid disorders","Thyrotoxicosis with diffuse goiter without thyrotoxic crisis or storm","Thyroid","Endocrine","Thyrotoxicosis"
"Thyroid disorders","Thyrotoxicosis with toxic multinodular goiter without thyrotoxic crisis or storm","Thyroid","Endocrine","Thyrotoxicosis"
"Thyroid disorders","Thyrotoxicosis, unspecified without thyrotoxic crisis or storm","Thyroid","Endocrine","Thyrotoxicosis"
"Hearing loss","Conductive hearing loss, bilateral","Hearing loss","Eyes & Ears",NA
"Hearing loss","Conductive hearing loss, unilateral, left ear, with unrestricted hearing on the contralateral side","Hearing loss","Eyes & Ears",NA
"Hearing loss","Conductive hearing loss, unilateral, right ear, with unrestricted hearing on the contralateral side","Hearing loss","Eyes & Ears",NA
"Hearing loss","Conductive hearing loss, unspecified","Hearing loss","Eyes & Ears",NA
"Hearing loss","Mixed conductive and sensorineural hearing loss, bilateral","Hearing loss","Eyes & Ears",NA
"Hearing loss","Mixed conductive and sensorineural hearing loss, unilateral, left ear, with unrestricted hearing on the contralateral side","Hearing loss","Eyes & Ears",NA
"Hearing loss","Mixed conductive and sensorineural hearing loss, unilateral, right ear, with unrestricted hearing on the contralateral side","Hearing loss","Eyes & Ears",NA
"Hearing loss","Mixed conductive and sensorineural hearing loss, unspecified","Hearing loss","Eyes & Ears",NA
"Hearing loss","Other specified hearing loss, bilateral","Hearing loss","Eyes & Ears",NA
"Hearing loss","Other specified hearing loss, left ear","Hearing loss","Eyes & Ears",NA
"Hearing loss","Other specified hearing loss, right ear","Hearing loss","Eyes & Ears",NA
"Hearing loss","Other specified hearing loss, unspecified ear","Hearing loss","Eyes & Ears",NA
"Hearing loss","Sensorineural hearing loss, bilateral","Hearing loss","Eyes & Ears",NA
"Hearing loss","Sensorineural hearing loss, unilateral, left ear, with unrestricted hearing on the contralateral side","Hearing loss","Eyes & Ears",NA
"Hearing loss","Sensorineural hearing loss, unilateral, right ear, with unrestricted hearing on the contralateral side","Hearing loss","Eyes & Ears",NA
"Hearing loss","Sudden idiopathic hearing loss, bilateral","Hearing loss","Eyes & Ears",NA
"Hearing loss","Sudden idiopathic hearing loss, left ear","Hearing loss","Eyes & Ears",NA
"Hearing loss","Sudden idiopathic hearing loss, right ear","Hearing loss","Eyes & Ears",NA
"Hearing loss","Sudden idiopathic hearing loss, unspecified ear","Hearing loss","Eyes & Ears",NA
"Hearing loss","Unspecified hearing loss, bilateral","Hearing loss","Eyes & Ears",NA
"Hearing loss","Unspecified hearing loss, left ear","Hearing loss","Eyes & Ears",NA
"Hearing loss","Unspecified hearing loss, right ear","Hearing loss","Eyes & Ears",NA
"Hearing loss","Unspecified hearing loss, unspecified ear","Hearing loss","Eyes & Ears",NA
"Hearing loss","Unspecified sensorineural hearing loss","Hearing loss","Eyes & Ears",NA
"Blindness and vision defects","Blindness, one eye, unspecified eye","Blind/visual defects","Eyes & Ears",NA
"Blindness and vision defects","Deprivation amblyopia, bilateral","Blind/visual defects","Eyes & Ears",NA
"Blindness and vision defects","Diplopia","Blind/visual defects","Eyes & Ears",NA
"Blindness and vision defects","Generalized contraction of visual field, bilateral","Blind/visual defects","Eyes & Ears",NA
"Blindness and vision defects","Generalized contraction of visual field, left eye","Blind/visual defects","Eyes & Ears",NA
"Blindness and vision defects","Generalized contraction of visual field, right eye","Blind/visual defects","Eyes & Ears",NA
"Blindness and vision defects","Glare sensitivity","Blind/visual defects","Eyes & Ears",NA
"Blindness and vision defects","Heteronymous bilateral field defects","Blind/visual defects","Eyes & Ears",NA
"Blindness and vision defects","Homonymous bilateral field defects, left side","Blind/visual defects","Eyes & Ears",NA
"Blindness and vision defects","Legal blindness, as defined in USA","Blind/visual defects","Eyes & Ears",NA
"Blindness and vision defects","Other localized visual field defect, bilateral","Blind/visual defects","Eyes & Ears",NA
"Blindness and vision defects","Other localized visual field defect, left eye","Blind/visual defects","Eyes & Ears",NA
"Blindness and vision defects","Other subjective visual disturbances","Blind/visual defects","Eyes & Ears",NA
"Blindness and vision defects","Other visual disturbances","Blind/visual defects","Eyes & Ears",NA
"Blindness and vision defects","Psychophysical visual disturbances","Blind/visual defects","Eyes & Ears",NA
"Blindness and vision defects","Refractive amblyopia, left eye","Blind/visual defects","Eyes & Ears",NA
"Blindness and vision defects","Scotoma involving central area, bilateral","Blind/visual defects","Eyes & Ears",NA
"Blindness and vision defects","Scotoma of blind spot area, bilateral","Blind/visual defects","Eyes & Ears",NA
"Blindness and vision defects","Sector or arcuate defects, bilateral","Blind/visual defects","Eyes & Ears",NA
"Blindness and vision defects","Sudden visual loss, right eye","Blind/visual defects","Eyes & Ears",NA
"Blindness and vision defects","Transient visual loss, bilateral","Blind/visual defects","Eyes & Ears",NA
"Blindness and vision defects","Transient visual loss, left eye","Blind/visual defects","Eyes & Ears",NA
"Blindness and vision defects","Transient visual loss, right eye","Blind/visual defects","Eyes & Ears",NA
"Blindness and vision defects","Transient visual loss, unspecified eye","Blind/visual defects","Eyes & Ears",NA
"Blindness and vision defects","Unqualified visual loss, both eyes","Blind/visual defects","Eyes & Ears",NA
"Blindness and vision defects","Unqualified visual loss, left eye, normal vision right eye","Blind/visual defects","Eyes & Ears",NA
"Blindness and vision defects","Unqualified visual loss, one eye, unspecified","Blind/visual defects","Eyes & Ears",NA
"Blindness and vision defects","Unqualified visual loss, right eye, normal vision left eye","Blind/visual defects","Eyes & Ears",NA
"Blindness and vision defects","Unspecified amblyopia, bilateral","Blind/visual defects","Eyes & Ears",NA
"Blindness and vision defects","Unspecified amblyopia, left eye","Blind/visual defects","Eyes & Ears",NA
"Blindness and vision defects","Unspecified amblyopia, right eye","Blind/visual defects","Eyes & Ears",NA
"Blindness and vision defects","Unspecified disorder of binocular vision","Blind/visual defects","Eyes & Ears",NA
"Blindness and vision defects","Unspecified night blindness","Blind/visual defects","Eyes & Ears",NA
"Blindness and vision defects","Unspecified subjective visual disturbances","Blind/visual defects","Eyes & Ears",NA
"Blindness and vision defects","Unspecified visual disturbance","Blind/visual defects","Eyes & Ears",NA
"Blindness and vision defects","Unspecified visual field defects","Blind/visual defects","Eyes & Ears",NA
"Blindness and vision defects","Unspecified visual loss","Blind/visual defects","Eyes & Ears",NA
"Blindness and vision defects","Visual discomfort, bilateral","Blind/visual defects","Eyes & Ears",NA
"Blindness and vision defects","Visual discomfort, left eye","Blind/visual defects","Eyes & Ears",NA
"Blindness and vision defects","Visual discomfort, unspecified","Blind/visual defects","Eyes & Ears",NA
"Diabetes mellitus, Type 2","Type 2 diabetes mellitus with other diabetic ophthalmic complication","Blind/visual defects","Eyes & Ears",NA
"Abnormal findings without diagnosis","Abnormal levels of other serum enzymes","Abnormal Labs/Tests","Systemic",NA
"Abnormal findings without diagnosis","Other abnormal findings in specimens from other organs, systems and tissues","Abnormal Labs/Tests","Systemic",NA
"Abnormal findings without diagnosis","Unspecified abnormal finding in specimens from other organs, systems and tissues","Abnormal Labs/Tests","Systemic",NA
"Fluid and electrolyte disorders","Acidosis","Fluid/electrolyte disorders","Systemic",NA
"Fluid and electrolyte disorders","Alkalosis","Fluid/electrolyte disorders","Systemic",NA
"Fluid and electrolyte disorders","Dehydration","Fluid/electrolyte disorders","Systemic",NA
"Fluid and electrolyte disorders","Fluid overload, unspecified","Fluid/electrolyte disorders","Systemic",NA
"Fluid and electrolyte disorders","Hyperkalemia","Fluid/electrolyte disorders","Systemic",NA
"Fluid and electrolyte disorders","Hyperosmolality and hypernatremia","Fluid/electrolyte disorders","Systemic",NA
"Fluid and electrolyte disorders","Hypo-osmolality and hyponatremia","Fluid/electrolyte disorders","Systemic",NA
"Fluid and electrolyte disorders","Hypokalemia","Fluid/electrolyte disorders","Systemic",NA
"Fluid and electrolyte disorders","Hypovolemia","Fluid/electrolyte disorders","Systemic",NA
"Fluid and electrolyte disorders","Mixed disorder of acid-base balance","Fluid/electrolyte disorders","Systemic",NA
"Fluid and electrolyte disorders","Other disorders of electrolyte and fluid balance, not elsewhere classified","Fluid/electrolyte disorders","Systemic",NA
"Fluid and electrolyte disorders","Other fluid overload","Fluid/electrolyte disorders","Systemic",NA
"Fluid and electrolyte disorders","Volume depletion, unspecified","Fluid/electrolyte disorders","Systemic",NA
"General sensation/perception signs and symptoms","Dizziness and giddiness","General s/s","Systemic","Dizziness"
"General sensation/perception signs and symptoms","Other symptoms and signs involving general sensations and perceptions","General s/s","Systemic","Other"
"General sensation/perception signs and symptoms","Unspecified symptoms and signs involving general sensations and perceptions","General s/s","Systemic","Other"
"Malaise and fatigue","Chronic fatigue, unspecified","Malaise and fatigue","Systemic",NA
"Malaise and fatigue","Other fatigue","Malaise and fatigue","Systemic",NA
"Malaise and fatigue","Other malaise","Malaise and fatigue","Systemic",NA
"Malaise and fatigue","Weakness","Malaise and fatigue","Systemic",NA
"Nutritional deficiencies","Ascorbic acid deficiency","Nutritional deficiencies","Systemic",NA
"Nutritional deficiencies","Copper deficiency","Nutritional deficiencies","Systemic",NA
"Nutritional deficiencies","Deficiency of other specified B group vitamins","Nutritional deficiencies","Systemic",NA
"Nutritional deficiencies","Deficiency of other specified nutrient elements","Nutritional deficiencies","Systemic",NA
"Nutritional deficiencies","Dietary zinc deficiency","Nutritional deficiencies","Systemic",NA
"Nutritional deficiencies","Iron deficiency","Nutritional deficiencies","Systemic",NA
"Nutritional deficiencies","Magnesium deficiency","Nutritional deficiencies","Systemic",NA
"Nutritional deficiencies","Nutritional deficiency, unspecified","Nutritional deficiencies","Systemic",NA
"Nutritional deficiencies","Other ocular manifestations of vitamin A deficiency","Nutritional deficiencies","Systemic",NA
"Nutritional deficiencies","Other specified nutritional deficiencies","Nutritional deficiencies","Systemic",NA
"Nutritional deficiencies","Pyridoxine deficiency","Nutritional deficiencies","Systemic",NA
"Nutritional deficiencies","Thiamine deficiency, unspecified","Nutritional deficiencies","Systemic",NA
"Nutritional deficiencies","Vitamin A deficiency, unspecified","Nutritional deficiencies","Systemic",NA
"Nutritional deficiencies","Vitamin B deficiency, unspecified","Nutritional deficiencies","Systemic",NA
"Nutritional deficiencies","Vitamin D deficiency, unspecified","Nutritional deficiencies","Systemic",NA
"Nutritional deficiencies","Vitamin deficiency, unspecified","Nutritional deficiencies","Systemic",NA
"Nutritional deficiencies","Wernicke's encephalopathy","Nutritional deficiencies","Systemic",NA
"Other general signs and symptoms","Abnormal posture","General s/s","Systemic","Other"
"Other general signs and symptoms","Abnormal weight gain","General s/s","Systemic","Weight Gain"
"Other general signs and symptoms","Abnormal weight loss","General s/s","Systemic","Weight Loss"
"Other general signs and symptoms","Adult failure to thrive","General s/s","Systemic","FTT"
"Other general signs and symptoms","Age-related physical debility","General s/s","Systemic","FTT"
"Other general signs and symptoms","Anorexia","General s/s","Systemic","Weight Loss"
"Other general signs and symptoms","Aphonia","General s/s","Systemic","Other"
"Other general signs and symptoms","Cachexia","General s/s","Systemic","Weight Loss"
"Other general signs and symptoms","Chills (without fever)","General s/s","Systemic","Chills"
"Other general signs and symptoms","Clubbing of fingers","General s/s","Systemic","Other"
"Other general signs and symptoms","Cramp and spasm","General s/s","Systemic","Cramp/Spasm"
"Other general signs and symptoms","Decreased libido","General s/s","Systemic","Low libido"
"Other general signs and symptoms","Dysphonia","General s/s","Systemic","Dysphonia"
"Other general signs and symptoms","Early satiety","General s/s","Systemic","Early Satiety"
"Other general signs and symptoms","Edema, unspecified","General s/s","Systemic","Edema"
"Other general signs and symptoms","Enlarged lymph nodes, unspecified","General s/s","Systemic","Lymphadenopathy"
"Other general signs and symptoms","Failure to thrive (child)","General s/s","Systemic","FTT"
"Other general signs and symptoms","Feeding difficulties","General s/s","Systemic","FTT"
"Other general signs and symptoms","Generalized edema","General s/s","Systemic","Edema"
"Other general signs and symptoms","Generalized enlarged lymph nodes","General s/s","Systemic","Lymphadenopathy"
"Other general signs and symptoms","Generalized hyperhidrosis","General s/s","Systemic","Hyperhidrosis"
"Other general signs and symptoms","Hyponasality","General s/s","Systemic","Other"
"Other general signs and symptoms","Hypothermia, not associated with low environmental temperature","General s/s","Systemic","Other"
"Other general signs and symptoms","Ill-defined and unknown cause of mortality","General s/s","Systemic","Other"
"Other general signs and symptoms","Illness, unspecified","General s/s","Systemic","Illness"
"Other general signs and symptoms","Localized edema","General s/s","Systemic","Edema"
"Other general signs and symptoms","Localized enlarged lymph nodes","General s/s","Systemic","Lymphadenopathy"
"Other general signs and symptoms","Loss of height","General s/s","Systemic","Other"
"Other general signs and symptoms","Other general symptoms and signs","General s/s","Systemic","Other"
"Other general signs and symptoms","Other lack of expected normal physiological development in childhood","General s/s","Systemic","Other"
"Other general signs and symptoms","Other symptoms and signs concerning food and fluid intake","General s/s","Systemic","Other"
"Other general signs and symptoms","Other voice and resonance disorders","General s/s","Systemic","Other"
"Other general signs and symptoms","Pain, unspecified","General s/s","Systemic","Pain"
"Other general signs and symptoms","Polydipsia","General s/s","Systemic","Other"
"Other general signs and symptoms","Polyphagia","General s/s","Systemic","Other"
"Other general signs and symptoms","Repeated falls","General s/s","Systemic","Falls"
"Other general signs and symptoms","Short stature (child)","General s/s","Systemic","Other"
"Other general signs and symptoms","Systemic inflammatory response syndrome (SIRS) of non-infectious origin without acute organ dysfunction","General s/s","Systemic","Other"
"Other general signs and symptoms","Underweight","General s/s","Systemic","Weight Loss"
"Other general signs and symptoms","Unspecified lack of expected normal physiological development in childhood","General s/s","Systemic","Other"
"Other general signs and symptoms","Unspecified voice and resonance disorder","General s/s","Systemic","Other"
"Sleep wake disorders","Adjustment insomnia","Sleep disorders","Systemic",NA
"Sleep wake disorders","Central sleep apnea in conditions classified elsewhere","Sleep disorders","Systemic",NA
"Sleep wake disorders","Circadian rhythm sleep disorder, delayed sleep phase type","Sleep disorders","Systemic",NA
"Sleep wake disorders","Circadian rhythm sleep disorder, jet lag type","Sleep disorders","Systemic",NA
"Sleep wake disorders","Circadian rhythm sleep disorder, shift work type","Sleep disorders","Systemic",NA
"Sleep wake disorders","Circadian rhythm sleep disorder, unspecified type","Sleep disorders","Systemic",NA
"Sleep wake disorders","Confusional arousals","Sleep disorders","Systemic",NA
"Sleep wake disorders","Hypersomnia, unspecified","Sleep disorders","Systemic",NA
"Sleep wake disorders","Idiopathic sleep related nonobstructive alveolar hypoventilation","Sleep disorders","Systemic",NA
"Sleep wake disorders","Insomnia due to medical condition","Sleep disorders","Systemic",NA
"Sleep wake disorders","Insomnia due to other mental disorder","Sleep disorders","Systemic",NA
"Sleep wake disorders","Insomnia, unspecified","Sleep disorders","Systemic",NA
"Sleep wake disorders","Narcolepsy without cataplexy","Sleep disorders","Systemic",NA
"Sleep wake disorders","Nightmare disorder","Sleep disorders","Systemic",NA
"Sleep wake disorders","Obstructive sleep apnea (adult) (pediatric)","Sleep disorders","Systemic",NA
"Sleep wake disorders","Other hypersomnia","Sleep disorders","Systemic",NA
"Sleep wake disorders","Other insomnia","Sleep disorders","Systemic",NA
"Sleep wake disorders","Other insomnia not due to a substance or known physiological condition","Sleep disorders","Systemic",NA
"Sleep wake disorders","Other sleep apnea","Sleep disorders","Systemic",NA
"Sleep wake disorders","Other sleep disorders","Sleep disorders","Systemic",NA
"Sleep wake disorders","Other sleep disorders not due to a substance or known physiological condition","Sleep disorders","Systemic",NA
"Sleep wake disorders","Paradoxical insomnia","Sleep disorders","Systemic",NA
"Sleep wake disorders","Parasomnia, unspecified","Sleep disorders","Systemic",NA
"Sleep wake disorders","Periodic breathing","Sleep disorders","Systemic",NA
"Sleep wake disorders","Periodic limb movement disorder","Sleep disorders","Systemic",NA
"Sleep wake disorders","Primary central sleep apnea","Sleep disorders","Systemic",NA
"Sleep wake disorders","Primary insomnia","Sleep disorders","Systemic",NA
"Sleep wake disorders","Psychophysiologic insomnia","Sleep disorders","Systemic",NA
"Sleep wake disorders","REM sleep behavior disorder","Sleep disorders","Systemic",NA
"Sleep wake disorders","Sleep apnea, unspecified","Sleep disorders","Systemic",NA
"Sleep wake disorders","Sleep disorder, unspecified","Sleep disorders","Systemic",NA
"Sleep wake disorders","Sleep related bruxism","Sleep disorders","Systemic",NA
"Sleep wake disorders","Sleep related leg cramps","Sleep disorders","Systemic",NA
"Sleep wake disorders","Sleep terrors [night terrors]","Sleep disorders","Systemic",NA
"Sleep wake disorders","Sleepwalking [somnambulism]","Sleep disorders","Systemic",NA
"Biliary tract disease","Acute cholecystitis","Biliary","GI",NA
"Biliary tract disease","Acute cholecystitis with chronic cholecystitis","Biliary","GI",NA
"Biliary tract disease","Calculus of bile duct with cholangitis, unspecified, without obstruction","Biliary","GI",NA
"Biliary tract disease","Calculus of bile duct with cholecystitis, unspecified, without obstruction","Biliary","GI",NA
"Biliary tract disease","Calculus of bile duct without cholangitis or cholecystitis with obstruction","Biliary","GI",NA
"Biliary tract disease","Calculus of bile duct without cholangitis or cholecystitis without obstruction","Biliary","GI",NA
"Biliary tract disease","Calculus of gallbladder and bile duct with acute and chronic cholecystitis without obstruction","Biliary","GI",NA
"Biliary tract disease","Calculus of gallbladder and bile duct with acute cholecystitis without obstruction","Biliary","GI",NA
"Biliary tract disease","Calculus of gallbladder and bile duct without cholecystitis with obstruction","Biliary","GI",NA
"Biliary tract disease","Calculus of gallbladder and bile duct without cholecystitis without obstruction","Biliary","GI",NA
"Biliary tract disease","Calculus of gallbladder with acute and chronic cholecystitis without obstruction","Biliary","GI",NA
"Biliary tract disease","Calculus of gallbladder with acute cholecystitis with obstruction","Biliary","GI",NA
"Biliary tract disease","Calculus of gallbladder with acute cholecystitis without obstruction","Biliary","GI",NA
"Biliary tract disease","Calculus of gallbladder with chronic cholecystitis without obstruction","Biliary","GI",NA
"Biliary tract disease","Calculus of gallbladder with other cholecystitis without obstruction","Biliary","GI",NA
"Biliary tract disease","Calculus of gallbladder without cholecystitis with obstruction","Biliary","GI",NA
"Biliary tract disease","Calculus of gallbladder without cholecystitis without obstruction","Biliary","GI",NA
"Biliary tract disease","Cholecystitis, unspecified","Biliary","GI",NA
"Biliary tract disease","Cholesterolosis of gallbladder","Biliary","GI",NA
"Biliary tract disease","Chronic cholecystitis","Biliary","GI",NA
"Biliary tract disease","Disease of biliary tract, unspecified","Biliary","GI",NA
"Biliary tract disease","Disease of gallbladder, unspecified","Biliary","GI",NA
"Biliary tract disease","Obstruction of bile duct","Biliary","GI",NA
"Biliary tract disease","Other cholelithiasis without obstruction","Biliary","GI",NA
"Biliary tract disease","Other specified diseases of biliary tract","Biliary","GI",NA
"Biliary tract disease","Other specified diseases of gallbladder","Biliary","GI",NA
"Biliary tract disease","Postcholecystectomy syndrome","Biliary","GI",NA
"Abdominal symptoms","Aphagia","Abdominal s/s","GI","Aphagia"
"Abdominal symptoms","Change in bowel habit","Abdominal s/s","GI","Bowel habit change"
"Abdominal symptoms","Diarrhea, unspecified","Abdominal s/s","GI","Diarrhea"
"Abdominal symptoms","Epigastric pain","Abdominal s/s","GI","Pain"
"Abdominal symptoms","Fecal urgency","Abdominal s/s","GI","Bowel habit change"
"Abdominal symptoms","Flatulence","Abdominal s/s","GI","Flatulence"
"Abdominal symptoms","Full incontinence of feces","Abdominal s/s","GI","Incontinence"
"Abdominal symptoms","Heartburn","Abdominal s/s","GI","Heartburn"
"Abdominal symptoms","Other fecal abnormalities","Abdominal s/s","GI","Bowel habit change"
"Abdominal symptoms","Other specified symptoms and signs involving the digestive system and abdomen","Abdominal s/s","GI","Other"
"Abdominal symptoms","Visible peristalsis","Abdominal s/s","GI","Other"
"Abnormal findings without diagnosis","Abnormal cytological findings in specimens from other digestive organs and abdominal cavity","Abnormal Labs/Tests","GI",NA
"Abnormal findings without diagnosis","Abnormal findings on diagnostic imaging of other parts of digestive tract","Abnormal Labs/Tests","GI",NA
"Abnormal findings without diagnosis","Atypical squamous cells of undetermined significance on cytologic smear of anus (ASC-US)","Abnormal Labs/Tests","GI",NA
"Abnormal findings without diagnosis","Low grade squamous intraepithelial lesion on cytologic smear of anus (LGSIL)","Abnormal Labs/Tests","GI",NA
"Abnormal findings without diagnosis","Other abnormal cytological findings on specimens from anus","Abnormal Labs/Tests","GI",NA
"Abnormal findings without diagnosis","Unspecified abnormal cytological findings in specimens from anus","Abnormal Labs/Tests","GI",NA
"Dysphagia","Dysphagia, oral phase","Dysphagia","GI",NA
"Dysphagia","Dysphagia, oropharyngeal phase","Dysphagia","GI",NA
"Dysphagia","Dysphagia, pharyngeal phase","Dysphagia","GI",NA
"Dysphagia","Dysphagia, pharyngoesophageal phase","Dysphagia","GI",NA
"Dysphagia","Dysphagia, unspecified","Dysphagia","GI",NA
"Dysphagia","Other dysphagia","Dysphagia","GI",NA
"Esophageal disorders","Barrett's esophagus with dysplasia, unspecified","Esophageal disorders","GI",NA
"Esophageal disorders","Barrett's esophagus with low grade dysplasia","Esophageal disorders","GI",NA
"Esophageal disorders","Barrett's esophagus without dysplasia","Esophageal disorders","GI",NA
"Esophageal disorders","Candidal esophagitis","Esophageal disorders","GI",NA
"Esophageal disorders","Disease of esophagus, unspecified","Esophageal disorders","GI",NA
"Esophageal disorders","Dyskinesia of esophagus","Esophageal disorders","GI",NA
"Esophageal disorders","Eosinophilic esophagitis","Esophageal disorders","GI",NA
"Esophageal disorders","Esophageal obstruction","Esophageal disorders","GI",NA
"Esophageal disorders","Esophagitis, unspecified","Esophageal disorders","GI",NA
"Esophageal disorders","Gastro-esophageal laceration-hemorrhage syndrome","Esophageal disorders","GI",NA
"Esophageal disorders","Gastro-esophageal reflux disease with esophagitis","Esophageal disorders","GI",NA
"Esophageal disorders","Gastro-esophageal reflux disease without esophagitis","Esophageal disorders","GI",NA
"Esophageal disorders","Other specified diseases of esophagus","Esophageal disorders","GI",NA
"Esophageal disorders","Ulcer of esophagus with bleeding","Esophageal disorders","GI",NA
"Esophageal disorders","Ulcer of esophagus without bleeding","Esophageal disorders","GI",NA
"Nausea and vomiting","Bilious vomiting","Abdominal s/s","GI","Nausea and vomiting"
"Nausea and vomiting","Nausea","Abdominal s/s","GI","Nausea and vomiting"
"Nausea and vomiting","Nausea with vomiting, unspecified","Abdominal s/s","GI","Nausea and vomiting"
"Nausea and vomiting","Projectile vomiting","Abdominal s/s","GI","Nausea and vomiting"
"Nausea and vomiting","Vomiting without nausea","Abdominal s/s","GI","Nausea and vomiting"
"Nausea and vomiting","Vomiting, unspecified","Abdominal s/s","GI","Nausea and vomiting"
"Other specified and unspecified gastrointestinal disorders","Celiac disease","GI disorder","GI","Celiac"
"Other specified and unspecified gastrointestinal disorders","Constipation, unspecified","Abdominal s/s","GI","Constipation"
"Other specified and unspecified gastrointestinal disorders","Disease of digestive system, unspecified","GI disorder","GI","Other"
"Other specified and unspecified gastrointestinal disorders","Disease of intestine, unspecified","GI disorder","GI","Intestinal disease"
"Other specified and unspecified gastrointestinal disorders","Disorder of peritoneum, unspecified","GI disorder","GI","Other"
"Other specified and unspecified gastrointestinal disorders","Fistula of intestine","GI disorder","GI","Other"
"Other specified and unspecified gastrointestinal disorders","Functional diarrhea","Abdominal s/s","GI","Diarrhea"
"Other specified and unspecified gastrointestinal disorders","Functional intestinal disorder, unspecified","GI disorder","GI","Intestinal disease"
"Other specified and unspecified gastrointestinal disorders","Hemoperitoneum","GI disorder","GI","Hemoperitoneum"
"Other specified and unspecified gastrointestinal disorders","Intestinal malabsorption, unspecified","GI disorder","GI","Intestinal disease"
"Other specified and unspecified gastrointestinal disorders","Irritable bowel syndrome with diarrhea","GI disorder","GI","IBS"
"Other specified and unspecified gastrointestinal disorders","Irritable bowel syndrome without diarrhea","GI disorder","GI","IBS"
"Other specified and unspecified gastrointestinal disorders","Neurogenic bowel, not elsewhere classified","GI disorder","GI","Other"
"Other specified and unspecified gastrointestinal disorders","Other constipation","Abdominal s/s","GI","Constipation"
"Other specified and unspecified gastrointestinal disorders","Other disorders of retroperitoneum","GI disorder","GI","Other"
"Other specified and unspecified gastrointestinal disorders","Other intestinal malabsorption","GI disorder","GI","Intestinal disease"
"Other specified and unspecified gastrointestinal disorders","Other specified diseases of intestine","GI disorder","GI","Intestinal disease"
"Other specified and unspecified gastrointestinal disorders","Other specified diseases of the digestive system","GI disorder","GI","Other"
"Other specified and unspecified gastrointestinal disorders","Other specified disorders of peritoneum","GI disorder","GI","Other"
"Other specified and unspecified gastrointestinal disorders","Other specified functional intestinal disorders","GI disorder","GI","Intestinal disease"
"Other specified and unspecified gastrointestinal disorders","Other vascular disorders of intestine","GI disorder","GI","Intestinal disease"
"Other specified and unspecified gastrointestinal disorders","Outlet dysfunction constipation","Abdominal s/s","GI","Constipation"
"Other specified and unspecified gastrointestinal disorders","Peritoneal adhesions (postprocedural) (postinfection)","GI disorder","GI","Other"
"Other specified and unspecified gastrointestinal disorders","Slow transit constipation","Abdominal s/s","GI","Constipation"
"Other specified and unspecified gastrointestinal disorders","Ulcer of intestine","GI disorder","GI","Intestinal disease"
"Other specified and unspecified gastrointestinal disorders","Vascular disorder of intestine, unspecified","GI disorder","GI","Intestinal disease"
"Regional enteritis and ulcerative colitis","Crohn's disease of both small and large intestine without complications","GI disorder","GI","IBD"
"Regional enteritis and ulcerative colitis","Crohn's disease of large intestine with rectal bleeding","GI disorder","GI","IBD"
"Regional enteritis and ulcerative colitis","Crohn's disease of large intestine with unspecified complications","GI disorder","GI","IBD"
"Regional enteritis and ulcerative colitis","Crohn's disease of large intestine without complications","GI disorder","GI","IBD"
"Regional enteritis and ulcerative colitis","Crohn's disease of small intestine with other complication","GI disorder","GI","IBD"
"Regional enteritis and ulcerative colitis","Crohn's disease of small intestine with rectal bleeding","GI disorder","GI","IBD"
"Regional enteritis and ulcerative colitis","Crohn's disease of small intestine without complications","GI disorder","GI","IBD"
"Regional enteritis and ulcerative colitis","Crohn's disease, unspecified, with unspecified complications","GI disorder","GI","IBD"
"Regional enteritis and ulcerative colitis","Crohn's disease, unspecified, without complications","GI disorder","GI","IBD"
"Regional enteritis and ulcerative colitis","Inflammatory polyps of colon without complications","GI disorder","GI","IBD"
"Regional enteritis and ulcerative colitis","Left sided colitis without complications","GI disorder","GI","IBD"
"Regional enteritis and ulcerative colitis","Other ulcerative colitis with rectal bleeding","GI disorder","GI","IBD"
"Regional enteritis and ulcerative colitis","Ulcerative (chronic) pancolitis with rectal bleeding","GI disorder","GI","IBD"
"Regional enteritis and ulcerative colitis","Ulcerative (chronic) pancolitis with unspecified complications","GI disorder","GI","IBD"
"Regional enteritis and ulcerative colitis","Ulcerative (chronic) pancolitis without complications","GI disorder","GI","IBD"
"Regional enteritis and ulcerative colitis","Ulcerative (chronic) proctitis with rectal bleeding","GI disorder","GI","IBD"
"Regional enteritis and ulcerative colitis","Ulcerative (chronic) proctitis with unspecified complications","GI disorder","GI","IBD"
"Regional enteritis and ulcerative colitis","Ulcerative (chronic) proctitis without complications","GI disorder","GI","IBD"
"Regional enteritis and ulcerative colitis","Ulcerative (chronic) rectosigmoiditis with rectal bleeding","GI disorder","GI","IBD"
"Regional enteritis and ulcerative colitis","Ulcerative (chronic) rectosigmoiditis without complications","GI disorder","GI","IBD"
"Regional enteritis and ulcerative colitis","Ulcerative colitis, unspecified with rectal bleeding","GI disorder","GI","IBD"
"Regional enteritis and ulcerative colitis","Ulcerative colitis, unspecified with unspecified complications","GI disorder","GI","IBD"
"Regional enteritis and ulcerative colitis","Ulcerative colitis, unspecified, without complications","GI disorder","GI","IBD"
"Abdominal symptoms","Abdominal distension (gaseous)","Abdominal s/s","GI","Distension"
"Abdominal symptoms","Abdominal tenderness, unspecified site","Abdominal s/s","GI","Pain"
"Abdominal symptoms","Acute abdomen","Abdominal s/s","GI","Pain"
"Abdominal symptoms","Colic","Abdominal s/s","GI","Pain"
"Abdominal symptoms","Epigastric abdominal tenderness","Abdominal s/s","GI","Pain"
"Abdominal symptoms","Eructation","Abdominal s/s","GI","Other"
"Abdominal symptoms","Gas pain","Abdominal s/s","GI","Pain"
"Abdominal symptoms","Generalized abdominal pain","Abdominal s/s","GI","Pain"
"Abdominal symptoms","Halitosis","Abdominal s/s","GI","Other"
"Abdominal symptoms","Left lower quadrant abdominal swelling, mass and lump","Abdominal s/s","GI","Other"
"Abdominal symptoms","Left lower quadrant pain","Abdominal s/s","GI","Pain"
"Abdominal symptoms","Left upper quadrant abdominal tenderness","Abdominal s/s","GI","Pain"
"Abdominal symptoms","Left upper quadrant pain","Abdominal s/s","GI","Pain"
"Abdominal symptoms","Left upper quadrant rebound abdominal tenderness","Abdominal s/s","GI","Pain"
"Abdominal symptoms","Lower abdominal pain, unspecified","Abdominal s/s","GI","Pain"
"Abdominal symptoms","Other ascites","Abdominal s/s","GI","Ascites"
"Abdominal symptoms","Periumbilic swelling, mass or lump","Abdominal s/s","GI","Pain"
"Abdominal symptoms","Periumbilical pain","Abdominal s/s","GI","Pain"
"Abdominal symptoms","Right lower quadrant abdominal swelling, mass and lump","Abdominal s/s","GI","Pain"
"Abdominal symptoms","Right lower quadrant abdominal tenderness","Abdominal s/s","GI","Pain"
"Abdominal symptoms","Right lower quadrant pain","Abdominal s/s","GI","Pain"
"Abdominal symptoms","Right upper quadrant abdominal swelling, mass and lump","Abdominal s/s","GI","Pain"
"Abdominal symptoms","Right upper quadrant pain","Abdominal s/s","GI","Pain"
"Abdominal symptoms","Unspecified abdominal pain","Abdominal s/s","GI","Pain"
"Abdominal symptoms","Unspecified jaundice","Abdominal s/s","GI","Jaundice"
"Abdominal symptoms","Upper abdominal pain, unspecified","Abdominal s/s","GI","Pain"
"Abnormal findings without diagnosis","Abnormal findings on diagnostic imaging of other abdominal regions, including retroperitoneum","Abnormal Labs/Tests","GI",NA
"Gastrointestinal System Procedures",NA,"GI Procedures","GI",NA
"Abdominal symptoms","Hepatomegaly with splenomegaly, not elsewhere classified","Liver","GI",NA
"Abdominal symptoms","Hepatomegaly, not elsewhere classified","Liver","GI",NA
"Abnormal findings without diagnosis","Abnormal findings on diagnostic imaging of liver and biliary tract","Liver","GI",NA
"Abnormal findings without diagnosis","Abnormal results of liver function studies","Liver","GI",NA
"Abnormal findings without diagnosis","Nonspecific elevation of levels of transaminase and lactic acid dehydrogenase [LDH]","Liver","GI",NA
"Other specified and unspecified liver disease","Alcoholic cirrhosis of liver with ascites","Liver","GI",NA
"Other specified and unspecified liver disease","Alcoholic cirrhosis of liver without ascites","Liver","GI",NA
"Other specified and unspecified liver disease","Alcoholic fatty liver","Liver","GI",NA
"Other specified and unspecified liver disease","Alcoholic liver disease, unspecified","Liver","GI",NA
"Other specified and unspecified liver disease","Chronic passive congestion of liver","Liver","GI",NA
"Other specified and unspecified liver disease","Fatty (change of) liver, not elsewhere classified","Liver","GI",NA
"Other specified and unspecified liver disease","Hepatic veno-occlusive disease","Liver","GI",NA
"Other specified and unspecified liver disease","Inflammatory liver disease, unspecified","Liver","GI",NA
"Other specified and unspecified liver disease","Liver and biliary tract disorders in childbirth","Liver","GI",NA
"Other specified and unspecified liver disease","Liver and biliary tract disorders in pregnancy, second trimester","Liver","GI",NA
"Other specified and unspecified liver disease","Liver and biliary tract disorders in pregnancy, third trimester","Liver","GI",NA
"Other specified and unspecified liver disease","Liver and biliary tract disorders in pregnancy, unspecified trimester","Liver","GI",NA
"Other specified and unspecified liver disease","Liver disease, unspecified","Liver","GI",NA
"Other specified and unspecified liver disease","Other cirrhosis of liver","Liver","GI",NA
"Other specified and unspecified liver disease","Other specified diseases of liver","Liver","GI",NA
"Other specified and unspecified liver disease","Other specified inflammatory liver diseases","Liver","GI",NA
"Other specified and unspecified liver disease","Phlebitis of portal vein","Liver","GI",NA
"Other specified and unspecified liver disease","Portal hypertension","Liver","GI",NA
"Other specified and unspecified liver disease","Primary biliary cirrhosis","Liver","GI",NA
"Other specified and unspecified liver disease","Toxic liver disease, unspecified","Liver","GI",NA
"Other specified and unspecified liver disease","Unspecified cirrhosis of liver","Liver","GI",NA
"Abdominal symptoms","Splenomegaly, not elsewhere classified","Spleen","GI",NA
"Other specified and unspecified hematologic conditions","Infarction of spleen","Spleen","GI",NA
"Abdominal symptoms","Generalized intra-abdominal and pelvic swelling, mass and lump","Abdominal s/s","Gynecology/Pelvis","Swelling/mass"
"Abdominal symptoms","Intra-abdominal and pelvic swelling, mass and lump, unspecified site","Abdominal s/s","Gynecology/Pelvis","Swelling/mass"
"Abdominal symptoms","Other intra-abdominal and pelvic swelling, mass and lump","Abdominal s/s","Gynecology/Pelvis","Swelling/mass"
"Abdominal symptoms","Pelvic and perineal pain","Abdominal s/s","Gynecology/Pelvis","Pain"
"Abnormal findings without diagnosis","Abnormal microbiological findings in specimens from female genital organs","Abnormal Labs/Tests","Gynecology/Pelvis",NA
"Abnormal findings without diagnosis","Anal high risk human papillomavirus (HPV) DNA test positive","Abnormal Labs/Tests","Gynecology/Pelvis",NA
"Abnormal findings without diagnosis","Atypical squamous cells cannot exclude high grade squamous intraepithelial lesion on cytologic smear of cervix (ASC-H)","Abnormal Labs/Tests","Gynecology/Pelvis",NA
"Abnormal findings without diagnosis","Atypical squamous cells of undetermined significance on cytologic smear of cervix (ASC-US)","Abnormal Labs/Tests","Gynecology/Pelvis",NA
"Abnormal findings without diagnosis","Atypical squamous cells of undetermined significance on cytologic smear of vagina (ASC-US)","Abnormal Labs/Tests","Gynecology/Pelvis",NA
"Abnormal findings without diagnosis","Cervical high risk human papillomavirus (HPV) DNA test positive","Abnormal Labs/Tests","Gynecology/Pelvis",NA
"Abnormal findings without diagnosis","Elevated cancer antigen 125 [CA 125]","Abnormal Labs/Tests","Gynecology/Pelvis",NA
"Abnormal findings without diagnosis","High grade squamous intraepithelial lesion on cytologic smear of cervix (HGSIL)","Abnormal Labs/Tests","Gynecology/Pelvis",NA
"Abnormal findings without diagnosis","High grade squamous intraepithelial lesion on cytologic smear of vagina (HGSIL)","Abnormal Labs/Tests","Gynecology/Pelvis",NA
"Abnormal findings without diagnosis","Low grade squamous intraepithelial lesion on cytologic smear of cervix (LGSIL)","Abnormal Labs/Tests","Gynecology/Pelvis",NA
"Abnormal findings without diagnosis","Low grade squamous intraepithelial lesion on cytologic smear of vagina (LGSIL)","Abnormal Labs/Tests","Gynecology/Pelvis",NA
"Abnormal findings without diagnosis","Other abnormal cytological findings on specimens from cervix uteri","Abnormal Labs/Tests","Gynecology/Pelvis",NA
"Abnormal findings without diagnosis","Other abnormal findings in specimens from female genital organs","Abnormal Labs/Tests","Gynecology/Pelvis",NA
"Abnormal findings without diagnosis","Unsatisfactory cytologic smear of cervix","Abnormal Labs/Tests","Gynecology/Pelvis",NA
"Abnormal findings without diagnosis","Unspecified abnormal cytological findings in specimens from cervix uteri","Abnormal Labs/Tests","Gynecology/Pelvis",NA
"Abnormal findings without diagnosis","Unspecified abnormal cytological findings in specimens from vagina","Abnormal Labs/Tests","Gynecology/Pelvis",NA
"Abnormal findings without diagnosis","Vaginal high risk human papillomavirus (HPV) DNA test positive","Abnormal Labs/Tests","Gynecology/Pelvis",NA
"Diabetes mellitus","Gestational diabetes mellitus in pregnancy, diet controlled","Gestational Diabetes","Gynecology/Pelvis",NA
"Diabetes mellitus","Gestational diabetes mellitus in pregnancy, unspecified control","Gestational Diabetes","Gynecology/Pelvis",NA
"Other specified and unspecified diseases of kidney and ureters","Pregnancy related renal disease, second trimester","Pregnancy Renal dz","Gynecology/Pelvis",NA
"Abnormal findings without diagnosis","Abnormal coagulation profile","Abnormal Labs/Tests","Systemic",NA
"Abnormal findings without diagnosis","Abnormal finding of blood chemistry, unspecified","Abnormal Labs/Tests","Systemic",NA
"Abnormal findings without diagnosis","Abnormal level of blood mineral","Abnormal Labs/Tests","Systemic",NA
"Abnormal findings without diagnosis","Abnormality of globulin","Abnormal Labs/Tests","Systemic",NA
"Abnormal findings without diagnosis","Abnormality of plasma protein, unspecified","Abnormal Labs/Tests","Systemic",NA
"Abnormal findings without diagnosis","Other abnormality of red blood cells","Abnormal Labs/Tests","Systemic",NA
"Abnormal findings without diagnosis","Other specified abnormal findings of blood chemistry","Abnormal Labs/Tests","Systemic",NA
"Abnormal findings without diagnosis","Precipitous drop in hematocrit","Abnormal Labs/Tests","Systemic",NA
"Other specified and unspecified hematologic conditions","Disease of blood and blood-forming organs, unspecified","Hematologic condition","Systemic",NA
"Abnormal findings without diagnosis","Abnormal immunological finding in serum, unspecified","Abnormal Labs/Tests","Systemic",NA
"Abnormal findings without diagnosis","Abnormal immunological findings in specimens from other organs, systems and tissues","Abnormal Labs/Tests","Systemic",NA
"Abnormal findings without diagnosis","Bacteremia","Abnormal Labs/Tests","Systemic",NA
"Abnormal findings without diagnosis","Elevated C-reactive protein (CRP)","Abnormal Labs/Tests","Systemic",NA
"Abnormal findings without diagnosis","Elevated erythrocyte sedimentation rate","Abnormal Labs/Tests","Systemic",NA
"Abnormal findings without diagnosis","Inconclusive laboratory evidence of human immunodeficiency virus [HIV]","Abnormal Labs/Tests","Systemic",NA
"Abnormal findings without diagnosis","Nonspecific reaction to cell mediated immunity measurement of gamma interferon antigen response without active tuberculosis","Abnormal Labs/Tests","Systemic",NA
"Abnormal findings without diagnosis","Nonspecific reaction to tuberculin skin test without active tuberculosis","Abnormal Labs/Tests","Systemic",NA
"Abnormal findings without diagnosis","Other specified abnormal immunological findings in serum","Abnormal Labs/Tests","Systemic",NA
"Abnormal findings without diagnosis","Other specified abnormalities of plasma proteins","Abnormal Labs/Tests","Systemic",NA
"Abnormal findings without diagnosis","Raised antibody titer","Abnormal Labs/Tests","Systemic",NA
"Immunity disorders","Acute graft-versus-host disease","Immunity disorders","Systemic",NA
"Immunity disorders","Antibody deficiency with near-normal immunoglobulins or with hyperimmunoglobulinemia","Immunity disorders","Systemic",NA
"Immunity disorders","Common variable immunodeficiency, unspecified","Immunity disorders","Systemic",NA
"Immunity disorders","Disorder involving the immune mechanism, unspecified","Immunity disorders","Systemic",NA
"Immunity disorders","Graft-versus-host disease, unspecified","Immunity disorders","Systemic",NA
"Immunity disorders","Immunodeficiency, unspecified","Immunity disorders","Systemic",NA
"Immunity disorders","Nonfamilial hypogammaglobulinemia","Immunity disorders","Systemic",NA
"Immunity disorders","Other specified disorders involving the immune mechanism, not elsewhere classified","Immunity disorders","Systemic",NA
"Immunity disorders","Polyclonal hypergammaglobulinemia","Immunity disorders","Systemic",NA
"Immunity disorders","Sarcoid myocarditis","Immunity disorders","Systemic",NA
"Immunity disorders","Sarcoidosis of lung","Immunity disorders","Systemic",NA
"Immunity disorders","Sarcoidosis of lung with sarcoidosis of lymph nodes","Immunity disorders","Systemic",NA
"Immunity disorders","Sarcoidosis, unspecified","Immunity disorders","Systemic",NA
"Abnormal findings without diagnosis","Abnormal findings on diagnostic imaging of limbs","Abnormal Labs/Tests","MSK",NA
"Abnormal findings without diagnosis","Abnormal findings on diagnostic imaging of other parts of musculoskeletal system","Abnormal Labs/Tests","MSK",NA
"Abnormal findings without diagnosis","Abnormal findings on diagnostic imaging of skull and head, not elsewhere classified","Abnormal Labs/Tests","MSK",NA
"Other general signs and symptoms","Clicking hip","MSK s/s","MSK",NA
"Other general signs and symptoms","Other symptoms and signs involving the musculoskeletal system","MSK s/s","MSK",NA
"Other general signs and symptoms","Unspecified symptoms and signs involving the musculoskeletal system","MSK s/s","MSK",NA
"Spondylopathies/spondyloarthropathy (including infective)","Ankylosing hyperostosis [Forestier], site unspecified","Spondylo(arthro)pathy","MSK",NA
"Spondylopathies/spondyloarthropathy (including infective)","Cervical disc disorder with myelopathy, high cervical region","Spondylo(arthro)pathy","MSK",NA
"Spondylopathies/spondyloarthropathy (including infective)","Cervical disc disorder with radiculopathy, cervicothoracic region","Spondylo(arthro)pathy","MSK",NA
"Spondylopathies/spondyloarthropathy (including infective)","Cervical disc disorder with radiculopathy, high cervical region","Spondylo(arthro)pathy","MSK",NA
"Spondylopathies/spondyloarthropathy (including infective)","Cervical disc disorder with radiculopathy, unspecified cervical region","Spondylo(arthro)pathy","MSK",NA
"Spondylopathies/spondyloarthropathy (including infective)","Cervical disc disorder, unspecified, unspecified cervical region","Spondylo(arthro)pathy","MSK",NA
"Spondylopathies/spondyloarthropathy (including infective)","Cervicalgia","Spondylo(arthro)pathy","MSK",NA
"Spondylopathies/spondyloarthropathy (including infective)","Deforming dorsopathy, unspecified","Spondylo(arthro)pathy","MSK",NA
"Spondylopathies/spondyloarthropathy (including infective)","Discitis, unspecified, cervical region","Spondylo(arthro)pathy","MSK",NA
"Spondylopathies/spondyloarthropathy (including infective)","Discitis, unspecified, site unspecified","Spondylo(arthro)pathy","MSK",NA
"Spondylopathies/spondyloarthropathy (including infective)","Fusion of spine, lumbosacral region","Spondylo(arthro)pathy","MSK",NA
"Spondylopathies/spondyloarthropathy (including infective)","Infection of intervertebral disc (pyogenic), cervical region","Spondylo(arthro)pathy","MSK",NA
"Spondylopathies/spondyloarthropathy (including infective)","Intervertebral disc disorders with myelopathy, lumbar region","Spondylo(arthro)pathy","MSK",NA
"Spondylopathies/spondyloarthropathy (including infective)","Intervertebral disc disorders with radiculopathy, lumbar region","Spondylo(arthro)pathy","MSK",NA
"Spondylopathies/spondyloarthropathy (including infective)","Intervertebral disc disorders with radiculopathy, lumbosacral region","Spondylo(arthro)pathy","MSK",NA
"Spondylopathies/spondyloarthropathy (including infective)","Intervertebral disc disorders with radiculopathy, thoracic region","Spondylo(arthro)pathy","MSK",NA
"Spondylopathies/spondyloarthropathy (including infective)","Intervertebral disc disorders with radiculopathy, thoracolumbar region","Spondylo(arthro)pathy","MSK",NA
"Spondylopathies/spondyloarthropathy (including infective)","Lumbago with sciatica, left side","Spondylo(arthro)pathy","MSK",NA
"Spondylopathies/spondyloarthropathy (including infective)","Lumbago with sciatica, right side","Spondylo(arthro)pathy","MSK",NA
"Spondylopathies/spondyloarthropathy (including infective)","Lumbago with sciatica, unspecified side","Spondylo(arthro)pathy","MSK",NA
"Spondylopathies/spondyloarthropathy (including infective)","Other cervical disc degeneration, high cervical region","Spondylo(arthro)pathy","MSK",NA
"Spondylopathies/spondyloarthropathy (including infective)","Other cervical disc degeneration, unspecified cervical region","Spondylo(arthro)pathy","MSK",NA
"Spondylopathies/spondyloarthropathy (including infective)","Other cervical disc displacement, high cervical region","Spondylo(arthro)pathy","MSK",NA
"Spondylopathies/spondyloarthropathy (including infective)","Other cervical disc displacement, unspecified cervical region","Spondylo(arthro)pathy","MSK",NA
"Spondylopathies/spondyloarthropathy (including infective)","Other intervertebral disc degeneration, lumbar region","Spondylo(arthro)pathy","MSK",NA
"Spondylopathies/spondyloarthropathy (including infective)","Other intervertebral disc degeneration, lumbosacral region","Spondylo(arthro)pathy","MSK",NA
"Spondylopathies/spondyloarthropathy (including infective)","Other intervertebral disc degeneration, thoracic region","Spondylo(arthro)pathy","MSK",NA
"Spondylopathies/spondyloarthropathy (including infective)","Other intervertebral disc degeneration, thoracolumbar region","Spondylo(arthro)pathy","MSK",NA
"Spondylopathies/spondyloarthropathy (including infective)","Other intervertebral disc disorders, lumbar region","Spondylo(arthro)pathy","MSK",NA
"Spondylopathies/spondyloarthropathy (including infective)","Other intervertebral disc displacement, lumbar region","Spondylo(arthro)pathy","MSK",NA
"Spondylopathies/spondyloarthropathy (including infective)","Other intervertebral disc displacement, lumbosacral region","Spondylo(arthro)pathy","MSK",NA
"Spondylopathies/spondyloarthropathy (including infective)","Other intervertebral disc displacement, thoracic region","Spondylo(arthro)pathy","MSK",NA
"Spondylopathies/spondyloarthropathy (including infective)","Other specified dorsopathies, cervical region","Spondylo(arthro)pathy","MSK",NA
"Spondylopathies/spondyloarthropathy (including infective)","Other specified dorsopathies, lumbar region","Spondylo(arthro)pathy","MSK",NA
"Spondylopathies/spondyloarthropathy (including infective)","Other specified dorsopathies, lumbosacral region","Spondylo(arthro)pathy","MSK",NA
"Spondylopathies/spondyloarthropathy (including infective)","Other spondylosis with myelopathy, cervical region","Spondylo(arthro)pathy","MSK",NA
"Spondylopathies/spondyloarthropathy (including infective)","Other spondylosis with myelopathy, cervicothoracic region","Spondylo(arthro)pathy","MSK",NA
"Spondylopathies/spondyloarthropathy (including infective)","Other spondylosis with myelopathy, lumbar region","Spondylo(arthro)pathy","MSK",NA
"Spondylopathies/spondyloarthropathy (including infective)","Other spondylosis with radiculopathy, cervical region","Spondylo(arthro)pathy","MSK",NA
"Spondylopathies/spondyloarthropathy (including infective)","Other spondylosis with radiculopathy, cervicothoracic region","Spondylo(arthro)pathy","MSK",NA
"Spondylopathies/spondyloarthropathy (including infective)","Other spondylosis with radiculopathy, lumbar region","Spondylo(arthro)pathy","MSK",NA
"Spondylopathies/spondyloarthropathy (including infective)","Other spondylosis with radiculopathy, lumbosacral region","Spondylo(arthro)pathy","MSK",NA
"Spondylopathies/spondyloarthropathy (including infective)","Other spondylosis with radiculopathy, thoracic region","Spondylo(arthro)pathy","MSK",NA
"Spondylopathies/spondyloarthropathy (including infective)","Radiculopathy, cervical region","Spondylo(arthro)pathy","MSK",NA
"Spondylopathies/spondyloarthropathy (including infective)","Radiculopathy, lumbar region","Spondylo(arthro)pathy","MSK",NA
"Spondylopathies/spondyloarthropathy (including infective)","Radiculopathy, lumbosacral region","Spondylo(arthro)pathy","MSK",NA
"Spondylopathies/spondyloarthropathy (including infective)","Radiculopathy, occipito-atlanto-axial region","Spondylo(arthro)pathy","MSK",NA
"Spondylopathies/spondyloarthropathy (including infective)","Radiculopathy, sacral and sacrococcygeal region","Spondylo(arthro)pathy","MSK",NA
"Spondylopathies/spondyloarthropathy (including infective)","Radiculopathy, site unspecified","Spondylo(arthro)pathy","MSK",NA
"Spondylopathies/spondyloarthropathy (including infective)","Radiculopathy, thoracic region","Spondylo(arthro)pathy","MSK",NA
"Spondylopathies/spondyloarthropathy (including infective)","Sacrococcygeal disorders, not elsewhere classified","Spondylo(arthro)pathy","MSK",NA
"Spondylopathies/spondyloarthropathy (including infective)","Sacroiliitis, not elsewhere classified","Spondylo(arthro)pathy","MSK",NA
"Spondylopathies/spondyloarthropathy (including infective)","Sciatica, left side","Spondylo(arthro)pathy","MSK",NA
"Spondylopathies/spondyloarthropathy (including infective)","Sciatica, right side","Spondylo(arthro)pathy","MSK",NA
"Spondylopathies/spondyloarthropathy (including infective)","Sciatica, unspecified side","Spondylo(arthro)pathy","MSK",NA
"Spondylopathies/spondyloarthropathy (including infective)","Spinal instabilities, cervical region","Spondylo(arthro)pathy","MSK",NA
"Spondylopathies/spondyloarthropathy (including infective)","Spinal instabilities, lumbar region","Spondylo(arthro)pathy","MSK",NA
"Spondylopathies/spondyloarthropathy (including infective)","Spinal instabilities, sacral and sacrococcygeal region","Spondylo(arthro)pathy","MSK",NA
"Spondylopathies/spondyloarthropathy (including infective)","Spinal stenosis, cervical region","Spondylo(arthro)pathy","MSK",NA
"Spondylopathies/spondyloarthropathy (including infective)","Spinal stenosis, cervicothoracic region","Spondylo(arthro)pathy","MSK",NA
"Spondylopathies/spondyloarthropathy (including infective)","Spinal stenosis, lumbosacral region","Spondylo(arthro)pathy","MSK",NA
"Spondylopathies/spondyloarthropathy (including infective)","Spinal stenosis, site unspecified","Spondylo(arthro)pathy","MSK",NA
"Spondylopathies/spondyloarthropathy (including infective)","Spinal stenosis, thoracic region","Spondylo(arthro)pathy","MSK",NA
"Spondylopathies/spondyloarthropathy (including infective)","Spinal stenosis, thoracolumbar region","Spondylo(arthro)pathy","MSK",NA
"Spondylopathies/spondyloarthropathy (including infective)","Spondylolisthesis, cervical region","Spondylo(arthro)pathy","MSK",NA
"Spondylopathies/spondyloarthropathy (including infective)","Spondylolisthesis, lumbar region","Spondylo(arthro)pathy","MSK",NA
"Spondylopathies/spondyloarthropathy (including infective)","Spondylolisthesis, lumbosacral region","Spondylo(arthro)pathy","MSK",NA
"Spondylopathies/spondyloarthropathy (including infective)","Spondylolisthesis, site unspecified","Spondylo(arthro)pathy","MSK",NA
"Spondylopathies/spondyloarthropathy (including infective)","Spondylolysis, lumbar region","Spondylo(arthro)pathy","MSK",NA
"Spondylopathies/spondyloarthropathy (including infective)","Spondylosis without myelopathy or radiculopathy, cervical region","Spondylo(arthro)pathy","MSK",NA
"Spondylopathies/spondyloarthropathy (including infective)","Spondylosis without myelopathy or radiculopathy, lumbar region","Spondylo(arthro)pathy","MSK",NA
"Spondylopathies/spondyloarthropathy (including infective)","Spondylosis without myelopathy or radiculopathy, lumbosacral region","Spondylo(arthro)pathy","MSK",NA
"Spondylopathies/spondyloarthropathy (including infective)","Spondylosis without myelopathy or radiculopathy, sacral and sacrococcygeal region","Spondylo(arthro)pathy","MSK",NA
"Spondylopathies/spondyloarthropathy (including infective)","Spondylosis without myelopathy or radiculopathy, site unspecified","Spondylo(arthro)pathy","MSK",NA
"Spondylopathies/spondyloarthropathy (including infective)","Spondylosis without myelopathy or radiculopathy, thoracic region","Spondylo(arthro)pathy","MSK",NA
"Spondylopathies/spondyloarthropathy (including infective)","Spondylosis without myelopathy or radiculopathy, thoracolumbar region","Spondylo(arthro)pathy","MSK",NA
"Spondylopathies/spondyloarthropathy (including infective)","Spondylosis, unspecified","Spondylo(arthro)pathy","MSK",NA
"Spondylopathies/spondyloarthropathy (including infective)","Torticollis","Spondylo(arthro)pathy","MSK",NA
"Spondylopathies/spondyloarthropathy (including infective)","Unspecified inflammatory spondylopathy, cervical region","Spondylo(arthro)pathy","MSK",NA
"Spondylopathies/spondyloarthropathy (including infective)","Unspecified inflammatory spondylopathy, lumbar region","Spondylo(arthro)pathy","MSK",NA
"Spondylopathies/spondyloarthropathy (including infective)","Unspecified inflammatory spondylopathy, lumbosacral region","Spondylo(arthro)pathy","MSK",NA
"Spondylopathies/spondyloarthropathy (including infective)","Unspecified thoracic, thoracolumbar and lumbosacral intervertebral disc disorder","Spondylo(arthro)pathy","MSK",NA
"Abnormal findings without diagnosis","Abnormal cytological findings in cerebrospinal fluid","Abnormal Labs/Tests","Neurology",NA
"Abnormal findings without diagnosis","Abnormal electroencephalogram [EEG]","Abnormal Labs/Tests","Neurology",NA
"Abnormal findings without diagnosis","Other abnormal findings on diagnostic imaging of central nervous system","Abnormal Labs/Tests","Neurology",NA
"Abnormal findings without diagnosis","White matter disease, unspecified","Abnormal Labs/Tests","Neurology",NA
"Diabetes mellitus, Type 2","Type 2 diabetes mellitus with other diabetic neurological complication","Diabetic Neuropathy","Neurology",NA
"Diabetes mellitus; nerve","Diabetes mellitus due to underlying condition with diabetic neuropathy, unspecified","Diabetic Neuropathy","Neurology",NA
"Diabetes mellitus; nerve","Drug or chemical induced diabetes mellitus with neurological complications with diabetic neuropathy, unspecified","Diabetic Neuropathy","Neurology",NA
"Diabetes mellitus; nerve","Other specified diabetes mellitus with diabetic autonomic (poly)neuropathy","Diabetic Neuropathy","Neurology",NA
"Diabetes mellitus; nerve","Other specified diabetes mellitus with diabetic polyneuropathy","Diabetic Neuropathy","Neurology",NA
"Diabetes mellitus; nerve","Type 1 diabetes mellitus with diabetic neuropathy, unspecified","Diabetic Neuropathy","Neurology",NA
"Diabetes mellitus; nerve","Type 1 diabetes mellitus with diabetic polyneuropathy","Diabetic Neuropathy","Neurology",NA
"Diabetes mellitus; nerve","Type 2 diabetes mellitus with diabetic autonomic (poly)neuropathy","Diabetic Neuropathy","Neurology",NA
"Diabetes mellitus; nerve","Type 2 diabetes mellitus with diabetic neuropathy, unspecified","Diabetic Neuropathy","Neurology",NA
"Diabetes mellitus; nerve","Type 2 diabetes mellitus with diabetic polyneuropathy","Diabetic Neuropathy","Neurology",NA
"Headache; including migraine","Acute post-traumatic headache, intractable","Headache","Neurology",NA
"Headache; including migraine","Acute post-traumatic headache, not intractable","Headache","Neurology",NA
"Headache; including migraine","Chronic migraine without aura, intractable, with status migrainosus","Migraine","Neurology",NA
"Headache; including migraine","Chronic migraine without aura, intractable, without status migrainosus","Migraine","Neurology",NA
"Headache; including migraine","Chronic migraine without aura, not intractable, without status migrainosus","Migraine","Neurology",NA
"Headache; including migraine","Chronic paroxysmal hemicrania, not intractable","Headache","Neurology",NA
"Headache; including migraine","Chronic post-traumatic headache, not intractable","Headache","Neurology",NA
"Headache; including migraine","Chronic tension-type headache, not intractable","Headache","Neurology",NA
"Headache; including migraine","Cluster headache syndrome, unspecified, not intractable","Headache","Neurology",NA
"Headache; including migraine","Episodic cluster headache, intractable","Headache","Neurology",NA
"Headache; including migraine","Episodic cluster headache, not intractable","Headache","Neurology",NA
"Headache; including migraine","Episodic paroxysmal hemicrania, intractable","Headache","Neurology",NA
"Headache; including migraine","Episodic paroxysmal hemicrania, not intractable","Headache","Neurology",NA
"Headache; including migraine","Episodic tension-type headache, not intractable","Headache","Neurology",NA
"Headache; including migraine","Headache","Headache","Neurology",NA
"Headache; including migraine","Hemiplegic migraine, not intractable, without status migrainosus","Migraine","Neurology",NA
"Headache; including migraine","Hypnic headache","Headache","Neurology",NA
"Headache; including migraine","Menstrual migraine, not intractable, without status migrainosus","Migraine","Neurology",NA
"Headache; including migraine","Migraine with aura, intractable, with status migrainosus","Migraine","Neurology",NA
"Headache; including migraine","Migraine with aura, intractable, without status migrainosus","Migraine","Neurology",NA
"Headache; including migraine","Migraine with aura, not intractable, with status migrainosus","Migraine","Neurology",NA
"Headache; including migraine","Migraine with aura, not intractable, without status migrainosus","Migraine","Neurology",NA
"Headache; including migraine","Migraine without aura, intractable, without status migrainosus","Migraine","Neurology",NA
"Headache; including migraine","Migraine without aura, not intractable, with status migrainosus","Migraine","Neurology",NA
"Headache; including migraine","Migraine without aura, not intractable, without status migrainosus","Migraine","Neurology",NA
"Headache; including migraine","Migraine, unspecified, intractable, without status migrainosus","Migraine","Neurology",NA
"Headache; including migraine","Migraine, unspecified, not intractable, with status migrainosus","Migraine","Neurology",NA
"Headache; including migraine","Migraine, unspecified, not intractable, without status migrainosus","Migraine","Neurology",NA
"Headache; including migraine","New daily persistent headache (NDPH)","Headache","Neurology",NA
"Headache; including migraine","Ophthalmoplegic migraine, not intractable","Migraine","Neurology",NA
"Headache; including migraine","Other complicated headache syndrome","Headache","Neurology",NA
"Headache; including migraine","Other headache syndrome","Headache","Neurology",NA
"Headache; including migraine","Other migraine, intractable, without status migrainosus","Migraine","Neurology",NA
"Headache; including migraine","Other migraine, not intractable, without status migrainosus","Migraine","Neurology",NA
"Headache; including migraine","Periodic headache syndromes in child or adult, intractable","Headache","Neurology",NA
"Headache; including migraine","Periodic headache syndromes in child or adult, not intractable","Headache","Neurology",NA
"Headache; including migraine","Post-traumatic headache, unspecified, intractable","Headache","Neurology",NA
"Headache; including migraine","Post-traumatic headache, unspecified, not intractable","Headache","Neurology",NA
"Headache; including migraine","Short lasting unilateral neuralgiform headache with conjunctival injection and tearing (SUNCT), not intractable","Headache","Neurology",NA
"Headache; including migraine","Tension-type headache, unspecified, intractable","Headache","Neurology",NA
"Headache; including migraine","Tension-type headache, unspecified, not intractable","Headache","Neurology",NA
"Headache; including migraine","Vascular headache, not elsewhere classified","Headache","Neurology",NA
"Nervous system pain and pain syndromes","Acute pain due to trauma","Pain syndrome","Neurology",NA
"Nervous system pain and pain syndromes","Central pain syndrome","Pain syndrome","Neurology",NA
"Nervous system pain and pain syndromes","Chronic pain due to trauma","Pain syndrome","Neurology",NA
"Nervous system pain and pain syndromes","Chronic pain syndrome","Pain syndrome","Neurology",NA
"Nervous system pain and pain syndromes","Complex regional pain syndrome I of right lower limb","Pain syndrome","Neurology",NA
"Nervous system pain and pain syndromes","Horner's syndrome","Pain syndrome","Neurology",NA
"Nervous system pain and pain syndromes","Other acute postprocedural pain","Pain syndrome","Neurology",NA
"Nervous system pain and pain syndromes","Other chronic pain","Pain syndrome","Neurology",NA
"Nervous system pain and pain syndromes","Other chronic postprocedural pain","Pain syndrome","Neurology",NA
"Nervous system signs and symptoms","Abnormal reflex","Nervous system s/s","Neurology","Abnormal reflex"
"Nervous system signs and symptoms","Age-related cognitive decline","Nervous system s/s","Neurology","Abnormal Cognition"
"Nervous system signs and symptoms","Agnosia","Nervous system s/s","Neurology","Agnosia"
"Nervous system signs and symptoms","Altered mental status, unspecified","Nervous system s/s","Neurology","Abnormal Cognition"
"Nervous system signs and symptoms","Anosmia","Nervous system s/s","Neurology","Abnormal Smell/Taste"
"Nervous system signs and symptoms","Aphasia","Nervous system s/s","Neurology","Abnormal Speech"
"Nervous system signs and symptoms","Apraxia","Nervous system s/s","Neurology","Abnormal Speech"
"Nervous system signs and symptoms","Ataxia, unspecified","Nervous system s/s","Neurology","Abnormal Gait"
"Nervous system signs and symptoms","Ataxic gait","Nervous system s/s","Neurology","Abnormal Gait"
"Nervous system signs and symptoms","Attention and concentration deficit","Nervous system s/s","Neurology","Abnormal Cognition"
"Nervous system signs and symptoms","Cognitive communication deficit","Nervous system s/s","Neurology","Abnormal Cognition"
"Nervous system signs and symptoms","Coma scale, best motor response, abnormal flexion, 24 hours or more after hospital admission","Nervous system s/s","Neurology","Coma"
"Nervous system signs and symptoms","Coma scale, best motor response, obeys commands, at arrival to emergency department","Nervous system s/s","Neurology","Coma"
"Nervous system signs and symptoms","Coma scale, best motor response, obeys commands, at hospital admission","Nervous system s/s","Neurology","Coma"
"Nervous system signs and symptoms","Coma scale, best verbal response, oriented, 24 hours or more after hospital admission","Nervous system s/s","Neurology","Coma"
"Nervous system signs and symptoms","Coma scale, best verbal response, oriented, at arrival to emergency department","Nervous system s/s","Neurology","Coma"
"Nervous system signs and symptoms","Coma scale, best verbal response, oriented, at hospital admission","Nervous system s/s","Neurology","Coma"
"Nervous system signs and symptoms","Coma scale, eyes open, spontaneous, at arrival to emergency department","Nervous system s/s","Neurology","Coma"
"Nervous system signs and symptoms","Coma scale, eyes open, spontaneous, at hospital admission","Nervous system s/s","Neurology","Coma"
"Nervous system signs and symptoms","Coma scale, eyes open, to sound, 24 hours or more after hospital admission","Nervous system s/s","Neurology","Coma"
"Nervous system signs and symptoms","Difficulty in walking, not elsewhere classified","Nervous system s/s","Neurology","Abnormal Gait"
"Nervous system signs and symptoms","Disorientation, unspecified","Nervous system s/s","Neurology","Abnormal Cognition"
"Nervous system signs and symptoms","Dysarthria and anarthria","Nervous system s/s","Neurology","Abnormal Speech"
"Nervous system signs and symptoms","Dyslexia and alexia","Nervous system s/s","Neurology","Abnormal Speech"
"Nervous system signs and symptoms","Dysphasia","Nervous system s/s","Neurology","Abnormal Speech"
"Nervous system signs and symptoms","Facial weakness","Nervous system s/s","Neurology","Facial weakness"
"Nervous system signs and symptoms","Fasciculation","Nervous system s/s","Neurology","Fasciculation"
"Nervous system signs and symptoms","Frontal lobe and executive function deficit","Nervous system s/s","Neurology","Abnormal Cognition"
"Nervous system signs and symptoms","Functional quadriplegia","Nervous system s/s","Neurology","Abnormal Gait"
"Nervous system signs and symptoms","Neurologic neglect syndrome","Nervous system s/s","Neurology","Other"
"Nervous system signs and symptoms","Other abnormal involuntary movements","Nervous system s/s","Neurology","Abnormal Gait"
"Nervous system signs and symptoms","Other abnormalities of gait and mobility","Nervous system s/s","Neurology","Abnormal Gait"
"Nervous system signs and symptoms","Other amnesia","Nervous system s/s","Neurology","Amnesia"
"Nervous system signs and symptoms","Other disturbances of smell and taste","Nervous system s/s","Neurology","Abnormal Smell/Taste"
"Nervous system signs and symptoms","Other lack of coordination","Nervous system s/s","Neurology","Abnormal Gait"
"Nervous system signs and symptoms","Other speech disturbances","Nervous system s/s","Neurology","Abnormal Speech"
"Nervous system signs and symptoms","Other symptoms and signs involving cognitive functions and awareness","Nervous system s/s","Neurology","Abnormal Cognition"
"Nervous system signs and symptoms","Other symptoms and signs involving the nervous system","Nervous system s/s","Neurology","Other"
"Nervous system signs and symptoms","Parageusia","Nervous system s/s","Neurology","Abnormal Smell/Taste"
"Nervous system signs and symptoms","Paralytic gait","Nervous system s/s","Neurology","Abnormal Gait"
"Nervous system signs and symptoms","Parosmia","Nervous system s/s","Neurology","Abnormal Smell/Taste"
"Nervous system signs and symptoms","Slurred speech","Nervous system s/s","Neurology","Abnormal Speech"
"Nervous system signs and symptoms","Transient alteration of awareness","Nervous system s/s","Neurology","Abnormal Cognition"
"Nervous system signs and symptoms","Tremor, unspecified","Nervous system s/s","Neurology","Tremor"
"Nervous system signs and symptoms","Unspecified abnormal involuntary movements","Nervous system s/s","Neurology","Abnormal Gait"
"Nervous system signs and symptoms","Unspecified abnormalities of gait and mobility","Nervous system s/s","Neurology","Abnormal Gait"
"Nervous system signs and symptoms","Unspecified disturbances of smell and taste","Nervous system s/s","Neurology","Abnormal Smell/Taste"
"Nervous system signs and symptoms","Unspecified speech disturbances","Nervous system s/s","Neurology","Abnormal Speech"
"Nervous system signs and symptoms","Unspecified symptoms and signs involving cognitive functions and awareness","Nervous system s/s","Neurology","Abnormal Cognition"
"Nervous system signs and symptoms","Unspecified symptoms and signs involving the nervous system","Nervous system s/s","Neurology","Other"
"Nervous system signs and symptoms","Unsteadiness on feet","Nervous system s/s","Neurology","Abnormal Gait"
"Other nervous system disorders","Acute transverse myelitis in demyelinating disease of central nervous system","Nervous System Disorders","Neurology",NA
"Other nervous system disorders","Amyotrophic lateral sclerosis","Nervous System Disorders","Neurology",NA
"Other nervous system disorders","Benign intracranial hypertension","Nervous System Disorders","Neurology",NA
"Other nervous system disorders","Blepharospasm","Nervous System Disorders","Neurology",NA
"Other nervous system disorders","Carotid sinus syncope","Nervous System Disorders","Neurology",NA
"Other nervous system disorders","Cerebral cysts","Nervous System Disorders","Neurology",NA
"Other nervous system disorders","Cerebral edema","Nervous System Disorders","Neurology",NA
"Other nervous system disorders","Communicating hydrocephalus","Nervous System Disorders","Neurology",NA
"Other nervous system disorders","Compression of brain","Nervous System Disorders","Neurology",NA
"Other nervous system disorders","Conus medullaris syndrome","Nervous System Disorders","Neurology",NA
"Other nervous system disorders","Degenerative disease of nervous system, unspecified","Nervous System Disorders","Neurology",NA
"Other nervous system disorders","Demyelinating disease of central nervous system, unspecified","Nervous System Disorders","Neurology",NA
"Other nervous system disorders","Disease of spinal cord, unspecified","Nervous System Disorders","Neurology",NA
"Other nervous system disorders","Disorder of brain, unspecified","Nervous System Disorders","Neurology",NA
"Other nervous system disorders","Disorder of the autonomic nervous system, unspecified","Nervous System Disorders","Neurology",NA
"Other nervous system disorders","Dural tear","Nervous System Disorders","Neurology",NA
"Other nervous system disorders","Dystonia, unspecified","Nervous System Disorders","Neurology",NA
"Other nervous system disorders","Encephalopathy, unspecified","Nervous System Disorders","Neurology",NA
"Other nervous system disorders","Essential tremor","Nervous System Disorders","Neurology",NA
"Other nervous system disorders","Extrapyramidal and movement disorder, unspecified","Nervous System Disorders","Neurology",NA
"Other nervous system disorders","Familial dysautonomia [Riley-Day]","Nervous System Disorders","Neurology",NA
"Other nervous system disorders","Hydrocephalus, unspecified","Nervous System Disorders","Neurology",NA
"Other nervous system disorders","Idiopathic orofacial dystonia","Nervous System Disorders","Neurology",NA
"Other nervous system disorders","Influenza due to other identified influenza virus with encephalopathy","Nervous System Disorders","Neurology",NA
"Other nervous system disorders","Intracranial and intraspinal phlebitis and thrombophlebitis","Nervous System Disorders","Neurology",NA
"Other nervous system disorders","Metabolic encephalopathy","Nervous System Disorders","Neurology",NA
"Other nervous system disorders","Mild cognitive impairment of uncertain or unknown etiology","Nervous System Disorders","Neurology",NA
"Other nervous system disorders","Motor neuron disease, unspecified","Nervous System Disorders","Neurology",NA
"Other nervous system disorders","Multi-system degeneration of the autonomic nervous system","Nervous System Disorders","Neurology",NA
"Other nervous system disorders","Myelopathy in diseases classified elsewhere","Nervous System Disorders","Neurology",NA
"Other nervous system disorders","Myoclonus","Nervous System Disorders","Neurology",NA
"Other nervous system disorders","Neuromyelitis optica [Devic]","Nervous System Disorders","Neurology",NA
"Other nervous system disorders","Obstructive hydrocephalus","Nervous System Disorders","Neurology",NA
"Other nervous system disorders","Other cord compression","Nervous System Disorders","Neurology",NA
"Other nervous system disorders","Other disorders of autonomic nervous system","Nervous System Disorders","Neurology",NA
"Other nervous system disorders","Other disorders of peripheral nervous system","Nervous System Disorders","Neurology",NA
"Other nervous system disorders","Other encephalopathy","Nervous System Disorders","Neurology",NA
"Other nervous system disorders","Other idiopathic peripheral autonomic neuropathy","Nervous System Disorders","Neurology",NA
"Other nervous system disorders","Other specified diseases of spinal cord","Nervous System Disorders","Neurology",NA
"Other nervous system disorders","Other specified disorders of brain","Nervous System Disorders","Neurology",NA
"Other nervous system disorders","Other specified extrapyramidal and movement disorders","Nervous System Disorders","Neurology",NA
"Other nervous system disorders","Other specified forms of tremor","Nervous System Disorders","Neurology",NA
"Other nervous system disorders","Other vascular myelopathies","Nervous System Disorders","Neurology",NA
"Other nervous system disorders","Postviral fatigue syndrome","Nervous System Disorders","Neurology",NA
"Other nervous system disorders","Restless legs syndrome","Nervous System Disorders","Neurology",NA
"Other nervous system disorders","Spasmodic torticollis","Nervous System Disorders","Neurology",NA
"Other nervous system disorders","Spinal muscular atrophy, unspecified","Nervous System Disorders","Neurology",NA
"Other nervous system disorders","Syringomyelia and syringobulbia","Nervous System Disorders","Neurology",NA
"Other nervous system disorders","Temporal sclerosis","Nervous System Disorders","Neurology",NA
"Other nervous system disorders","Unspecified cord compression","Nervous System Disorders","Neurology",NA
"Polyneuropathies","Chronic inflammatory demyelinating polyneuritis","Polyneuropathies","Neurology",NA
"Polyneuropathies","Critical illness polyneuropathy","Polyneuropathies","Neurology",NA
"Polyneuropathies","Guillain-Barre syndrome","Polyneuropathies","Neurology",NA
"Polyneuropathies","Hereditary and idiopathic neuropathy, unspecified","Polyneuropathies","Neurology",NA
"Polyneuropathies","Hereditary motor and sensory neuropathy","Polyneuropathies","Neurology",NA
"Polyneuropathies","Idiopathic progressive neuropathy","Polyneuropathies","Neurology",NA
"Polyneuropathies","Inflammatory polyneuropathy, unspecified","Polyneuropathies","Neurology",NA
"Polyneuropathies","Other hereditary and idiopathic neuropathies","Polyneuropathies","Neurology",NA
"Polyneuropathies","Other specified polyneuropathies","Polyneuropathies","Neurology",NA
"Polyneuropathies","Polyneuropathy in diseases classified elsewhere","Polyneuropathies","Neurology",NA
"Polyneuropathies","Polyneuropathy, unspecified","Polyneuropathies","Neurology",NA
"Abnormal findings without diagnosis","Finding of other specified substances, not normally found in blood","Abnormal Labs/Tests","Psych",NA
"Anxiety and fear-related disorders","Agoraphobia with panic disorder","Anxiety/fear disorders","Psych",NA
"Anxiety and fear-related disorders","Anxiety disorder due to known physiological condition","Anxiety/fear disorders","Psych",NA
"Anxiety and fear-related disorders","Anxiety disorder, unspecified","Anxiety/fear disorders","Psych",NA
"Anxiety and fear-related disorders","Claustrophobia","Anxiety/fear disorders","Psych",NA
"Anxiety and fear-related disorders","Fear of flying","Anxiety/fear disorders","Psych",NA
"Anxiety and fear-related disorders","Generalized anxiety disorder","Anxiety/fear disorders","Psych",NA
"Anxiety and fear-related disorders","Other mixed anxiety disorders","Anxiety/fear disorders","Psych",NA
"Anxiety and fear-related disorders","Other psychoactive substance use, unspecified with psychoactive substance-induced anxiety disorder","Anxiety/fear disorders","Psych",NA
"Anxiety and fear-related disorders","Other specified anxiety disorders","Anxiety/fear disorders","Psych",NA
"Anxiety and fear-related disorders","Other specified phobia","Anxiety/fear disorders","Psych",NA
"Anxiety and fear-related disorders","Panic disorder [episodic paroxysmal anxiety]","Anxiety/fear disorders","Psych",NA
"Anxiety and fear-related disorders","Phobic anxiety disorder, unspecified","Anxiety/fear disorders","Psych",NA
"Anxiety and fear-related disorders","Selective mutism","Anxiety/fear disorders","Psych",NA
"Anxiety and fear-related disorders","Social phobia, generalized","Anxiety/fear disorders","Psych",NA
"Anxiety and fear-related disorders","Social phobia, unspecified","Anxiety/fear disorders","Psych",NA
"Depressive disorders","Dysthymic disorder","Depression","Psych",NA
"Depressive disorders","Major depressive disorder, recurrent severe without psychotic features","Depression","Psych",NA
"Depressive disorders","Major depressive disorder, recurrent, in partial remission","Depression","Psych",NA
"Depressive disorders","Major depressive disorder, recurrent, mild","Depression","Psych",NA
"Depressive disorders","Major depressive disorder, recurrent, moderate","Depression","Psych",NA
"Depressive disorders","Major depressive disorder, recurrent, severe with psychotic symptoms","Depression","Psych",NA
"Depressive disorders","Major depressive disorder, recurrent, unspecified","Depression","Psych",NA
"Depressive disorders","Major depressive disorder, single episode, in partial remission","Depression","Psych",NA
"Depressive disorders","Major depressive disorder, single episode, mild","Depression","Psych",NA
"Depressive disorders","Major depressive disorder, single episode, moderate","Depression","Psych",NA
"Depressive disorders","Major depressive disorder, single episode, severe with psychotic features","Depression","Psych",NA
"Depressive disorders","Major depressive disorder, single episode, severe without psychotic features","Depression","Psych",NA
"Depressive disorders","Major depressive disorder, single episode, unspecified","Depression","Psych",NA
"Depressive disorders","Mood disorder due to known physiological condition with depressive features","Depression","Psych",NA
"Depressive disorders","Mood disorder due to known physiological condition with mixed features","Depression","Psych",NA
"Depressive disorders","Other recurrent depressive disorders","Depression","Psych",NA
"General sensation/perception signs and symptoms","Auditory hallucinations","Hallucinations","Psych",NA
"General sensation/perception signs and symptoms","Hallucinations, unspecified","Hallucinations","Psych",NA
"General sensation/perception signs and symptoms","Other hallucinations","Hallucinations","Psych",NA
"General sensation/perception signs and symptoms","Visual hallucinations","Hallucinations","Psych",NA
"Other specified and unspecified mood disorders","Mood disorder due to known physiological condition, unspecified","Mood disorder","Psych",NA
"Other specified and unspecified mood disorders","Persistent mood [affective] disorder, unspecified","Mood disorder","Psych",NA
"Other specified and unspecified mood disorders","Unspecified mood [affective] disorder","Mood disorder","Psych",NA
"Suicidal ideation/attempt/intentional self-harm","Suicidal ideations","Suicidal ideations","Psych",NA
"Symptoms of mental and substance use conditions","Anhedonia","Mental s/s","Psych",NA
"Symptoms of mental and substance use conditions","Demoralization and apathy","Mental s/s","Psych",NA
"Symptoms of mental and substance use conditions","Emotional lability","Mental s/s","Psych",NA
"Symptoms of mental and substance use conditions","Homicidal ideations","Mental s/s","Psych",NA
"Symptoms of mental and substance use conditions","Impulsiveness","Mental s/s","Psych",NA
"Symptoms of mental and substance use conditions","Irritability and anger","Mental s/s","Psych",NA
"Symptoms of mental and substance use conditions","Low self-esteem","Mental s/s","Psych",NA
"Symptoms of mental and substance use conditions","Nervousness","Mental s/s","Psych",NA
"Symptoms of mental and substance use conditions","Other symptoms and signs involving appearance and behavior","Mental s/s","Psych",NA
"Symptoms of mental and substance use conditions","Other symptoms and signs involving emotional state","Mental s/s","Psych",NA
"Symptoms of mental and substance use conditions","Restlessness and agitation","Mental s/s","Psych",NA
"Symptoms of mental and substance use conditions","Strange and inexplicable behavior","Mental s/s","Psych",NA
"Symptoms of mental and substance use conditions","Violent behavior","Mental s/s","Psych",NA
"Abnormal findings without diagnosis","Abnormal results of kidney function studies","Abnormal Labs/Tests","Renal/GU",NA
"Abnormal findings without diagnosis","Glycosuria","Abnormal Labs/Tests","Renal/GU",NA
"Acute and unspecified renal failure","Acute kidney failure with medullary necrosis","Acute and unspecified renal failure","Renal/GU",NA
"Acute and unspecified renal failure","Acute kidney failure with tubular necrosis","Acute and unspecified renal failure","Renal/GU",NA
"Acute and unspecified renal failure","Acute kidney failure, unspecified","Acute and unspecified renal failure","Renal/GU",NA
"Diabetes mellitus, Type 2","Type 2 diabetes mellitus with other diabetic kidney complication","Diabetes mellitus","Renal/GU",NA
"Diabetes mellitus; nerve","Type 1 diabetes mellitus with diabetic autonomic (poly)neuropathy","Diabetes mellitus","Renal/GU",NA
"Diabetes mellitus; renal complication","Diabetes mellitus due to underlying condition with diabetic chronic kidney disease","Diabetes mellitus","Renal/GU",NA
"Diabetes mellitus; renal complication","Drug or chemical induced diabetes mellitus with diabetic nephropathy","Diabetes mellitus","Renal/GU",NA
"Diabetes mellitus; renal complication","Type 1 diabetes mellitus with diabetic chronic kidney disease","Diabetes mellitus","Renal/GU",NA
"Diabetes mellitus; renal complication","Type 1 diabetes mellitus with diabetic nephropathy","Diabetes mellitus","Renal/GU",NA
"Diabetes mellitus; renal complication","Type 2 diabetes mellitus with diabetic chronic kidney disease","Diabetes mellitus","Renal/GU",NA
"Diabetes mellitus; renal complication","Type 2 diabetes mellitus with diabetic nephropathy","Diabetes mellitus","Renal/GU",NA
"Genitourinary signs and symptoms","Anuria and oliguria","Genitourinary s/s","Renal/GU","Other"
"Genitourinary signs and symptoms","Biliuria","Genitourinary s/s","Renal/GU","Other"
"Genitourinary signs and symptoms","Disorder of urinary system, unspecified","Genitourinary s/s","Renal/GU","Other"
"Genitourinary signs and symptoms","Dysuria","Genitourinary s/s","Renal/GU","Dysuria"
"Genitourinary signs and symptoms","Elevated urine levels of drugs, medicaments and biological substances","Genitourinary s/s","Renal/GU","Other"
"Genitourinary signs and symptoms","Extravasation of urine","Genitourinary s/s","Renal/GU","Other"
"Genitourinary signs and symptoms","Feeling of incomplete bladder emptying","Genitourinary s/s","Renal/GU","Urinary Retention"
"Genitourinary signs and symptoms","Frequency of micturition","Genitourinary s/s","Renal/GU","Frequency of micturition"
"Genitourinary signs and symptoms","Hematospermia","Genitourinary s/s","Renal/GU","Other"
"Genitourinary signs and symptoms","Hesitancy of micturition","Genitourinary s/s","Renal/GU","Other"
"Genitourinary signs and symptoms","Nocturia","Genitourinary s/s","Renal/GU","Nocturia"
"Genitourinary signs and symptoms","Other polyuria","Genitourinary s/s","Renal/GU","Other"
"Genitourinary signs and symptoms","Other retention of urine","Genitourinary s/s","Renal/GU","Urinary Retention"
"Genitourinary signs and symptoms","Other specified disorders of urinary system","Genitourinary s/s","Renal/GU","Other"
"Genitourinary signs and symptoms","Other symptoms and signs involving the genitourinary system","Genitourinary s/s","Renal/GU","Other"
"Genitourinary signs and symptoms","Painful micturition, unspecified","Genitourinary s/s","Renal/GU","Other"
"Genitourinary signs and symptoms","Poor urinary stream","Genitourinary s/s","Renal/GU","Other"
"Genitourinary signs and symptoms","Retention of urine, unspecified","Genitourinary s/s","Renal/GU","Urinary Retention"
"Genitourinary signs and symptoms","Splitting of urinary stream","Genitourinary s/s","Renal/GU","Other"
"Genitourinary signs and symptoms","Straining to void","Genitourinary s/s","Renal/GU","Other"
"Genitourinary signs and symptoms","Unspecified abnormal findings in urine","Abnormal Labs/Tests","Renal/GU",NA
"Genitourinary signs and symptoms","Unspecified symptoms and signs involving the genitourinary system","Genitourinary s/s","Renal/GU","Other"
"Genitourinary signs and symptoms","Urethral discharge, unspecified","Genitourinary s/s","Renal/GU","Other"
"Genitourinary signs and symptoms","Urgency of urination","Genitourinary s/s","Renal/GU","Urgency"
"Hematuria","Benign essential microscopic hematuria","Hematuria","Renal/GU",NA
"Hematuria","Gross hematuria","Hematuria","Renal/GU",NA
"Hematuria","Hematuria, unspecified","Hematuria","Renal/GU",NA
"Other specified and unspecified diseases of kidney and ureters","Atrophy of kidney (terminal)","Kidney/Ureters disorder","Renal/GU",NA
"Other specified and unspecified diseases of kidney and ureters","Crossing vessel and stricture of ureter without hydronephrosis","Kidney/Ureters disorder","Renal/GU",NA
"Other specified and unspecified diseases of kidney and ureters","Cyst of kidney, acquired","Kidney/Ureters disorder","Renal/GU",NA
"Other specified and unspecified diseases of kidney and ureters","Disorder of kidney and ureter, unspecified","Kidney/Ureters disorder","Renal/GU",NA
"Other specified and unspecified diseases of kidney and ureters","Hydronephrosis with ureteral stricture, not elsewhere classified","Kidney/Ureters disorder","Renal/GU",NA
"Other specified and unspecified diseases of kidney and ureters","Hydroureter","Kidney/Ureters disorder","Renal/GU",NA
"Other specified and unspecified diseases of kidney and ureters","Ischemia and infarction of kidney","Kidney/Ureters disorder","Renal/GU",NA
"Other specified and unspecified diseases of kidney and ureters","Nephrogenic diabetes insipidus","Kidney/Ureters disorder","Renal/GU",NA
"Other specified and unspecified diseases of kidney and ureters","Obstructive and reflux uropathy, unspecified","Kidney/Ureters disorder","Renal/GU",NA
"Other specified and unspecified diseases of kidney and ureters","Other disorders resulting from impaired renal tubular function","Kidney/Ureters disorder","Renal/GU",NA
"Other specified and unspecified diseases of kidney and ureters","Other hydronephrosis","Kidney/Ureters disorder","Renal/GU",NA
"Other specified and unspecified diseases of kidney and ureters","Other obstructive and reflux uropathy","Kidney/Ureters disorder","Renal/GU",NA
"Other specified and unspecified diseases of kidney and ureters","Other specified disorders of kidney and ureter","Kidney/Ureters disorder","Renal/GU",NA
"Other specified and unspecified diseases of kidney and ureters","Secondary hyperparathyroidism of renal origin","Kidney/Ureters disorder","Renal/GU",NA
"Other specified and unspecified diseases of kidney and ureters","Tuberculosis of kidney and ureter","Kidney/Ureters disorder","Renal/GU",NA
"Other specified and unspecified diseases of kidney and ureters","Unspecified hydronephrosis","Kidney/Ureters disorder","Renal/GU",NA
"Other specified and unspecified diseases of kidney and ureters","Unspecified renal colic","Kidney/Ureters disorder","Renal/GU",NA
"Proteinuria","Persistent proteinuria, unspecified","Proteinuria","Renal/GU",NA
"Proteinuria","Proteinuria, unspecified","Proteinuria","Renal/GU",NA
"Urinary tract infections","Acute cystitis with hematuria","UTI","Renal/GU",NA
"Urinary tract infections","Acute cystitis without hematuria","UTI","Renal/GU",NA
"Urinary tract infections","Acute pyelonephritis","UTI","Renal/GU",NA
"Urinary tract infections","Candidal cystitis and urethritis","UTI","Renal/GU",NA
"Urinary tract infections","Chronic obstructive pyelonephritis","UTI","Renal/GU",NA
"Urinary tract infections","Chronic tubulo-interstitial nephritis, unspecified","UTI","Renal/GU",NA
"Urinary tract infections","Cystitis, unspecified with hematuria","UTI","Renal/GU",NA
"Urinary tract infections","Cystitis, unspecified without hematuria","UTI","Renal/GU",NA
"Urinary tract infections","Infections of bladder in pregnancy, second trimester","UTI","Renal/GU",NA
"Urinary tract infections","Infections of kidney in pregnancy, third trimester","UTI","Renal/GU",NA
"Urinary tract infections","Infections of kidney in pregnancy, unspecified trimester","UTI","Renal/GU",NA
"Urinary tract infections","Interstitial cystitis (chronic) without hematuria","UTI","Renal/GU",NA
"Urinary tract infections","Irradiation cystitis without hematuria","UTI","Renal/GU",NA
"Urinary tract infections","Other chronic cystitis without hematuria","UTI","Renal/GU",NA
"Urinary tract infections","Other urethritis","UTI","Renal/GU",NA
"Urinary tract infections","Other urogenital candidiasis","UTI","Renal/GU",NA
"Urinary tract infections","Pyonephrosis","UTI","Renal/GU",NA
"Urinary tract infections","Tubulo-interstitial nephritis, not specified as acute or chronic","UTI","Renal/GU",NA
"Urinary tract infections","Unspecified infection of urinary tract in pregnancy, first trimester","UTI","Renal/GU",NA
"Urinary tract infections","Unspecified infection of urinary tract in pregnancy, second trimester","UTI","Renal/GU",NA
"Urinary tract infections","Unspecified infection of urinary tract in pregnancy, third trimester","UTI","Renal/GU",NA
"Urinary tract infections","Unspecified infection of urinary tract in pregnancy, unspecified trimester","UTI","Renal/GU",NA
"Urinary tract infections","Urinary tract infection following delivery, unspecified","UTI","Renal/GU",NA
"Urinary tract infections","Urinary tract infection, site not specified","UTI","Renal/GU",NA
"Abnormal findings without diagnosis","Abnormal cytological findings in specimens from respiratory organs and thorax","Abnormal Labs/Tests","Respiratory",NA
"Abnormal findings without diagnosis","Abnormal microbiological findings in specimens from respiratory organs and thorax","Abnormal Labs/Tests","Respiratory",NA
"Abnormal findings without diagnosis","Abnormal results of pulmonary function studies","Abnormal Labs/Tests","Respiratory",NA
"Abnormal findings without diagnosis","Other abnormal findings in specimens from respiratory organs and thorax","Abnormal Labs/Tests","Respiratory",NA
"Abnormal findings without diagnosis","Other nonspecific abnormal finding of lung field","Abnormal Labs/Tests","Respiratory",NA
"Abnormal findings without diagnosis","Solitary pulmonary nodule","Abnormal Labs/Tests","Respiratory",NA
"Acute pulmonary embolism","Other pulmonary embolism with acute cor pulmonale","Acute PE","Respiratory",NA
"Acute pulmonary embolism","Other pulmonary embolism without acute cor pulmonale","Acute PE","Respiratory",NA
"Acute pulmonary embolism","Saddle embolus of pulmonary artery with acute cor pulmonale","Acute PE","Respiratory",NA
"Acute pulmonary embolism","Saddle embolus of pulmonary artery without acute cor pulmonale","Acute PE","Respiratory",NA
"Acute pulmonary embolism","Septic pulmonary embolism without acute cor pulmonale","Acute PE","Respiratory",NA
"Chronic obstructive pulmonary disease and bronchiectasis","Bronchiectasis with (acute) exacerbation","COPD/bronchiectasis","Respiratory",NA
"Chronic obstructive pulmonary disease and bronchiectasis","Bronchiectasis with acute lower respiratory infection","COPD/bronchiectasis","Respiratory",NA
"Chronic obstructive pulmonary disease and bronchiectasis","Bronchiectasis, uncomplicated","COPD/bronchiectasis","Respiratory",NA
"Chronic obstructive pulmonary disease and bronchiectasis","Centrilobular emphysema","COPD/bronchiectasis","Respiratory",NA
"Chronic obstructive pulmonary disease and bronchiectasis","Chronic obstructive pulmonary disease with (acute) exacerbation","COPD/bronchiectasis","Respiratory",NA
"Chronic obstructive pulmonary disease and bronchiectasis","Chronic obstructive pulmonary disease with (acute) lower respiratory infection","COPD/bronchiectasis","Respiratory",NA
"Chronic obstructive pulmonary disease and bronchiectasis","Chronic obstructive pulmonary disease, unspecified","COPD/bronchiectasis","Respiratory",NA
"Chronic obstructive pulmonary disease and bronchiectasis","Emphysema, unspecified","COPD/bronchiectasis","Respiratory",NA
"Chronic obstructive pulmonary disease and bronchiectasis","Mucopurulent chronic bronchitis","COPD/bronchiectasis","Respiratory",NA
"Chronic obstructive pulmonary disease and bronchiectasis","Other emphysema","COPD/bronchiectasis","Respiratory",NA
"Chronic obstructive pulmonary disease and bronchiectasis","Panlobular emphysema","COPD/bronchiectasis","Respiratory",NA
"Chronic obstructive pulmonary disease and bronchiectasis","Simple chronic bronchitis","COPD/bronchiectasis","Respiratory",NA
"Chronic obstructive pulmonary disease and bronchiectasis","Unspecified chronic bronchitis","COPD/bronchiectasis","Respiratory",NA
"Other specified and unspecified lower respiratory disease","Abscess of lung without pneumonia","Lower respiratory disease","Respiratory",NA
"Other specified and unspecified lower respiratory disease","Acute bronchospasm","Lower respiratory disease","Respiratory",NA
"Other specified and unspecified lower respiratory disease","Acute pulmonary edema","Lower respiratory disease","Respiratory",NA
"Other specified and unspecified lower respiratory disease","Chronic pulmonary edema","Lower respiratory disease","Respiratory",NA
"Other specified and unspecified lower respiratory disease","Cryptogenic organizing pneumonia","Lower respiratory disease","Respiratory",NA
"Other specified and unspecified lower respiratory disease","Disorders of diaphragm","Lower respiratory disease","Respiratory",NA
"Other specified and unspecified lower respiratory disease","Idiopathic interstitial pneumonia, not otherwise specified","Lower respiratory disease","Respiratory",NA
"Other specified and unspecified lower respiratory disease","Idiopathic pulmonary fibrosis","Lower respiratory disease","Respiratory",NA
"Other specified and unspecified lower respiratory disease","Interstitial pulmonary disease, unspecified","Lower respiratory disease","Respiratory",NA
"Other specified and unspecified lower respiratory disease","Other alveolar and parieto-alveolar conditions","Lower respiratory disease","Respiratory",NA
"Other specified and unspecified lower respiratory disease","Other diseases of bronchus, not elsewhere classified","Lower respiratory disease","Respiratory",NA
"Other specified and unspecified lower respiratory disease","Other disorders of lung","Lower respiratory disease","Respiratory",NA
"Other specified and unspecified lower respiratory disease","Other specified interstitial pulmonary diseases","Lower respiratory disease","Respiratory",NA
"Other specified and unspecified lower respiratory disease","Other specified respiratory disorders","Lower respiratory disease","Respiratory",NA
"Other specified and unspecified lower respiratory disease","Pulmonary fibrosis, unspecified","Lower respiratory disease","Respiratory",NA
"Other specified and unspecified lower respiratory disease","Respiratory disorder, unspecified","Lower respiratory disease","Respiratory",NA
"Other specified and unspecified lower respiratory disease","Respiratory disorders in diseases classified elsewhere","Lower respiratory disease","Respiratory",NA
"Other specified and unspecified lower respiratory disease","Unspecified acute lower respiratory infection","Lower respiratory disease","Respiratory",NA
"Other specified and unspecified upper respiratory disease","Abscess, furuncle and carbuncle of nose","Upper respiratory disease","Respiratory",NA
"Other specified and unspecified upper respiratory disease","Chronic laryngitis","Upper respiratory disease","Respiratory",NA
"Other specified and unspecified upper respiratory disease","Chronic nasopharyngitis","Upper respiratory disease","Respiratory",NA
"Other specified and unspecified upper respiratory disease","Chronic pharyngitis","Upper respiratory disease","Respiratory",NA
"Other specified and unspecified upper respiratory disease","Chronic rhinitis","Upper respiratory disease","Respiratory",NA
"Other specified and unspecified upper respiratory disease","Cyst and mucocele of nose and nasal sinus","Upper respiratory disease","Respiratory",NA
"Other specified and unspecified upper respiratory disease","Deviated nasal septum","Upper respiratory disease","Respiratory",NA
"Other specified and unspecified upper respiratory disease","Disease of upper respiratory tract, unspecified","Upper respiratory disease","Respiratory",NA
"Other specified and unspecified upper respiratory disease","Edema of larynx","Upper respiratory disease","Respiratory",NA
"Other specified and unspecified upper respiratory disease","Hypertrophy of nasal turbinates","Upper respiratory disease","Respiratory",NA
"Other specified and unspecified upper respiratory disease","Laryngeal spasm","Upper respiratory disease","Respiratory",NA
"Other specified and unspecified upper respiratory disease","Nasal polyp, unspecified","Upper respiratory disease","Respiratory",NA
"Other specified and unspecified upper respiratory disease","Nodules of vocal cords","Upper respiratory disease","Respiratory",NA
"Other specified and unspecified upper respiratory disease","Other diseases of larynx","Upper respiratory disease","Respiratory",NA
"Other specified and unspecified upper respiratory disease","Other diseases of pharynx","Upper respiratory disease","Respiratory",NA
"Other specified and unspecified upper respiratory disease","Other diseases of vocal cords","Upper respiratory disease","Respiratory",NA
"Other specified and unspecified upper respiratory disease","Other polyp of sinus","Upper respiratory disease","Respiratory",NA
"Other specified and unspecified upper respiratory disease","Other specified diseases of upper respiratory tract","Upper respiratory disease","Respiratory",NA
"Other specified and unspecified upper respiratory disease","Other specified disorders of nose and nasal sinuses","Upper respiratory disease","Respiratory",NA
"Other specified and unspecified upper respiratory disease","Paralysis of vocal cords and larynx, bilateral","Upper respiratory disease","Respiratory",NA
"Other specified and unspecified upper respiratory disease","Paralysis of vocal cords and larynx, unilateral","Upper respiratory disease","Respiratory",NA
"Other specified and unspecified upper respiratory disease","Paralysis of vocal cords and larynx, unspecified","Upper respiratory disease","Respiratory",NA
"Other specified and unspecified upper respiratory disease","Polyp of nasal cavity","Upper respiratory disease","Respiratory",NA
"Other specified and unspecified upper respiratory disease","Polyp of vocal cord and larynx","Upper respiratory disease","Respiratory",NA
"Other specified and unspecified upper respiratory disease","Stenosis of larynx","Upper respiratory disease","Respiratory",NA
"Other specified and unspecified upper respiratory disease","Unspecified disorder of nose and nasal sinuses","Upper respiratory disease","Respiratory",NA
"Other specified and unspecified upper respiratory disease","Vasomotor rhinitis","Upper respiratory disease","Respiratory",NA
"Pleurisy, pleural effusion and pulmonary collapse","Atelectasis","Atelectasis","Respiratory",NA
"Pleurisy, pleural effusion and pulmonary collapse","Hemothorax","Pulmonary collapse","Respiratory",NA
"Pleurisy, pleural effusion and pulmonary collapse","Interstitial emphysema","Pulmonary collapse","Respiratory",NA
"Pleurisy, pleural effusion and pulmonary collapse","Other pulmonary collapse","Pulmonary collapse","Respiratory",NA
"Pleurisy, pleural effusion and pulmonary collapse","Other specified pleural conditions","Pleural condition","Respiratory",NA
"Pleurisy, pleural effusion and pulmonary collapse","Pleural condition, unspecified","Pleural condition","Respiratory",NA
"Pleurisy, pleural effusion and pulmonary collapse","Pleural effusion in other conditions classified elsewhere","Pleural effusion","Respiratory",NA
"Pleurisy, pleural effusion and pulmonary collapse","Pleural effusion, not elsewhere classified","Pleural effusion","Respiratory",NA
"Pleurisy, pleural effusion and pulmonary collapse","Pleural plaque without asbestos","Pleural condition","Respiratory",NA
"Pleurisy, pleural effusion and pulmonary collapse","Pleurisy","Pleural condition","Respiratory",NA
"Pleurisy, pleural effusion and pulmonary collapse","Pyothorax with fistula","Pleural condition","Respiratory",NA
"Pleurisy, pleural effusion and pulmonary collapse","Pyothorax without fistula","Pleural condition","Respiratory",NA
"Pneumonia (except that caused by tuberculosis)","Abscess of lung with pneumonia","Pneumonia","Respiratory",NA
"Pneumonia (except that caused by tuberculosis)","Bronchopneumonia, unspecified organism","Pneumonia","Respiratory",NA
"Pneumonia (except that caused by tuberculosis)","Influenza due to other identified influenza virus with other specified pneumonia","Pneumonia","Respiratory",NA
"Pneumonia (except that caused by tuberculosis)","Influenza due to unidentified influenza virus with unspecified type of pneumonia","Pneumonia","Respiratory",NA
"Pneumonia (except that caused by tuberculosis)","Legionnaires' disease","Pneumonia","Respiratory",NA
"Pneumonia (except that caused by tuberculosis)","Lobar pneumonia, unspecified organism","Pneumonia","Respiratory",NA
"Pneumonia (except that caused by tuberculosis)","Other pneumonia, unspecified organism","Pneumonia","Respiratory",NA
"Pneumonia (except that caused by tuberculosis)","Pneumonia due to Hemophilus influenzae","Pneumonia","Respiratory",NA
"Pneumonia (except that caused by tuberculosis)","Pneumonia due to Klebsiella pneumoniae","Pneumonia","Respiratory",NA
"Pneumonia (except that caused by tuberculosis)","Pneumonia due to Methicillin resistant Staphylococcus aureus","Pneumonia","Respiratory",NA
"Pneumonia (except that caused by tuberculosis)","Pneumonia due to Methicillin susceptible Staphylococcus aureus","Pneumonia","Respiratory",NA
"Pneumonia (except that caused by tuberculosis)","Pneumonia due to Mycoplasma pneumoniae","Pneumonia","Respiratory",NA
"Pneumonia (except that caused by tuberculosis)","Pneumonia due to Pseudomonas","Pneumonia","Respiratory",NA
"Pneumonia (except that caused by tuberculosis)","Pneumonia due to Streptococcus pneumoniae","Pneumonia","Respiratory",NA
"Pneumonia (except that caused by tuberculosis)","Pneumonia due to other Gram-negative bacteria","Pneumonia","Respiratory",NA
"Pneumonia (except that caused by tuberculosis)","Pneumonia due to other specified bacteria","Pneumonia","Respiratory",NA
"Pneumonia (except that caused by tuberculosis)","Pneumonia due to other specified infectious organisms","Pneumonia","Respiratory",NA
"Pneumonia (except that caused by tuberculosis)","Pneumonia due to other staphylococcus","Pneumonia","Respiratory",NA
"Pneumonia (except that caused by tuberculosis)","Pneumonia in diseases classified elsewhere","Pneumonia","Respiratory",NA
"Pneumonia (except that caused by tuberculosis)","Pneumonia, unspecified organism","Pneumonia","Respiratory",NA
"Pneumonia (except that caused by tuberculosis)","Pulmonary mycobacterial infection","Pneumonia","Respiratory",NA
"Pneumonia (except that caused by tuberculosis)","Unspecified bacterial pneumonia","Pneumonia","Respiratory",NA
"Pneumonia (except that caused by tuberculosis)","Ventilator associated pneumonia","Pneumonia","Respiratory",NA
"Respiratory System Procedures",NA,"Respiratory Procedures","Respiratory",NA
"Respiratory failure; insufficiency; arrest","Acute and chronic respiratory failure with hypercapnia","Respiratory arrest/failure","Respiratory",NA
"Respiratory failure; insufficiency; arrest","Acute and chronic respiratory failure with hypoxia","Respiratory arrest/failure","Respiratory",NA
"Respiratory failure; insufficiency; arrest","Acute and chronic respiratory failure, unspecified whether with hypoxia or hypercapnia","Respiratory arrest/failure","Respiratory",NA
"Respiratory failure; insufficiency; arrest","Acute postprocedural respiratory failure","Respiratory arrest/failure","Respiratory",NA
"Respiratory failure; insufficiency; arrest","Acute respiratory distress syndrome","Respiratory arrest/failure","Respiratory",NA
"Respiratory failure; insufficiency; arrest","Acute respiratory failure with hypercapnia","Respiratory arrest/failure","Respiratory",NA
"Respiratory failure; insufficiency; arrest","Acute respiratory failure with hypoxia","Respiratory arrest/failure","Respiratory",NA
"Respiratory failure; insufficiency; arrest","Acute respiratory failure, unspecified whether with hypoxia or hypercapnia","Respiratory arrest/failure","Respiratory",NA
"Respiratory failure; insufficiency; arrest","Chronic respiratory failure with hypercapnia","Respiratory arrest/failure","Respiratory",NA
"Respiratory failure; insufficiency; arrest","Chronic respiratory failure with hypoxia","Respiratory arrest/failure","Respiratory",NA
"Respiratory failure; insufficiency; arrest","Chronic respiratory failure, unspecified whether with hypoxia or hypercapnia","Respiratory arrest/failure","Respiratory",NA
"Respiratory failure; insufficiency; arrest","Respiratory arrest","Respiratory arrest/failure","Respiratory",NA
"Respiratory failure; insufficiency; arrest","Respiratory failure, unspecified with hypercapnia","Respiratory arrest/failure","Respiratory",NA
"Respiratory failure; insufficiency; arrest","Respiratory failure, unspecified with hypoxia","Respiratory arrest/failure","Respiratory",NA
"Respiratory failure; insufficiency; arrest","Respiratory failure, unspecified, unspecified whether with hypoxia or hypercapnia","Respiratory arrest/failure","Respiratory",NA
"Respiratory signs and symptoms","Abnormal sputum","Respiratory s/s","Respiratory","Other"
"Respiratory signs and symptoms","Acute respiratory distress","Respiratory s/s","Respiratory","Abnormal breathing"
"Respiratory signs and symptoms","Apnea, not elsewhere classified","Respiratory s/s","Respiratory","Apnea"
"Respiratory signs and symptoms","Chest pain on breathing","Respiratory s/s","Respiratory","Painful breathing"
"Respiratory signs and symptoms","Cough","Respiratory s/s","Respiratory","Cough"
"Respiratory signs and symptoms","Dyspnea, unspecified","Respiratory s/s","Respiratory","Dyspnea"
"Respiratory signs and symptoms","Epistaxis","Respiratory s/s","Respiratory","Bleeding"
"Respiratory signs and symptoms","Hemoptysis","Respiratory s/s","Respiratory","Bleeding"
"Respiratory signs and symptoms","Hemorrhage from other sites in respiratory passages","Respiratory s/s","Respiratory","Bleeding"
"Respiratory signs and symptoms","Hiccough","Respiratory s/s","Respiratory","Other"
"Respiratory signs and symptoms","Hypoxemia","Respiratory s/s","Respiratory","Low O2"
"Respiratory signs and symptoms","Intercostal pain","Respiratory s/s","Respiratory","Painful breathing"
"Respiratory signs and symptoms","Mouth breathing","Respiratory s/s","Respiratory","Abnormal breathing"
"Respiratory signs and symptoms","Nasal congestion","Respiratory s/s","Respiratory","Congestion"
"Respiratory signs and symptoms","Orthopnea","Respiratory s/s","Respiratory","Dyspnea"
"Respiratory signs and symptoms","Other abnormalities of breathing","Respiratory s/s","Respiratory","Abnormal breathing"
"Respiratory signs and symptoms","Other forms of dyspnea","Respiratory s/s","Respiratory","Dyspnea"
"Respiratory signs and symptoms","Pain in throat","Respiratory s/s","Respiratory","Painful breathing"
"Respiratory signs and symptoms","Pleurodynia","Respiratory s/s","Respiratory","Painful breathing"
"Respiratory signs and symptoms","Postnasal drip","Respiratory s/s","Respiratory","Congestion"
"Respiratory signs and symptoms","Shortness of breath","Respiratory s/s","Respiratory","Dyspnea"
"Respiratory signs and symptoms","Sneezing","Respiratory s/s","Respiratory","Other"
"Respiratory signs and symptoms","Snoring","Respiratory s/s","Respiratory","Apnea"
"Respiratory signs and symptoms","Stridor","Respiratory s/s","Respiratory","Abnormal breathing"
"Respiratory signs and symptoms","Tachypnea, not elsewhere classified","Respiratory s/s","Respiratory","Abnormal breathing"
"Respiratory signs and symptoms","Unspecified abnormalities of breathing","Respiratory s/s","Respiratory","Abnormal breathing"
"Respiratory signs and symptoms","Wheezing","Respiratory s/s","Respiratory","Wheezing"
"Diabetes mellitus, Type 2","Type 2 diabetes mellitus with other skin complications","Diabetic Complication","Skin",NA
"Non-pressure ulcer of skin","Non-pressure chronic ulcer of back limited to breakdown of skin","Non-pressure ulcer","Skin",NA
"Non-pressure ulcer of skin","Non-pressure chronic ulcer of back with fat layer exposed","Non-pressure ulcer","Skin",NA
"Non-pressure ulcer of skin","Non-pressure chronic ulcer of back with unspecified severity","Non-pressure ulcer","Skin",NA
"Non-pressure ulcer of skin","Non-pressure chronic ulcer of buttock limited to breakdown of skin","Non-pressure ulcer","Skin",NA
"Non-pressure ulcer of skin","Non-pressure chronic ulcer of left ankle limited to breakdown of skin","Non-pressure ulcer","Skin",NA
"Non-pressure ulcer of skin","Non-pressure chronic ulcer of left ankle with unspecified severity","Non-pressure ulcer","Skin",NA
"Non-pressure ulcer of skin","Non-pressure chronic ulcer of left calf with unspecified severity","Non-pressure ulcer","Skin",NA
"Non-pressure ulcer of skin","Non-pressure chronic ulcer of left heel and midfoot limited to breakdown of skin","Non-pressure ulcer","Skin",NA
"Non-pressure ulcer of skin","Non-pressure chronic ulcer of left heel and midfoot with fat layer exposed","Non-pressure ulcer","Skin",NA
"Non-pressure ulcer of skin","Non-pressure chronic ulcer of left heel and midfoot with unspecified severity","Non-pressure ulcer","Skin",NA
"Non-pressure ulcer of skin","Non-pressure chronic ulcer of left thigh with fat layer exposed","Non-pressure ulcer","Skin",NA
"Non-pressure ulcer of skin","Non-pressure chronic ulcer of left thigh with unspecified severity","Non-pressure ulcer","Skin",NA
"Non-pressure ulcer of skin","Non-pressure chronic ulcer of other part of left foot limited to breakdown of skin","Non-pressure ulcer","Skin",NA
"Non-pressure ulcer of skin","Non-pressure chronic ulcer of other part of left foot with fat layer exposed","Non-pressure ulcer","Skin",NA
"Non-pressure ulcer of skin","Non-pressure chronic ulcer of other part of left foot with necrosis of muscle","Non-pressure ulcer","Skin",NA
"Non-pressure ulcer of skin","Non-pressure chronic ulcer of other part of left foot with unspecified severity","Non-pressure ulcer","Skin",NA
"Non-pressure ulcer of skin","Non-pressure chronic ulcer of other part of left lower leg with fat layer exposed","Non-pressure ulcer","Skin",NA
"Non-pressure ulcer of skin","Non-pressure chronic ulcer of other part of right foot limited to breakdown of skin","Non-pressure ulcer","Skin",NA
"Non-pressure ulcer of skin","Non-pressure chronic ulcer of other part of right foot with fat layer exposed","Non-pressure ulcer","Skin",NA
"Non-pressure ulcer of skin","Non-pressure chronic ulcer of other part of right foot with necrosis of muscle","Non-pressure ulcer","Skin",NA
"Non-pressure ulcer of skin","Non-pressure chronic ulcer of other part of right foot with unspecified severity","Non-pressure ulcer","Skin",NA
"Non-pressure ulcer of skin","Non-pressure chronic ulcer of other part of right lower leg with unspecified severity","Non-pressure ulcer","Skin",NA
"Non-pressure ulcer of skin","Non-pressure chronic ulcer of other part of unspecified foot limited to breakdown of skin","Non-pressure ulcer","Skin",NA
"Non-pressure ulcer of skin","Non-pressure chronic ulcer of other part of unspecified foot with fat layer exposed","Non-pressure ulcer","Skin",NA
"Non-pressure ulcer of skin","Non-pressure chronic ulcer of other part of unspecified foot with unspecified severity","Non-pressure ulcer","Skin",NA
"Non-pressure ulcer of skin","Non-pressure chronic ulcer of right ankle with fat layer exposed","Non-pressure ulcer","Skin",NA
"Non-pressure ulcer of skin","Non-pressure chronic ulcer of right ankle with unspecified severity","Non-pressure ulcer","Skin",NA
"Non-pressure ulcer of skin","Non-pressure chronic ulcer of right calf limited to breakdown of skin","Non-pressure ulcer","Skin",NA
"Non-pressure ulcer of skin","Non-pressure chronic ulcer of right calf with fat layer exposed","Non-pressure ulcer","Skin",NA
"Non-pressure ulcer of skin","Non-pressure chronic ulcer of right heel and midfoot limited to breakdown of skin","Non-pressure ulcer","Skin",NA
"Non-pressure ulcer of skin","Non-pressure chronic ulcer of right heel and midfoot with unspecified severity","Non-pressure ulcer","Skin",NA
"Non-pressure ulcer of skin","Non-pressure chronic ulcer of right thigh with fat layer exposed","Non-pressure ulcer","Skin",NA
"Non-pressure ulcer of skin","Non-pressure chronic ulcer of skin of other sites limited to breakdown of skin","Non-pressure ulcer","Skin",NA
"Non-pressure ulcer of skin","Non-pressure chronic ulcer of skin of other sites with fat layer exposed","Non-pressure ulcer","Skin",NA
"Non-pressure ulcer of skin","Non-pressure chronic ulcer of skin of other sites with unspecified severity","Non-pressure ulcer","Skin",NA
"Non-pressure ulcer of skin","Non-pressure chronic ulcer of unspecified ankle with unspecified severity","Non-pressure ulcer","Skin",NA
"Non-pressure ulcer of skin","Non-pressure chronic ulcer of unspecified calf limited to breakdown of skin","Non-pressure ulcer","Skin",NA
"Non-pressure ulcer of skin","Non-pressure chronic ulcer of unspecified calf with fat layer exposed","Non-pressure ulcer","Skin",NA
"Non-pressure ulcer of skin","Non-pressure chronic ulcer of unspecified heel and midfoot with fat layer exposed","Non-pressure ulcer","Skin",NA
"Non-pressure ulcer of skin","Non-pressure chronic ulcer of unspecified heel and midfoot with unspecified severity","Non-pressure ulcer","Skin",NA
"Non-pressure ulcer of skin","Non-pressure chronic ulcer of unspecified part of left lower leg limited to breakdown of skin","Non-pressure ulcer","Skin",NA
"Non-pressure ulcer of skin","Non-pressure chronic ulcer of unspecified part of left lower leg with fat layer exposed","Non-pressure ulcer","Skin",NA
"Non-pressure ulcer of skin","Non-pressure chronic ulcer of unspecified part of left lower leg with unspecified severity","Non-pressure ulcer","Skin",NA
"Non-pressure ulcer of skin","Non-pressure chronic ulcer of unspecified part of right lower leg limited to breakdown of skin","Non-pressure ulcer","Skin",NA
"Non-pressure ulcer of skin","Non-pressure chronic ulcer of unspecified part of right lower leg with fat layer exposed","Non-pressure ulcer","Skin",NA
"Non-pressure ulcer of skin","Non-pressure chronic ulcer of unspecified part of right lower leg with necrosis of muscle","Non-pressure ulcer","Skin",NA
"Non-pressure ulcer of skin","Non-pressure chronic ulcer of unspecified part of right lower leg with unspecified severity","Non-pressure ulcer","Skin",NA
"Non-pressure ulcer of skin","Non-pressure chronic ulcer of unspecified part of unspecified lower leg with fat layer exposed","Non-pressure ulcer","Skin",NA
"Non-pressure ulcer of skin","Non-pressure chronic ulcer of unspecified part of unspecified lower leg with unspecified severity","Non-pressure ulcer","Skin",NA
"Other specified and unspecified skin disorders","Acanthosis nigricans","Skin disorder","Skin",NA
"Other specified and unspecified skin disorders","Acne keloid","Skin disorder","Skin",NA
"Other specified and unspecified skin disorders","Acquired keratosis [keratoderma] palmaris et plantaris","Skin disorder","Skin",NA
"Other specified and unspecified skin disorders","Actinic keratosis","Skin disorder","Skin",NA
"Other specified and unspecified skin disorders","Alopecia areata, unspecified","Skin disorder","Skin",NA
"Other specified and unspecified skin disorders","Androgenic alopecia, unspecified","Skin disorder","Skin",NA
"Other specified and unspecified skin disorders","Atrophic disorder of skin, unspecified","Skin disorder","Skin",NA
"Other specified and unspecified skin disorders","Cafe au lait spots","Skin disorder","Skin",NA
"Other specified and unspecified skin disorders","Calcinosis cutis","Skin disorder","Skin",NA
"Other specified and unspecified skin disorders","Chloasma","Skin disorder","Skin",NA
"Other specified and unspecified skin disorders","Cicatricial alopecia, unspecified","Skin disorder","Skin",NA
"Other specified and unspecified skin disorders","Corns and callosities","Skin disorder","Skin",NA
"Other specified and unspecified skin disorders","Disorder of pigmentation, unspecified","Skin disorder","Skin",NA
"Other specified and unspecified skin disorders","Disorder of the skin and subcutaneous tissue, unspecified","Skin disorder","Skin",NA
"Other specified and unspecified skin disorders","Dyshidrosis [pompholyx]","Skin disorder","Skin",NA
"Other specified and unspecified skin disorders","Eccrine sweat disorder, unspecified","Skin disorder","Skin",NA
"Other specified and unspecified skin disorders","Epidermal cyst","Skin disorder","Skin",NA
"Other specified and unspecified skin disorders","Epidermal thickening, unspecified","Skin disorder","Skin",NA
"Other specified and unspecified skin disorders","Follicular cyst of the skin and subcutaneous tissue, unspecified","Skin disorder","Skin",NA
"Other specified and unspecified skin disorders","Follicular disorder, unspecified","Skin disorder","Skin",NA
"Other specified and unspecified skin disorders","Foreign body granuloma of the skin and subcutaneous tissue","Skin disorder","Skin",NA
"Other specified and unspecified skin disorders","Freckles","Skin disorder","Skin",NA
"Other specified and unspecified skin disorders","Granuloma faciale [eosinophilic granuloma of skin]","Skin disorder","Skin",NA
"Other specified and unspecified skin disorders","Granulomatous disorder of the skin and subcutaneous tissue, unspecified","Skin disorder","Skin",NA
"Other specified and unspecified skin disorders","Hirsutism","Skin disorder","Skin",NA
"Other specified and unspecified skin disorders","Hypertrophic disorder of the skin, unspecified","Skin disorder","Skin",NA
"Other specified and unspecified skin disorders","Hypertrophic scar","Skin disorder","Skin",NA
"Other specified and unspecified skin disorders","Inflamed seborrheic keratosis","Skin disorder","Skin",NA
"Other specified and unspecified skin disorders","Ingrowing nail","Skin disorder","Skin",NA
"Other specified and unspecified skin disorders","Lichen sclerosus et atrophicus","Skin disorder","Skin",NA
"Other specified and unspecified skin disorders","Localized scleroderma [morphea]","Skin disorder","Skin",NA
"Other specified and unspecified skin disorders","Miliaria rubra","Skin disorder","Skin",NA
"Other specified and unspecified skin disorders","Nail disorder, unspecified","Skin disorder","Skin",NA
"Other specified and unspecified skin disorders","Nail dystrophy","Skin disorder","Skin",NA
"Other specified and unspecified skin disorders","Nonscarring hair loss, unspecified","Skin disorder","Skin",NA
"Other specified and unspecified skin disorders","Onychogryphosis","Skin disorder","Skin",NA
"Other specified and unspecified skin disorders","Onycholysis","Skin disorder","Skin",NA
"Other specified and unspecified skin disorders","Other androgenic alopecia","Skin disorder","Skin",NA
"Other specified and unspecified skin disorders","Other atrophic disorders of skin","Skin disorder","Skin",NA
"Other specified and unspecified skin disorders","Other cicatricial alopecia","Skin disorder","Skin",NA
"Other specified and unspecified skin disorders","Other disorders of diminished melanin formation","Skin disorder","Skin",NA
"Other specified and unspecified skin disorders","Other disorders of skin and subcutaneous tissue in diseases classified elsewhere","Skin disorder","Skin",NA
"Other specified and unspecified skin disorders","Other eccrine sweat disorders","Skin disorder","Skin",NA
"Other specified and unspecified skin disorders","Other granulomatous disorders of the skin and subcutaneous tissue","Skin disorder","Skin",NA
"Other specified and unspecified skin disorders","Other hair color and hair shaft abnormalities","Skin disorder","Skin",NA
"Other specified and unspecified skin disorders","Other hypertrophic disorders of the skin","Skin disorder","Skin",NA
"Other specified and unspecified skin disorders","Other infiltrative disorders of the skin and subcutaneous tissue","Skin disorder","Skin",NA
"Other specified and unspecified skin disorders","Other melanin hyperpigmentation","Skin disorder","Skin",NA
"Other specified and unspecified skin disorders","Other nail disorders","Skin disorder","Skin",NA
"Other specified and unspecified skin disorders","Other seborrheic keratosis","Skin disorder","Skin",NA
"Other specified and unspecified skin disorders","Other specified disorders of pigmentation","Skin disorder","Skin",NA
"Other specified and unspecified skin disorders","Other specified disorders of the skin and subcutaneous tissue","Skin disorder","Skin",NA
"Other specified and unspecified skin disorders","Other specified epidermal thickening","Skin disorder","Skin",NA
"Other specified and unspecified skin disorders","Other specified nonscarring hair loss","Skin disorder","Skin",NA
"Other specified and unspecified skin disorders","Pigmented purpuric dermatosis","Skin disorder","Skin",NA
"Other specified and unspecified skin disorders","Pilar cyst","Skin disorder","Skin",NA
"Other specified and unspecified skin disorders","Postinflammatory hyperpigmentation","Skin disorder","Skin",NA
"Other specified and unspecified skin disorders","Primary focal hyperhidrosis, axilla","Skin disorder","Skin",NA
"Other specified and unspecified skin disorders","Primary focal hyperhidrosis, palms","Skin disorder","Skin",NA
"Other specified and unspecified skin disorders","Primary focal hyperhidrosis, soles","Skin disorder","Skin",NA
"Other specified and unspecified skin disorders","Pseudofolliculitis barbae","Skin disorder","Skin",NA
"Other specified and unspecified skin disorders","Pyogenic granuloma","Skin disorder","Skin",NA
"Other specified and unspecified skin disorders","Scar conditions and fibrosis of skin","Skin disorder","Skin",NA
"Other specified and unspecified skin disorders","Sebaceous cyst","Skin disorder","Skin",NA
"Other specified and unspecified skin disorders","Striae atrophicae","Skin disorder","Skin",NA
"Other specified and unspecified skin disorders","Telogen effluvium","Skin disorder","Skin",NA
"Other specified and unspecified skin disorders","Vitiligo","Skin disorder","Skin",NA
"Other specified and unspecified skin disorders","Xerosis cutis","Skin disorder","Skin",NA
"Skin/Subcutaneous signs and symptoms","Anesthesia of skin","Skin s/s","Skin","Abnormal sensation"
"Skin/Subcutaneous signs and symptoms","Changes in skin texture","Skin s/s","Skin","Other"
"Skin/Subcutaneous signs and symptoms","Cyanosis","Skin s/s","Skin","Other"
"Skin/Subcutaneous signs and symptoms","Flushing","Skin s/s","Skin","Flushing"
"Skin/Subcutaneous signs and symptoms","Hyperesthesia","Skin s/s","Skin","Abnormal sensation"
"Skin/Subcutaneous signs and symptoms","Hypoesthesia of skin","Skin s/s","Skin","Abnormal sensation"
"Skin/Subcutaneous signs and symptoms","Localized swelling, mass and lump, head","Skin s/s","Skin","Swelling/mass"
"Skin/Subcutaneous signs and symptoms","Localized swelling, mass and lump, left lower limb","Skin s/s","Skin","Swelling/mass"
"Skin/Subcutaneous signs and symptoms","Localized swelling, mass and lump, left upper limb","Skin s/s","Skin","Swelling/mass"
"Skin/Subcutaneous signs and symptoms","Localized swelling, mass and lump, lower limb, bilateral","Skin s/s","Skin","Swelling/mass"
"Skin/Subcutaneous signs and symptoms","Localized swelling, mass and lump, neck","Skin s/s","Skin","Swelling/mass"
"Skin/Subcutaneous signs and symptoms","Localized swelling, mass and lump, right lower limb","Skin s/s","Skin","Swelling/mass"
"Skin/Subcutaneous signs and symptoms","Localized swelling, mass and lump, right upper limb","Skin s/s","Skin","Swelling/mass"
"Skin/Subcutaneous signs and symptoms","Localized swelling, mass and lump, trunk","Skin s/s","Skin","Swelling/mass"
"Skin/Subcutaneous signs and symptoms","Localized swelling, mass and lump, unspecified","Skin s/s","Skin","Swelling/mass"
"Skin/Subcutaneous signs and symptoms","Localized swelling, mass and lump, unspecified lower limb","Skin s/s","Skin","Swelling/mass"
"Skin/Subcutaneous signs and symptoms","Localized swelling, mass and lump, unspecified upper limb","Skin s/s","Skin","Swelling/mass"
"Skin/Subcutaneous signs and symptoms","Localized swelling, mass and lump, upper limb, bilateral","Skin s/s","Skin","Swelling/mass"
"Skin/Subcutaneous signs and symptoms","Other disturbances of skin sensation","Skin s/s","Skin","Abnormal sensation"
"Skin/Subcutaneous signs and symptoms","Other skin changes","Skin s/s","Skin","Other"
"Skin/Subcutaneous signs and symptoms","Pallor","Skin s/s","Skin","Other"
"Skin/Subcutaneous signs and symptoms","Paresthesia of skin","Skin s/s","Skin","Abnormal sensation"
"Skin/Subcutaneous signs and symptoms","Rash and other nonspecific skin eruption","Skin s/s","Skin","Rash"
"Skin/Subcutaneous signs and symptoms","Spontaneous ecchymoses","Skin s/s","Skin","Other"
"Skin/Subcutaneous signs and symptoms","Unspecified disturbances of skin sensation","Skin s/s","Skin","Abnormal sensation"
"Skin/Subcutaneous signs and symptoms","Unspecified skin changes","Skin s/s","Skin","Other"
"Cardiac dysrhythmias","Other premature depolarization","Dysrhythmias","Cardiovascular",NA
"Cardiac dysrhythmias","Re-entry ventricular arrhythmia","Dysrhythmias","Cardiovascular",NA
"Cardiac dysrhythmias","Unspecified premature depolarization","Dysrhythmias","Cardiovascular",NA
"Conduction disorders","Left posterior fascicular block","Conduction disorders","Cardiovascular",NA
"Conduction disorders","Other right bundle-branch block","Conduction disorders","Cardiovascular",NA
"Conduction disorders","Right fascicular block","Conduction disorders","Cardiovascular",NA
"Coronary atherosclerosis and other heart disease","Acute coronary thrombosis not resulting in myocardial infarction","Coronary atherosclerosis","Cardiovascular",NA
"Coronary atherosclerosis and other heart disease","Atherosclerosis of bypass graft of coronary artery of transplanted heart with other forms of angina pectoris","Coronary atherosclerosis","Cardiovascular",NA
"Coronary atherosclerosis and other heart disease","Atherosclerosis of coronary artery bypass graft(s), unspecified, with unspecified angina pectoris","Coronary atherosclerosis","Cardiovascular",NA
"Postthrombotic syndrome and venous insufficiency/hypertension","Chronic venous hypertension (idiopathic) with other complications of unspecified lower extremity","Venous HTN/Insufficiency","Cardiovascular",NA
"Postthrombotic syndrome and venous insufficiency/hypertension","Chronic venous hypertension (idiopathic) with ulcer and inflammation of unspecified lower extremity","Venous HTN/Insufficiency","Cardiovascular",NA
"Postthrombotic syndrome and venous insufficiency/hypertension","Chronic venous hypertension (idiopathic) with ulcer of bilateral lower extremity","Venous HTN/Insufficiency","Cardiovascular",NA
"Postthrombotic syndrome and venous insufficiency/hypertension","Chronic venous hypertension (idiopathic) with ulcer of unspecified lower extremity","Venous HTN/Insufficiency","Cardiovascular",NA
"Postthrombotic syndrome and venous insufficiency/hypertension","Chronic venous hypertension (idiopathic) without complications of right lower extremity","Venous HTN/Insufficiency","Cardiovascular",NA
"Postthrombotic syndrome and venous insufficiency/hypertension","Postthrombotic syndrome with other complications of right lower extremity","Venous HTN/Insufficiency","Cardiovascular",NA
"Cardiac dysrhythmias","Chronic atrial fibrillation, unspecified","Dysrhythmias","Cardiovascular",NA
"Cardiac dysrhythmias","Longstanding persistent atrial fibrillation","Dysrhythmias","Cardiovascular",NA
"Cardiac dysrhythmias","Other persistent atrial fibrillation","Dysrhythmias","Cardiovascular",NA
"Cardiac dysrhythmias","Other ventricular tachycardia","Dysrhythmias","Cardiovascular",NA
"Cardiac dysrhythmias","Torsades de pointes","Dysrhythmias","Cardiovascular",NA
"Cardiac dysrhythmias","Ventricular tachycardia, unspecified","Dysrhythmias","Cardiovascular",NA
"Heart failure","Acute on chronic right heart failure","Heart failure","Cardiovascular",NA
"Heart failure","Biventricular heart failure","Heart failure","Cardiovascular",NA
"Heart failure","Right heart failure, unspecified","Heart failure","Cardiovascular",NA
"Myocarditis and cardiomyopathy","Endocardial fibroelastosis","Myocarditis and cardiomyopathy","Cardiovascular",NA
"Myocarditis and cardiomyopathy","Viral carditis, unspecified","Myocarditis and cardiomyopathy","Cardiovascular",NA
"Other specified and unspecified circulatory disease","Antineutrophilic cytoplasmic antibody [ANCA] vasculitis","Circulatory disorder","Cardiovascular",NA
"Conduction disorders","Encounter for checking and testing of cardiac pacemaker pulse generator [battery]","Conduction disorders","Cardiovascular",NA
"Diabetes mellitus","Abnormal glucose complicating pregnancy","Pancreas","Endocrine","Diabetes mellitus"
"Diabetes mellitus","Diabetes mellitus due to underlying condition with diabetic peripheral angiopathy without gangrene","Pancreas","Endocrine","Diabetes mellitus"
"Diabetes mellitus","Diabetes mellitus due to underlying condition with hyperglycemia","Pancreas","Endocrine","Diabetes mellitus"
"Diabetes mellitus","Diabetes mellitus due to underlying condition with hypoglycemia without coma","Pancreas","Endocrine","Diabetes mellitus"
"Diabetes mellitus","Diabetes mellitus due to underlying condition with ketoacidosis without coma","Pancreas","Endocrine","Diabetes mellitus"
"Diabetes mellitus","Diabetes mellitus due to underlying condition with other circulatory complications","Pancreas","Endocrine","Diabetes mellitus"
"Diabetes mellitus","Diabetes mellitus due to underlying condition with other diabetic kidney complication","Pancreas","Endocrine","Diabetes mellitus"
"Diabetes mellitus","Diabetes mellitus due to underlying condition with other skin complications","Pancreas","Endocrine","Diabetes mellitus"
"Diabetes mellitus","Diabetes mellitus due to underlying condition with other specified complication","Pancreas","Endocrine","Diabetes mellitus"
"Diabetes mellitus","Diabetes mellitus due to underlying condition with unspecified complications","Pancreas","Endocrine","Diabetes mellitus"
"Diabetes mellitus","Drug or chemical induced diabetes mellitus with hyperglycemia","Pancreas","Endocrine","Diabetes mellitus"
"Diabetes mellitus","Drug or chemical induced diabetes mellitus with other specified complication","Pancreas","Endocrine","Diabetes mellitus"
"Diabetes mellitus","Drug or chemical induced diabetes mellitus with unspecified complications","Pancreas","Endocrine","Diabetes mellitus"
"Diabetes mellitus","Gestational diabetes mellitus in pregnancy, insulin controlled","Pancreas","Endocrine","Diabetes mellitus"
"Diabetes mellitus","Other pre-existing diabetes mellitus in pregnancy, first trimester","Pancreas","Endocrine","Diabetes mellitus"
"Diabetes mellitus","Other pre-existing diabetes mellitus in pregnancy, second trimester","Pancreas","Endocrine","Diabetes mellitus"
"Diabetes mellitus","Other specified diabetes mellitus with diabetic peripheral angiopathy without gangrene","Pancreas","Endocrine","Diabetes mellitus"
"Diabetes mellitus","Other specified diabetes mellitus with hypoglycemia without coma","Pancreas","Endocrine","Diabetes mellitus"
"Diabetes mellitus","Other specified diabetes mellitus with ketoacidosis without coma","Pancreas","Endocrine","Diabetes mellitus"
"Diabetes mellitus","Other specified diabetes mellitus with other diabetic neurological complication","Pancreas","Endocrine","Diabetes mellitus"
"Diabetes mellitus","Other specified diabetes mellitus with other specified complication","Pancreas","Endocrine","Diabetes mellitus"
"Diabetes mellitus","Postprocedural hypoinsulinemia","Pancreas","Endocrine","Diabetes mellitus"
"Diabetes mellitus","Pre-existing type 1 diabetes mellitus, in pregnancy, first trimester","Pancreas","Endocrine","Diabetes mellitus"
"Diabetes mellitus","Pre-existing type 1 diabetes mellitus, in pregnancy, second trimester","Pancreas","Endocrine","Diabetes mellitus"
"Diabetes mellitus","Pre-existing type 1 diabetes mellitus, in pregnancy, unspecified trimester","Pancreas","Endocrine","Diabetes mellitus"
"Diabetes mellitus","Pre-existing type 2 diabetes mellitus, in pregnancy, first trimester","Pancreas","Endocrine","Diabetes mellitus"
"Diabetes mellitus","Pre-existing type 2 diabetes mellitus, in pregnancy, second trimester","Pancreas","Endocrine","Diabetes mellitus"
"Diabetes mellitus","Pre-existing type 2 diabetes mellitus, in pregnancy, third trimester","Pancreas","Endocrine","Diabetes mellitus"
"Diabetes mellitus","Pre-existing type 2 diabetes mellitus, in pregnancy, unspecified trimester","Pancreas","Endocrine","Diabetes mellitus"
"Diabetes mellitus","Unspecified diabetes mellitus in pregnancy, first trimester","Pancreas","Endocrine","Diabetes mellitus"
"Diabetes mellitus","Unspecified diabetes mellitus in pregnancy, second trimester","Pancreas","Endocrine","Diabetes mellitus"
"Diabetes mellitus","Unspecified diabetes mellitus in pregnancy, third trimester","Pancreas","Endocrine","Diabetes mellitus"
"Diabetes mellitus","Unspecified diabetes mellitus in pregnancy, unspecified trimester","Pancreas","Endocrine","Diabetes mellitus"
"Diabetes mellitus","Unspecified pre-existing diabetes mellitus in pregnancy, unspecified trimester","Pancreas","Endocrine","Diabetes mellitus"
"Disorders of lipid metabolism","Hyperchylomicronemia","Dyslipidemia","Endocrine","Hyperlipidemia"
"Thyroid disorders","Thyrotoxicosis with toxic single thyroid nodule without thyrotoxic crisis or storm","Thyroid","Endocrine","Hypothyroidism"
"Diabetes mellitus","Diabetes mellitus due to underlying condition with other diabetic neurological complication","Pancreas","Endocrine","Diabetes mellitus"
"Diabetes mellitus","Gestational diabetes mellitus in pregnancy, controlled by oral hypoglycemic drugs","Pancreas","Endocrine","Diabetes mellitus"
"Diabetes mellitus","Unspecified pre-existing diabetes mellitus in pregnancy, first trimester","Pancreas","Endocrine","Diabetes mellitus"
"Diabetes mellitus, Type 2","Type 2 diabetes mellitus with ketoacidosis without coma","Pancreas","Endocrine","Diabetes mellitus"
"Disorders of lipid metabolism","Elevated Lipoprotein(a)","Dyslipidemia","Endocrine","Hyperlipidemia"
"Disorders of lipid metabolism","Familial hypercholesterolemia","Dyslipidemia","Endocrine","Hyperlipidemia"
"Disorders of lipid metabolism","Other hyperlipidemia","Dyslipidemia","Endocrine","Hyperlipidemia"
"Disorders of lipid metabolism","Pure hypercholesterolemia, unspecified","Dyslipidemia","Endocrine","Hyperlipidemia"
"Thyroid disorders","Chronic thyroiditis with transient thyrotoxicosis","Thyroid","Endocrine","Hypothyroidism"
"Thyroid disorders","Other chronic thyroiditis","Thyroid","Endocrine","Hypothyroidism"
"Thyroid disorders","Thyrotoxicosis from ectopic thyroid tissue with thyrotoxic crisis or storm","Thyroid","Endocrine","Hypothyroidism"
"Blindness and vision defects","Homonymous bilateral field defects, right side","Blind/visual defects","Eyes & Ears",NA
"Blindness and vision defects","Refractive amblyopia, right eye","Blind/visual defects","Eyes & Ears",NA
"Blindness and vision defects","Scotoma involving central area, left eye","Blind/visual defects","Eyes & Ears",NA
"Blindness and vision defects","Scotoma involving central area, right eye","Blind/visual defects","Eyes & Ears",NA
"Blindness and vision defects","Scotoma involving central area, unspecified eye","Blind/visual defects","Eyes & Ears",NA
"Blindness and vision defects","Strabismic amblyopia, left eye","Blind/visual defects","Eyes & Ears",NA
"Blindness and vision defects","Sudden visual loss, unspecified eye","Blind/visual defects","Eyes & Ears",NA
"Hearing loss","Presbycusis, bilateral","Hearing loss","Eyes & Ears",NA
"Hearing loss","Presbycusis, unspecified ear","Hearing loss","Eyes & Ears",NA
"Blindness and vision defects","Amblyopia suspect, left eye","Blind/visual defects","Eyes & Ears",NA
"Blindness and vision defects","Blindness left eye category 5, normal vision right eye","Blind/visual defects","Eyes & Ears",NA
"Blindness and vision defects","Blindness right eye category 3, low vision left eye category 2","Blind/visual defects","Eyes & Ears",NA
"Blindness and vision defects","Blindness right eye category 4, normal vision left eye","Blind/visual defects","Eyes & Ears",NA
"Blindness and vision defects","Low vision left eye category 1, normal vision right eye","Blind/visual defects","Eyes & Ears",NA
"Blindness and vision defects","Low vision right eye category 1, normal vision left eye","Blind/visual defects","Eyes & Ears",NA
"Blindness and vision defects","Scotoma of blind spot area, right eye","Blind/visual defects","Eyes & Ears",NA
"Blindness and vision defects","Sudden visual loss, left eye","Blind/visual defects","Eyes & Ears",NA
"Blindness and vision defects","Unspecified amblyopia, unspecified eye","Blind/visual defects","Eyes & Ears",NA
"Blindness and vision defects","Unspecified color vision deficiencies","Blind/visual defects","Eyes & Ears",NA
"Blindness and vision defects","Visual distortions of shape and size","Blind/visual defects","Eyes & Ears",NA
"Hearing loss","Conductive hearing loss, unilateral, left ear with restricted hearing on the contralateral side","Hearing loss","Eyes & Ears",NA
"Hearing loss","Mixed conductive and sensorineural hearing loss, unilateral, left ear with restricted hearing on the contralateral side","Hearing loss","Eyes & Ears",NA
"Hearing loss","Mixed conductive and sensorineural hearing loss, unilateral, right ear with restricted hearing on the contralateral side","Hearing loss","Eyes & Ears",NA
"Hearing loss","Ototoxic hearing loss, unspecified ear","Hearing loss","Eyes & Ears",NA
"Hearing loss","Sensorineural hearing loss, unilateral, left ear, with restricted hearing on the contralateral side","Hearing loss","Eyes & Ears",NA
"Hearing loss","Sensorineural hearing loss, unilateral, right ear, with restricted hearing on the contralateral side","Hearing loss","Eyes & Ears",NA
"Abdominal symptoms","Epigastric swelling, mass or lump","Abdominal s/s","GI","Swelling"
"Abdominal symptoms","Fecal smearing","Abdominal s/s","GI",NA
"Abdominal symptoms","Hyperactive bowel sounds","Abdominal s/s","GI",NA
"Abdominal symptoms","Incomplete defecation","Abdominal s/s","GI",NA
"Abdominal symptoms","Left lower quadrant abdominal tenderness","Abdominal s/s","GI","Pain"
"Abdominal symptoms","Left upper quadrant abdominal swelling, mass and lump","Abdominal s/s","GI","Swelling"
"Abdominal symptoms","Right upper quadrant abdominal tenderness","Abdominal s/s","GI","Pain"
"Biliary tract disease","Biliary cyst","Biliary","GI",NA
"Biliary tract disease","Calculus of bile duct with acute and chronic cholecystitis without obstruction","Biliary","GI",NA
"Biliary tract disease","Calculus of bile duct with acute cholangitis with obstruction","Biliary","GI",NA
"Biliary tract disease","Calculus of bile duct with acute cholecystitis without obstruction","Biliary","GI",NA
"Biliary tract disease","Calculus of bile duct with cholecystitis, unspecified, with obstruction","Biliary","GI",NA
"Biliary tract disease","Calculus of gallbladder and bile duct with chronic cholecystitis without obstruction","Biliary","GI",NA
"Biliary tract disease","Obstruction of gallbladder","Biliary","GI",NA
"Esophageal disorders","Achalasia of cardia","Esophageal disorders","GI",NA
"Esophageal disorders","Barrett's esophagus with high grade dysplasia","Esophageal disorders","GI",NA
"Esophageal disorders","Diverticulum of esophagus, acquired","Esophageal disorders","GI",NA
"Esophageal disorders","Perforation of esophagus","Esophageal disorders","GI",NA
"Other specified and unspecified gastrointestinal disorders","Tropical sprue","GI disorder","GI","Intestinal disease"
"Other specified and unspecified hematologic conditions","Abscess of spleen","Spleen","GI",NA
"Other specified and unspecified hematologic conditions","Chronic congestive splenomegaly","Spleen","GI",NA
"Other specified and unspecified hematologic conditions","Cyst of spleen","Spleen","GI",NA
"Other specified and unspecified hematologic conditions","Disease of spleen, unspecified","Spleen","GI",NA
"Other specified and unspecified hematologic conditions","Familial erythrocytosis","Spleen","GI",NA
"Other specified and unspecified hematologic conditions","Hypersplenism","Spleen","GI",NA
"Other specified and unspecified hematologic conditions","Hyposplenism","Spleen","GI",NA
"Other specified and unspecified hematologic conditions","Myelofibrosis","Spleen","GI",NA
"Other specified and unspecified hematologic conditions","Other diseases of spleen","Spleen","GI",NA
"Other specified and unspecified hematologic conditions","Other specified diseases of blood and blood-forming organs","Spleen","GI",NA
"Other specified and unspecified hematologic conditions","Secondary polycythemia","Spleen","GI",NA
"Other specified and unspecified liver disease","Hepatopulmonary syndrome","Liver","GI",NA
"Other specified and unspecified liver disease","Hepatorenal syndrome","Liver","GI",NA
"Other specified and unspecified liver disease","Infarction of liver","Liver","GI",NA
"Other specified and unspecified liver disease","Liver and biliary tract disorders in pregnancy, first trimester","Liver","GI",NA
"Other specified and unspecified liver disease","Toxic liver disease with cholestasis","Liver","GI",NA
"Regional enteritis and ulcerative colitis","Crohn's disease of both small and large intestine with fistula","GI disorder","GI","IBD"
"Regional enteritis and ulcerative colitis","Crohn's disease of both small and large intestine with rectal bleeding","GI disorder","GI","IBD"
"Regional enteritis and ulcerative colitis","Crohn's disease of both small and large intestine with unspecified complications","GI disorder","GI","IBD"
"Regional enteritis and ulcerative colitis","Crohn's disease of large intestine with intestinal obstruction","GI disorder","GI","IBD"
"Regional enteritis and ulcerative colitis","Crohn's disease of large intestine with other complication","GI disorder","GI","IBD"
"Regional enteritis and ulcerative colitis","Crohn's disease of small intestine with unspecified complications","GI disorder","GI","IBD"
"Regional enteritis and ulcerative colitis","Left sided colitis with rectal bleeding","GI disorder","GI","Intestinal disease"
"Regional enteritis and ulcerative colitis","Other ulcerative colitis without complications","GI disorder","GI","IBD"
"Regional enteritis and ulcerative colitis","Ulcerative colitis, unspecified with other complication","GI disorder","GI","IBD"
"Abdominal symptoms","Generalized abdominal tenderness","Abdominal s/s","GI","Pain"
"Abdominal symptoms","Generalized rebound abdominal tenderness","Abdominal s/s","GI","Pain"
"Biliary tract disease","Calculus of bile duct with cholangitis, unspecified, with obstruction","Biliary","GI",NA
"Biliary tract disease","Calculus of gallbladder and bile duct with acute cholecystitis with obstruction","Biliary","GI",NA
"Biliary tract disease","Calculus of gallbladder and bile duct with cholecystitis, unspecified, without obstruction","Biliary","GI",NA
"Biliary tract disease","Other cholangitis","Biliary","GI",NA
"Esophageal disorders","Esophagitis, unspecified with bleeding","Esophageal disorders","GI",NA
"Esophageal disorders","Esophagitis, unspecified without bleeding","Esophageal disorders","GI",NA
"Esophageal disorders","Gastro-esophageal reflux disease with esophagitis, with bleeding","Esophageal disorders","GI",NA
"Esophageal disorders","Gastro-esophageal reflux disease with esophagitis, without bleeding","Esophageal disorders","GI",NA
"Esophageal disorders","Other specified disease of esophagus","Esophageal disorders","GI",NA
"Nausea and vomiting","Cyclical vomiting syndrome unrelated to migraine","Abdominal s/s","GI","Nausea and vomiting"
"Other specified and unspecified gastrointestinal disorders","Chronic idiopathic constipation","Abdominal s/s","GI","Constipation"
"Other specified and unspecified gastrointestinal disorders","Drug induced constipation","Abdominal s/s","GI","Constipation"
"Other specified and unspecified gastrointestinal disorders","Irritable bowel syndrome with constipation","GI disorder","GI","IBS"
"Other specified and unspecified gastrointestinal disorders","Malabsorption due to intolerance, not elsewhere classified","GI disorder","GI","Intestinal disease"
"Other specified and unspecified gastrointestinal disorders","Mixed irritable bowel syndrome","GI disorder","GI","IBS"
"Other specified and unspecified gastrointestinal disorders","Non-celiac gluten sensitivity","GI disorder","GI","Intestinal disease"
"Other specified and unspecified gastrointestinal disorders","Other irritable bowel syndrome","GI disorder","GI","IBS"
"Other specified and unspecified hematologic conditions","Glucose-6-phosphate dehydrogenase (G6PD) deficiency without anemia",NA,NA,NA
"Other specified and unspecified liver disease","Hepatic fibrosis, unspecified","Liver","GI",NA
"Regional enteritis and ulcerative colitis","Left sided colitis with other complication","GI disorder","GI","Intestinal disease"
"Spondylopathies/spondyloarthropathy (including infective)","Cervical disc disorder with myelopathy, cervicothoracic region","Spine disc or myelopathy","MSK","Cervical"
"Spondylopathies/spondyloarthropathy (including infective)","Cervical disc disorder with myelopathy, unspecified cervical region","Spine disc or myelopathy","MSK","Cervical"
"Spondylopathies/spondyloarthropathy (including infective)","Cervicobrachial syndrome","Spine disc or myelopathy","MSK","Cervical"
"Spondylopathies/spondyloarthropathy (including infective)","Cervicocranial syndrome","Spine disc or myelopathy","MSK","Cervical"
"Spondylopathies/spondyloarthropathy (including infective)","Discitis, unspecified, lumbar region","Spine disc or myelopathy","MSK","Lumbar"
"Spondylopathies/spondyloarthropathy (including infective)","Dorsopathy, unspecified","MSK s/s","MSK","Pain"
"Spondylopathies/spondyloarthropathy (including infective)","Fusion of spine, lumbar region","Spine disc or myelopathy","MSK","Lumbar"
"Spondylopathies/spondyloarthropathy (including infective)","Intervertebral disc disorders with myelopathy, thoracic region","Spine disc or myelopathy","MSK","Thoracic"
"Spondylopathies/spondyloarthropathy (including infective)","Other cervical disc degeneration, cervicothoracic region","Spondylo(arthro)pathy","MSK","Cervical"
"Spondylopathies/spondyloarthropathy (including infective)","Other infective spondylopathies, lumbosacral region","Spine disc or myelopathy","MSK","Lumbar"
"Spondylopathies/spondyloarthropathy (including infective)","Other specified deforming dorsopathies, lumbar region","Spine disc or myelopathy","MSK","Lumbar"
"Spondylopathies/spondyloarthropathy (including infective)","Other specified deforming dorsopathies, site unspecified","Spine disc or myelopathy","MSK",NA
"Spondylopathies/spondyloarthropathy (including infective)","Other specified deforming dorsopathies, thoracolumbar region","Spine disc or myelopathy","MSK","Thoracic"
"Spondylopathies/spondyloarthropathy (including infective)","Other specified dorsopathies, thoracic region","MSK s/s","MSK","Pain"
"Spondylopathies/spondyloarthropathy (including infective)","Other spondylosis with myelopathy, thoracic region","Spondylo(arthro)pathy","MSK",NA
"Spondylopathies/spondyloarthropathy (including infective)","Postlaminectomy syndrome, not elsewhere classified","MSK s/s","MSK",NA
"Spondylopathies/spondyloarthropathy (including infective)","Radiculopathy, cervicothoracic region","Radiculopathy","MSK","Cervical"
"Spondylopathies/spondyloarthropathy (including infective)","Radiculopathy, thoracolumbar region","Radiculopathy","MSK","Thoracic"
"Spondylopathies/spondyloarthropathy (including infective)","Schmorl's nodes, lumbosacral region","Schmorl's nodes","MSK","Lumbar"
"Spondylopathies/spondyloarthropathy (including infective)","Schmorl's nodes, thoracic region","Schmorl's nodes","MSK","Thoracic"
"Spondylopathies/spondyloarthropathy (including infective)","Spondylolisthesis, cervicothoracic region","Spondylo(arthro)pathy","MSK",NA
"Spondylopathies/spondyloarthropathy (including infective)","Spondylolisthesis, thoracolumbar region","Spondylo(arthro)pathy","MSK",NA
"Spondylopathies/spondyloarthropathy (including infective)","Spondylosis without myelopathy or radiculopathy, cervicothoracic region","Spondylo(arthro)pathy","MSK",NA
"Spondylopathies/spondyloarthropathy (including infective)","Unspecified inflammatory spondylopathy, site unspecified","Spondylo(arthro)pathy","MSK",NA
"Spondylopathies/spondyloarthropathy (including infective)","Unspecified inflammatory spondylopathy, thoracic region","Spondylo(arthro)pathy","MSK",NA
"Spondylopathies/spondyloarthropathy (including infective)","Ankylosing hyperostosis [Forestier], thoracic region","Spine disc or myelopathy","MSK","Thoracic"
"Spondylopathies/spondyloarthropathy (including infective)","Cervical disc disorder at C5-C6 level with radiculopathy","Spine disc or myelopathy","MSK","Cervical"
"Spondylopathies/spondyloarthropathy (including infective)","Cervical disc disorder at C6-C7 level with radiculopathy","Spine disc or myelopathy","MSK","Cervical"
"Spondylopathies/spondyloarthropathy (including infective)","Other cervical disc degeneration at C4-C5 level","Spine disc or myelopathy","MSK","Cervical"
"Spondylopathies/spondyloarthropathy (including infective)","Other cervical disc degeneration at C5-C6 level","Spine disc or myelopathy","MSK","Cervical"
"Spondylopathies/spondyloarthropathy (including infective)","Other cervical disc disorders, unspecified cervical region","Spine disc or myelopathy","MSK","Cervical"
"Spondylopathies/spondyloarthropathy (including infective)","Other cervical disc displacement at C4-C5 level","Spine disc or myelopathy","MSK","Cervical"
"Spondylopathies/spondyloarthropathy (including infective)","Other cervical disc displacement at C5-C6 level","Spine disc or myelopathy","MSK","Cervical"
"Spondylopathies/spondyloarthropathy (including infective)","Other cervical disc displacement at C6-C7 level","Spine disc or myelopathy","MSK","Cervical"
"Spondylopathies/spondyloarthropathy (including infective)","Other specified deforming dorsopathies, thoracic region","Spine disc or myelopathy","MSK","Thoracic"
"Spondylopathies/spondyloarthropathy (including infective)","Other specified dorsopathies, site unspecified","MSK s/s","MSK","Pain"
"Spondylopathies/spondyloarthropathy (including infective)","Other spondylosis, cervical region","Spondylo(arthro)pathy","MSK",NA
"Spondylopathies/spondyloarthropathy (including infective)","Spinal instabilities, thoracic region","Spine instability","MSK","Thoracic"
"Spondylopathies/spondyloarthropathy (including infective)","Spinal stenosis, lumbar region with neurogenic claudication","Spinal stenosis","MSK","Lumbar"
"Spondylopathies/spondyloarthropathy (including infective)","Spinal stenosis, lumbar region without neurogenic claudication","Spinal stenosis","MSK","Lumbar"
"Spondylopathies/spondyloarthropathy (including infective)","Spondylolysis, site unspecified","Spondylo(arthro)pathy","MSK",NA
"Spondylopathies/spondyloarthropathy (including infective)","Spondylopathy in diseases classified elsewhere, site unspecified","Spondylo(arthro)pathy","MSK",NA
"Diabetes mellitus; nerve","Other specified diabetes mellitus with diabetic neuropathy, unspecified","Diabetic neuropathy","Neurology",NA
"Headache; including migraine","Chronic paroxysmal hemicrania, intractable","Headache","Neurology",NA
"Headache; including migraine","Chronic post-traumatic headache, intractable","Headache","Neurology",NA
"Headache; including migraine","Chronic tension-type headache, intractable","Headache","Neurology",NA
"Headache; including migraine","Cluster headache syndrome, unspecified, intractable","Headache","Neurology",NA
"Headache; including migraine","Hemicrania continua","Headache","Neurology",NA
"Headache; including migraine","Menstrual migraine, intractable, with status migrainosus","Headache","Neurology","Migraine"
"Headache; including migraine","Migraine without aura, intractable, with status migrainosus","Headache","Neurology","Migraine"
"Headache; including migraine","Migraine, unspecified, intractable, with status migrainosus","Headache","Neurology","Migraine"
"Headache; including migraine","Ophthalmoplegic migraine, intractable","Headache","Neurology","Migraine"
"Headache; including migraine","Other migraine, intractable, with status migrainosus","Headache","Neurology","Migraine"
"Headache; including migraine","Other migraine, not intractable, with status migrainosus","Headache","Neurology","Migraine"
"Headache; including migraine","Persistent migraine aura without cerebral infarction, intractable, without status migrainosus","Headache","Neurology","Migraine"
"Headache; including migraine","Persistent migraine aura without cerebral infarction, not intractable, with status migrainosus","Headache","Neurology","Migraine"
"Headache; including migraine","Primary cough headache","Headache","Neurology",NA
"Headache; including migraine","Primary stabbing headache","Headache","Neurology",NA
"Headache; including migraine","Primary thunderclap headache","Headache","Neurology",NA
"Nervous system pain and pain syndromes","Acute post-thoracotomy pain","Pain syndrome","Neurology",NA
"Nervous system pain and pain syndromes","Chronic post-thoracotomy pain","Pain syndrome","Neurology",NA
"Nervous system signs and symptoms","Borderline intellectual functioning","Nervous system s/s","Neurology","Abnormal Cognition"
"Nervous system signs and symptoms","Other symbolic dysfunctions","Nervous system s/s","Neurology","Abnormal Cognition"
"Nervous system signs and symptoms","Unspecified lack of coordination","Nervous system s/s","Neurology","Abnormal Gait"
"Other nervous system disorders","(Idiopathic) normal pressure hydrocephalus","Nervous System Disorders","Neurology",NA
"Other nervous system disorders","Autonomic dysreflexia","Nervous System Disorders","Neurology","Autonomia"
"Other nervous system disorders","Hereditary ataxia, unspecified","Nervous System Disorders","Neurology",NA
"Other nervous system disorders","Hereditary spastic paraplegia","Nervous System Disorders","Neurology",NA
"Other nervous system disorders","Other chorea","Nervous System Disorders","Neurology",NA
"Other nervous system disorders","Other dystonia","Nervous System Disorders","Neurology",NA
"Other nervous system disorders","Other motor neuron disease","Nervous System Disorders","Neurology",NA
"Other nervous system disorders","Other specified degenerative diseases of nervous system","Nervous System Disorders","Neurology",NA
"Other nervous system disorders","Paraneoplastic neuromyopathy and neuropathy","Nervous System Disorders","Neurology",NA
"Other nervous system disorders","Progressive supranuclear ophthalmoplegia [Steele-Richardson-Olszewski]","Nervous System Disorders","Neurology",NA
"Other nervous system disorders","Secondary parkinsonism, unspecified","Nervous System Disorders","Neurology",NA
"Other nervous system disorders","Stiff-man syndrome","Nervous System Disorders","Neurology",NA
"Polyneuropathies","Radiation-induced polyneuropathy","Polyneuropathies","Neurology",NA
"Headache; including migraine","Cervicogenic headache","Headache","Neurology",NA
"Headache; including migraine","Headache associated with sexual activity","Headache","Neurology",NA
"Headache; including migraine","Headache with orthostatic component, not elsewhere classified","Headache","Neurology",NA
"Headache; including migraine","Headache, unspecified","Headache","Neurology",NA
"Headache; including migraine","Primary exertional headache","Headache","Neurology",NA
"Nervous system pain and pain syndromes","Complex regional pain syndrome I of left lower limb","Pain syndrome","Neurology",NA
"Nervous system pain and pain syndromes","Complex regional pain syndrome I of other specified site","Pain syndrome","Neurology",NA
"Nervous system pain and pain syndromes","Complex regional pain syndrome I of unspecified lower limb","Pain syndrome","Neurology",NA
"Nervous system pain and pain syndromes","Complex regional pain syndrome I, unspecified","Pain syndrome","Neurology",NA
"Nervous system signs and symptoms","Coma scale, best motor response, localizes pain, at arrival to emergency department","Nervous system s/s","Neurology","Abnormal Cognition"
"Nervous system signs and symptoms","Coma scale, best verbal response, none, at arrival to emergency department","Nervous system s/s","Neurology","Abnormal Cognition"
"Nervous system signs and symptoms","Glasgow coma scale score 3-8, unspecified time","Nervous system s/s","Neurology","Abnormal Cognition"
"Nervous system signs and symptoms","Psychomotor deficit","Nervous system s/s","Neurology","Abnormal Gait"
"Other nervous system disorders","Cerebellar ataxia in diseases classified elsewhere","Nervous System Disorders","Neurology",NA
"Other nervous system disorders","Cerebrospinal fluid leak, unspecified","Nervous System Disorders","Neurology",NA
"Other nervous system disorders","Disorder of central nervous system, unspecified","Nervous System Disorders","Neurology",NA
"Other nervous system disorders","Meningeal adhesions (cerebral) (spinal)","Nervous System Disorders","Neurology",NA
"Other nervous system disorders","Myalgic encephalomyelitis/chronic fatigue syndrome","Nervous System Disorders","Neurology","Fatigue Syndrome"
"Other nervous system disorders","Other cranial cerebrospinal fluid leak","Nervous System Disorders","Neurology",NA
"Other nervous system disorders","Other disorders of meninges, not elsewhere classified","Nervous System Disorders","Neurology",NA
"Other nervous system disorders","Other disorders of nervous system","Nervous System Disorders","Neurology",NA
"Other nervous system disorders","Other post infection and related fatigue syndromes","Nervous System Disorders","Neurology","Fatigue Syndrome"
"Other nervous system disorders","Other tics of organic origin","Nervous System Disorders","Neurology",NA
"Other nervous system disorders","Postural orthostatic tachycardia syndrome [POTS]","Nervous System Disorders","Neurology",NA
"Other nervous system disorders","Subacute combined degeneration of spinal cord in diseases classified elsewhere","Nervous System Disorders","Neurology",NA
"Other nervous system disorders","Vascular parkinsonism","Nervous System Disorders","Neurology",NA
"Polyneuropathies","Multifocal motor neuropathy","Polyneuropathies","Neurology",NA
"Polyneuropathies","Serum neuropathy","Polyneuropathies","Neurology",NA
"Nervous system pain and pain syndromes","Complex regional pain syndrome I of right upper limb","Pain syndrome","Neurology",NA
"Anxiety and fear-related disorders","Fear of injections and transfusions","Anxiety/fear disorders","Psych",NA
"Depressive disorders","Postpartum mood disturbance","Mood disorder","Psych",NA
"Symptoms of mental and substance use conditions","Obsessive-compulsive behavior","Mood disorder","Psych",NA
"Symptoms of mental and substance use conditions","Slowness and poor responsiveness","Mental s/s","Psych",NA
"Symptoms of mental and substance use conditions","Very low level of personal hygiene","Mental s/s","Psych",NA
"Anxiety and fear-related disorders","Alcohol abuse with alcohol-induced anxiety disorder","Anxiety/fear disorders","Psych",NA
"Anxiety and fear-related disorders","Other situational type phobia","Anxiety/fear disorders","Psych",NA
"Depressive disorders","Depression, unspecified","Depression","Psych",NA
"Depressive disorders","Other specified depressive episodes","Depression","Psych",NA
"Depressive disorders","Postpartum depression","Depression","Psych",NA
"Depressive disorders","Premenstrual dysphoric disorder","Depression","Psych",NA
"Symptoms of mental and substance use conditions","State of emotional shock and stress, unspecified","Mental s/s","Psych",NA
"Symptoms of mental and substance use conditions","Worries","Mental s/s","Psych",NA
"Acute and unspecified renal failure","Other acute kidney failure","Acute renal failure","Renal/GU",NA
"Acute and unspecified renal failure","Unspecified kidney failure","Acute renal failure","Renal/GU",NA
"Diabetes mellitus; renal complication","Diabetes mellitus due to underlying condition with diabetic nephropathy","Diabetic neuropathy","Renal/GU",NA
"Diabetes mellitus; renal complication","Drug or chemical induced diabetes mellitus with diabetic chronic kidney disease","Diabetic neuropathy","Renal/GU",NA
"Genitourinary signs and symptoms","Acetonuria","Genitourinary s/s","Renal/GU","Other"
"Genitourinary signs and symptoms","Hemoglobinuria","Hematuria","Renal/GU",NA
"Genitourinary signs and symptoms","Vesical tenesmus","Genitourinary s/s","Renal/GU","Other"
"Other specified and unspecified diseases of kidney and ureters","Hypertrophy of kidney","Kidney/Ureters disorder","Renal/GU",NA
"Other specified and unspecified diseases of kidney and ureters","Megaloureter","Kidney/Ureters disorder","Renal/GU",NA
"Other specified and unspecified diseases of kidney and ureters","Other disorders of kidney and ureter in diseases classified elsewhere","Kidney/Ureters disorder","Renal/GU",NA
"Other specified and unspecified diseases of kidney and ureters","Pregnancy related renal disease, third trimester","Kidney/Ureters disorder","Renal/GU",NA
"Other specified and unspecified diseases of kidney and ureters","Renal osteodystrophy","Kidney/Ureters disorder","Renal/GU",NA
"Proteinuria","Bence Jones proteinuria","Proteinuria","Renal/GU",NA
"Proteinuria","Gestational edema with proteinuria, third trimester","Proteinuria","Renal/GU",NA
"Proteinuria","Gestational proteinuria, second trimester","Proteinuria","Renal/GU",NA
"Proteinuria","Gestational proteinuria, third trimester","Proteinuria","Renal/GU",NA
"Proteinuria","Gestational proteinuria, unspecified trimester","Proteinuria","Renal/GU",NA
"Proteinuria","Isolated proteinuria","Proteinuria","Renal/GU",NA
"Proteinuria","Other proteinuria","Proteinuria","Renal/GU",NA
"Urinary tract infections","Gonococcal cystitis and urethritis, unspecified","UTI","Renal/GU",NA
"Urinary tract infections","Nonspecific urethritis","UTI","Renal/GU",NA
"Urinary tract infections","Other chronic cystitis with hematuria","UTI","Renal/GU",NA
"Urinary tract infections","Renal and perinephric abscess","UTI","Renal/GU",NA
"Genitourinary signs and symptoms","Bacteriuria","UTI","Renal/GU",NA
"Genitourinary signs and symptoms","Chronic bladder pain","Genitourinary s/s","Renal/GU","Pain"
"Genitourinary signs and symptoms","Hypercalciuria","Genitourinary s/s","Renal/GU","Other"
"Genitourinary signs and symptoms","Hyperoxaluria","Genitourinary s/s","Renal/GU","Other"
"Genitourinary signs and symptoms","Hypocitraturia","Genitourinary s/s","Renal/GU","Other"
"Genitourinary signs and symptoms","Other abnormal findings in urine","Genitourinary s/s","Renal/GU","Other"
"Genitourinary signs and symptoms","Other difficulties with micturition","Genitourinary s/s","Renal/GU","Other"
"Genitourinary signs and symptoms","Pyuria","UTI","Renal/GU",NA
"Hematuria","Asymptomatic microscopic hematuria","Hematuria","Renal/GU",NA
"Hematuria","Other microscopic hematuria","Hematuria","Renal/GU",NA
"Urinary tract infections","Irradiation cystitis with hematuria","UTI","Renal/GU",NA
"Urinary tract infections","Other chronic tubulo-interstitial nephritis","UTI","Renal/GU",NA
"Urinary tract infections","Other cystitis without hematuria","UTI","Renal/GU",NA
"Acute pulmonary embolism","Septic pulmonary embolism with acute cor pulmonale","Acute PE","Respiratory",NA
"Chronic obstructive pulmonary disease and bronchiectasis","Mixed simple and mucopurulent chronic bronchitis","COPD/bronchiectasis","Respiratory",NA
"Other specified and unspecified lower respiratory disease","Acute interstitial pneumonitis","Lower respiratory disease","Respiratory",NA
"Other specified and unspecified lower respiratory disease","Adult pulmonary Langerhans cell histiocytosis","Lower respiratory disease","Respiratory",NA
"Other specified and unspecified lower respiratory disease","Lymphangioleiomyomatosis","Lower respiratory disease","Respiratory",NA
"Other specified and unspecified lower respiratory disease","Respiratory bronchiolitis interstitial lung disease","Lower respiratory disease","Respiratory",NA
"Other specified and unspecified upper respiratory disease","Upper respiratory tract hypersensitivity reaction, site unspecified","Upper respiratory disease","Respiratory",NA
"Pleurisy, pleural effusion and pulmonary collapse","Pleural plaque with presence of asbestos",NA,NA,NA
"Pneumonia (except that caused by tuberculosis)","Influenza due to identified novel influenza A virus with pneumonia","Pneumonia","Respiratory",NA
"Pneumonia (except that caused by tuberculosis)","Influenza due to other identified influenza virus with the same other identified influenza virus pneumonia","Pneumonia","Respiratory",NA
"Pneumonia (except that caused by tuberculosis)","Influenza due to other identified influenza virus with unspecified type of pneumonia","Pneumonia","Respiratory",NA
"Respiratory signs and symptoms","Asphyxia","Respiratory s/s","Respiratory","Abnormal breathing"
"Respiratory signs and symptoms","Hemorrhage from throat","Respiratory s/s","Respiratory","Hemorrhage"
"Respiratory signs and symptoms","Hyperventilation","Respiratory s/s","Respiratory","Abnormal breathing"
"Acute pulmonary embolism","Multiple subsegmental pulmonary emboli without acute cor pulmonale","Acute PE","Respiratory",NA
"Acute pulmonary embolism","Single subsegmental pulmonary embolism without acute cor pulmonale","Acute PE","Respiratory",NA
"Other specified and unspecified lower respiratory disease","Chronic eosinophilic pneumonia","Pneumonia","Respiratory",NA
"Pneumonia (except that caused by tuberculosis)","Influenza due to unidentified influenza virus with specified pneumonia","Pneumonia","Respiratory",NA
"Pneumonia (except that caused by tuberculosis)","Pneumonia due to Escherichia coli","Pneumonia","Respiratory",NA
"Respiratory signs and symptoms","Acute cough","Respiratory s/s","Respiratory","Cough"
"Respiratory signs and symptoms","Chronic cough","Respiratory s/s","Respiratory","Cough"
"Respiratory signs and symptoms","Cough, unspecified","Respiratory s/s","Respiratory","Cough"
"Respiratory signs and symptoms","Other specified cough","Respiratory s/s","Respiratory","Cough"
"Respiratory signs and symptoms","Subacute cough","Respiratory s/s","Respiratory","Cough"
"Respiratory signs and symptoms","Hemorrhage from respiratory passages, unspecified","Respiratory s/s","Respiratory","Hemorrhage"
"Non-pressure ulcer of skin","Non-pressure chronic ulcer of buttock with unspecified severity","Non-pressure ulcer","Skin",NA
"Non-pressure ulcer of skin","Non-pressure chronic ulcer of left calf limited to breakdown of skin","Non-pressure ulcer","Skin",NA
"Non-pressure ulcer of skin","Non-pressure chronic ulcer of left calf with fat layer exposed","Non-pressure ulcer","Skin",NA
"Non-pressure ulcer of skin","Non-pressure chronic ulcer of other part of left lower leg limited to breakdown of skin","Non-pressure ulcer","Skin",NA
"Non-pressure ulcer of skin","Non-pressure chronic ulcer of other part of right lower leg with fat layer exposed","Non-pressure ulcer","Skin",NA
"Non-pressure ulcer of skin","Non-pressure chronic ulcer of other part of unspecified lower leg with unspecified severity","Non-pressure ulcer","Skin",NA
"Non-pressure ulcer of skin","Non-pressure chronic ulcer of right ankle limited to breakdown of skin","Non-pressure ulcer","Skin",NA
"Non-pressure ulcer of skin","Non-pressure chronic ulcer of right heel and midfoot with fat layer exposed","Non-pressure ulcer","Skin",NA
"Non-pressure ulcer of skin","Non-pressure chronic ulcer of right heel and midfoot with necrosis of muscle","Non-pressure ulcer","Skin",NA
"Other specified and unspecified skin disorders","Beau's lines","Skin disorder","Skin",NA
"Other specified and unspecified skin disorders","Bromhidrosis","Skin disorder","Skin",NA
"Other specified and unspecified skin disorders","Cutis laxa senilis","Skin disorder","Skin",NA
"Other specified and unspecified skin disorders","Disseminated superficial actinic porokeratosis (DSAP)","Skin disorder","Skin",NA
"Other specified and unspecified skin disorders","Hypertrichosis, unspecified","Skin disorder","Skin",NA
"Other specified and unspecified skin disorders","Yellow nail syndrome","Skin disorder","Skin",NA
"Non-pressure ulcer of skin","Non-pressure chronic ulcer of left ankle with fat layer exposed","Non-pressure ulcer","Skin",NA
"Non-pressure ulcer of skin","Non-pressure chronic ulcer of left ankle with other specified severity","Non-pressure ulcer","Skin",NA
"Non-pressure ulcer of skin","Non-pressure chronic ulcer of left thigh limited to breakdown of skin","Non-pressure ulcer","Skin",NA
"Non-pressure ulcer of skin","Non-pressure chronic ulcer of other part of left foot with bone involvement without evidence of necrosis","Non-pressure ulcer","Skin",NA
"Non-pressure ulcer of skin","Non-pressure chronic ulcer of other part of left foot with other specified severity","Non-pressure ulcer","Skin",NA
"Non-pressure ulcer of skin","Non-pressure chronic ulcer of other part of left lower leg with other specified severity","Non-pressure ulcer","Skin",NA
"Non-pressure ulcer of skin","Non-pressure chronic ulcer of other part of right foot with other specified severity","Non-pressure ulcer","Skin",NA
"Non-pressure ulcer of skin","Non-pressure chronic ulcer of other part of right lower leg with other specified severity","Non-pressure ulcer","Skin",NA
"Non-pressure ulcer of skin","Non-pressure chronic ulcer of skin of other sites with muscle involvement without evidence of necrosis","Non-pressure ulcer","Skin",NA
"Non-pressure ulcer of skin","Non-pressure chronic ulcer of skin of other sites with necrosis of muscle","Non-pressure ulcer","Skin",NA
"Non-pressure ulcer of skin","Non-pressure chronic ulcer of unspecified part of unspecified lower leg limited to breakdown of skin","Non-pressure ulcer","Skin",NA
"Other specified and unspecified skin disorders","Excessive and redundant skin and subcutaneous tissue",NA,NA,NA
"Other specified and unspecified skin disorders","Miliaria, unspecified","Skin disorder","Skin",NA
"Other specified and unspecified skin disorders","Other follicular cysts of the skin and subcutaneous tissue","Skin disorder","Skin",NA
"Other specified and unspecified skin disorders","Sclerodactyly","Skin disorder","Skin",NA
"Other specified and unspecified skin disorders","Variations in hair color",NA,NA,NA
"Abnormal findings without diagnosis","Abnormal auditory function study","Hearing loss","Ear",NA
"Abnormal findings without diagnosis","Abnormal blood-gas level","Abnormal Labs/Tests","Systemic",NA
"Abnormal findings without diagnosis","Abnormal cytological findings in specimens from other organs, systems and tissues","Abnormal Labs/Tests","Systemic",NA
"Abnormal findings without diagnosis","Abnormal electromyogram [EMG]","Abnormal Labs/Tests","Systemic",NA
"Abnormal findings without diagnosis","Abnormal histological findings in specimens from digestive organs and abdominal cavity","Abnormal Labs/Tests","Systemic",NA
"Abnormal findings without diagnosis","Abnormal lead level in blood","Abnormal Labs/Tests","Systemic",NA
"Abnormal findings without diagnosis","Abnormal level of other drugs, medicaments and biological substances in specimens from other organs, systems and tissues","Abnormal Labs/Tests","Systemic",NA
"Abnormal findings without diagnosis","Abnormal results of function studies of other organs and systems","Abnormal Labs/Tests","Systemic",NA
"Abnormal findings without diagnosis","Abnormal results of other function studies of central nervous system","Abnormal Labs/Tests","Systemic",NA
"Abnormal findings without diagnosis","Abnormal serum enzyme level, unspecified","Abnormal Labs/Tests","Systemic",NA
"Abnormal findings without diagnosis","Abnormality of alphafetoprotein","Abnormal Labs/Tests","Systemic",NA
"Abnormal findings without diagnosis","Atypical squamous cells cannot exclude high grade squamous intraepithelial lesion on cytologic smear of anus (ASC-H)","Abnormal Labs/Tests","Systemic",NA
"Abnormal findings without diagnosis","Cervical low risk human papillomavirus (HPV) DNA test positive","Abnormal Labs/Tests","Gyn/Pelvis","HPV"
"Abnormal findings without diagnosis","Elevated carcinoembryonic antigen [CEA]","Abnormal Labs/Tests","Systemic",NA
"Abnormal findings without diagnosis","Other abnormal findings in specimens from male genital organs","Abnormal Labs/Tests","Gyn/Pelvis",NA
"Abnormal findings without diagnosis","Other abnormal tumor markers","Abnormal Labs/Tests","Systemic",NA
"Abnormal findings without diagnosis","Satisfactory cervical smear but lacking transformation zone",NA,NA,NA
"Abnormal findings without diagnosis","Unspecified abnormal finding in cerebrospinal fluid","Abnormal Labs/Tests","Neurology",NA
"Abnormal findings without diagnosis","Unspecified abnormal finding in specimens from male genital organs","Abnormal Labs/Tests","Gyn/Pelvis",NA
"Fluid and electrolyte disorders","Transfusion associated circulatory overload","Fluid/electrolyte disorders","Systemic",NA
"Immunity disorders","Autoimmune lymphoproliferative syndrome [ALPS]","Immunity disorders","Systemic",NA
"Immunity disorders","Biotinidase deficiency","Immunity disorders","Systemic",NA
"Immunity disorders","Chronic graft-versus-host disease","Immunity disorders","Systemic",NA
"Immunity disorders","Combined immunodeficiency, unspecified","Immunity disorders","Systemic",NA
"Immunity disorders","Common variable immunodeficiency with predominant immunoregulatory T-cell disorders","Immunity disorders","Systemic",NA
"Immunity disorders","Cryoglobulinemia","Immunity disorders","Systemic",NA
"Immunity disorders","Hypergammaglobulinemia, unspecified","Immunity disorders","Systemic",NA
"Immunity disorders","Idiopathic mast cell activation syndrome","Immunity disorders","Systemic",NA
"Immunity disorders","Immunodeficiency with predominantly antibody defects, unspecified","Immunity disorders","Systemic",NA
"Immunity disorders","Mast cell activation, unspecified","Immunity disorders","Systemic",NA
"Immunity disorders","Other common variable immunodeficiencies","Immunity disorders","Systemic",NA
"Immunity disorders","Other immunodeficiencies with predominantly antibody defects","Immunity disorders","Systemic",NA
"Immunity disorders","Sarcoidosis of lymph nodes","Immunity disorders","Systemic",NA
"Immunity disorders","Sarcoidosis of other sites","Immunity disorders","Systemic",NA
"Immunity disorders","Selective deficiency of immunoglobulin A [IgA]","Immunity disorders","Systemic",NA
"Immunity disorders","Selective deficiency of immunoglobulin G [IgG] subclasses","Immunity disorders","Systemic",NA
"Immunity disorders","Selective deficiency of immunoglobulin M [IgM]","Immunity disorders","Systemic",NA
"Nutritional deficiencies","Dietary calcium deficiency","Nutritional deficiencies","Systemic",NA
"Nutritional deficiencies","Dietary selenium deficiency","Nutritional deficiencies","Systemic",NA
"Other general signs and symptoms","Systemic inflammatory response syndrome (SIRS) of non-infectious origin with acute organ dysfunction","Immunity disorders","Systemic",NA
"Sleep wake disorders","Insufficient sleep syndrome","Sleep disorders","Systemic",NA
"Sleep wake disorders","Narcolepsy with cataplexy","Sleep disorders","Systemic",NA
"Sleep wake disorders","Other parasomnia","Sleep disorders","Systemic",NA
"Sleep wake disorders","Other sleep related movement disorders","Sleep disorders","Systemic",NA
"Sleep wake disorders","Sleep disorder not due to a substance or known physiological condition, unspecified","Sleep disorders","Systemic",NA
"Sleep wake disorders","Sleep related hypoventilation in conditions classified elsewhere","Sleep disorders","Systemic",NA
"Abnormal findings without diagnosis","Abnormal brain scan","Abnormal Labs/Tests","Neurology",NA
"Abnormal findings without diagnosis","Abnormal findings in other body fluids and substances","Abnormal Labs/Tests","Systemic",NA
"Abnormal findings without diagnosis","Abnormal findings of blood amino-acid level","Abnormal Labs/Tests","Systemic",NA
"Abnormal findings without diagnosis","Abnormal findings on diagnostic imaging of other specified body structures","Abnormal Labs/Tests","Systemic",NA
"Abnormal findings without diagnosis","Abnormal histological findings in specimens from female genital organs","Abnormal Labs/Tests","Gyn/Pelvis",NA
"Abnormal findings without diagnosis","Abnormal level of other drugs, medicaments and biological substances in cerebrospinal fluid","Abnormal Labs/Tests","Systemic",NA
"Abnormal findings without diagnosis","Abnormal microbiological findings in specimens from other organs, systems and tissues","Abnormal Labs/Tests","Systemic",NA
"Abnormal findings without diagnosis","Abnormal plasma viscosity","Abnormal Labs/Tests","Systemic",NA
"Abnormal findings without diagnosis","Abnormal radiologic findings on diagnostic imaging of renal pelvis, ureter, or bladder","Abnormal Labs/Tests","Renal/GU",NA
"Abnormal findings without diagnosis","Abnormal radiologic findings on diagnostic imaging of right kidney","Abnormal Labs/Tests","Renal/GU",NA
"Abnormal findings without diagnosis","Abnormal radiologic findings on diagnostic imaging of unspecified kidney","Abnormal Labs/Tests","Renal/GU",NA
"Abnormal findings without diagnosis","Abnormal response to nerve stimulation, unspecified","Abnormal Labs/Tests","Neurology",NA
"Abnormal findings without diagnosis","Abnormal vestibular function study","Abnormal Labs/Tests","Ear",NA
"Abnormal findings without diagnosis","Abnormality of albumin","Abnormal Labs/Tests","Systemic",NA
"Abnormal findings without diagnosis","Elevated prostate specific antigen [PSA]","Abnormal Labs/Tests","Gyn/Pelvis",NA
"Abnormal findings without diagnosis","Elevation of levels of lactic acid dehydrogenase [LDH]","Abnormal Labs/Tests","Systemic","Abnormal glucose"
"Abnormal findings without diagnosis","Elevation of levels of liver transaminase levels","Liver","GI",NA
"Abnormal findings without diagnosis","High grade squamous intraepithelial lesion on cytologic smear of anus (HGSIL)","Abnormal Labs/Tests","Gyn/Pelvis",NA
"Abnormal findings without diagnosis","Prediabetes","Pancreas","Endocrine","Prediabetes"
"Abnormal findings without diagnosis","Rising PSA following treatment for malignant neoplasm of prostate","Abnormal Labs/Tests","Gyn/Pelvis",NA
"Fluid and electrolyte disorders","Acidosis, unspecified","Fluid/electrolyte disorders","Systemic",NA
"Fluid and electrolyte disorders","Other acidosis","Fluid/electrolyte disorders","Systemic",NA
"Immunity disorders","Cytokine release syndrome, grade 1","Immunity disorders","Systemic",NA
"Immunity disorders","Cytokine release syndrome, grade 2","Immunity disorders","Systemic",NA
"Immunity disorders","Cytokine release syndrome, grade 3","Immunity disorders","Systemic",NA
"Immunity disorders","Cytokine release syndrome, grade unspecified","Immunity disorders","Systemic",NA
"Immunity disorders","Hereditary alpha tryptasemia","Immunity disorders","Systemic",NA
"Immunity disorders","Hereditary hypogammaglobulinemia","Immunity disorders","Systemic",NA
"Immunity disorders","Immunodeficiency due to conditions classified elsewhere","Immunity disorders","Systemic",NA
"Immunity disorders","Immunodeficiency due to drugs","Immunity disorders","Systemic",NA
"Immunity disorders","Other immunodeficiencies","Immunity disorders","Systemic",NA
"Nutritional deficiencies","Dry beriberi","Nutritional deficiencies","Systemic",NA
"Nutritional deficiencies","Rickets, active","Nutritional deficiencies","Systemic",NA
"Other general signs and symptoms","Delayed milestone in childhood",NA,"Pediatric",NA
"Other general signs and symptoms","Feeding difficulties, unspecified",NA,"Pediatric",NA
"Other general signs and symptoms","Fussy infant (baby)",NA,"Pediatric",NA
"Other general signs and symptoms","Other feeding difficulties",NA,"Pediatric",NA
"Other general signs and symptoms","Other nonspecific symptoms peculiar to infancy",NA,"Pediatric",NA
"Sleep wake disorders","Circadian rhythm sleep disorder, advanced sleep phase type","Sleep disorders","Systemic",NA
"Sleep wake disorders","Recurrent isolated sleep paralysis","Sleep disorders","Systemic",NA
