"concept_cd","ICD_Description","Long_COVID_Likelihood_Speculative","Explanation_Speculative","Chronic_Status","Chronic_Explanation"
"ICD10:R14.0","Abdominal distension (gaseous)","Low","Possible association based on systemic inflammation patterns","Can-be-Chronic","Symptom/condition that can become chronic if persistent"
"ICD10:R10.819","Abdominal tenderness, unspecified site","Low","Possible association based on systemic inflammation patterns","Can-be-Chronic","Symptom/condition that can become chronic if persistent"
"ICD10:R10.0","Acute abdomen","Low","Possible association based on systemic inflammation patterns","Can-be-Chronic","Symptom/condition that can become chronic if persistent"
"ICD10:R13.0","Aphagia","Low","Possible association based on systemic inflammation patterns","Can-be-Chronic","Symptom/condition that can become chronic if persistent"
"ICD10:R19.4","Change in bowel habit","Low","Possible association based on systemic inflammation patterns","Can-be-Chronic","Symptom/condition that can become chronic if persistent"
"ICD10:R10.83","Colic","Low","Possible association based on systemic inflammation patterns","Can-be-Chronic","Symptom/condition that can become chronic if persistent"
"ICD10:R19.7","Diarrhea, unspecified","Low","Possible association based on systemic inflammation patterns","Can-be-Chronic","Symptom/condition that can become chronic if persistent"
"ICD10:R10.816","Epigastric abdominal tenderness","Low","Possible association based on systemic inflammation patterns","Can-be-Chronic","Symptom/condition that can become chronic if persistent"
"ICD10:R10.13","Epigastric pain","Low","Possible association based on systemic inflammation patterns","Can-be-Chronic","Symptom/condition that can become chronic if persistent"
"ICD10:R19.06","Epigastric swelling, mass or lump","Low","Possible association based on systemic inflammation patterns","Can-be-Chronic","Symptom/condition that can become chronic if persistent"
"ICD10:R14.2","Eructation","Low","Possible association based on systemic inflammation patterns","Can-be-Chronic","Symptom/condition that can become chronic if persistent"
"ICD10:R15.1","Fecal smearing","Low","Possible association based on systemic inflammation patterns","Can-be-Chronic","Symptom/condition that can become chronic if persistent"
"ICD10:R15.2","Fecal urgency","Low","Possible association based on systemic inflammation patterns","Can-be-Chronic","Symptom/condition that can become chronic if persistent"
"ICD10:R14.3","Flatulence","Low","Possible association based on systemic inflammation patterns","Can-be-Chronic","Symptom/condition that can become chronic if persistent"
"ICD10:R15.9","Full incontinence of feces","Low","Possible association based on systemic inflammation patterns","Can-be-Chronic","Symptom/condition that can become chronic if persistent"
"ICD10:R14.1","Gas pain","Low","Possible association based on systemic inflammation patterns","Can-be-Chronic","Symptom/condition that can become chronic if persistent"
"ICD10:R10.84","Generalized abdominal pain","Low","Possible association based on systemic inflammation patterns","Can-be-Chronic","Symptom/condition that can become chronic if persistent"
"ICD10:R19.07","Generalized intra-abdominal and pelvic swelling, mass and lump","Low","Possible association based on systemic inflammation patterns","Can-be-Chronic","Symptom/condition that can become chronic if persistent"
"ICD10:R19.6","Halitosis","Low","Possible association based on systemic inflammation patterns","Can-be-Chronic","Symptom/condition that can become chronic if persistent"
"ICD10:R12","Heartburn","Unlikely","No clear association with long COVID","Variable","Can be acute or chronic depending on context"
"ICD10:R16.2","Hepatomegaly with splenomegaly, not elsewhere classified","Unlikely","No clear association with long COVID","Variable","Can be acute or chronic depending on context"
"ICD10:R16.0","Hepatomegaly, not elsewhere classified","Unlikely","No clear association with long COVID","Variable","Can be acute or chronic depending on context"
"ICD10:R19.12","Bowel sounds","Low","Possible association based on systemic inflammation patterns","Can-be-Chronic","Symptom/condition that can become chronic if persistent"
"ICD10:R15.0","Incomplete defecation","Low","Possible association based on systemic inflammation patterns","Can-be-Chronic","Symptom/condition that can become chronic if persistent"
"ICD10:R19.00","Intra-abdominal and pelvic swelling, mass and lump, unspecified site","Low","Possible association based on systemic inflammation patterns","Can-be-Chronic","Symptom/condition that can become chronic if persistent"
"ICD10:R19.04","Left lower quadrant abdominal swelling, mass and lump","Low","Possible association based on systemic inflammation patterns","Can-be-Chronic","Symptom/condition that can become chronic if persistent"
"ICD10:R10.814","Left lower quadrant abdominal tenderness","Low","Possible association based on systemic inflammation patterns","Can-be-Chronic","Symptom/condition that can become chronic if persistent"
"ICD10:R10.32","Left lower quadrant pain","Low","Possible association based on systemic inflammation patterns","Can-be-Chronic","Symptom/condition that can become chronic if persistent"
"ICD10:R19.02","Left upper quadrant abdominal swelling, mass and lump","Low","Possible association based on systemic inflammation patterns","Can-be-Chronic","Symptom/condition that can become chronic if persistent"
"ICD10:R10.812","Left upper quadrant abdominal tenderness","Low","Possible association based on systemic inflammation patterns","Can-be-Chronic","Symptom/condition that can become chronic if persistent"
"ICD10:R10.12","Left upper quadrant pain","Low","Possible association based on systemic inflammation patterns","Can-be-Chronic","Symptom/condition that can become chronic if persistent"
"ICD10:R10.822","Left upper quadrant rebound abdominal tenderness","Low","Possible association based on systemic inflammation patterns","Can-be-Chronic","Symptom/condition that can become chronic if persistent"
"ICD10:R10.30","Lower abdominal pain, unspecified","Low","Possible association based on systemic inflammation patterns","Can-be-Chronic","Symptom/condition that can become chronic if persistent"
"ICD10:R18.8","Other ascites","Unlikely","No clear association with long COVID","Variable","Can be acute or chronic depending on context"
"ICD10:R19.5","Other fecal abnormalities","Low","Possible association based on systemic inflammation patterns","Can-be-Chronic","Symptom/condition that can become chronic if persistent"
"ICD10:R19.09","Other intra-abdominal and pelvic swelling, mass and lump","Low","Possible association based on systemic inflammation patterns","Can-be-Chronic","Symptom/condition that can become chronic if persistent"
"ICD10:R19.8","Other specified symptoms involving digestive system","Low","Possible association based on systemic inflammation patterns","Can-be-Chronic","Symptom/condition that can become chronic if persistent"
"ICD10:R10.2","Pelvic and perineal pain","Low","Possible association based on systemic inflammation patterns","Can-be-Chronic","Symptom/condition that can become chronic if persistent"
"ICD10:R19.05","Periumbilic swelling, mass or lump","Low","Possible association based on systemic inflammation patterns","Can-be-Chronic","Symptom/condition that can become chronic if persistent"
"ICD10:R10.33","Periumbilical pain","Low","Possible association based on systemic inflammation patterns","Can-be-Chronic","Symptom/condition that can become chronic if persistent"
"ICD10:R19.03","Right lower quadrant abdominal swelling, mass and lump","Low","Possible association based on systemic inflammation patterns","Can-be-Chronic","Symptom/condition that can become chronic if persistent"
"ICD10:R10.813","Right lower quadrant abdominal tenderness","Low","Possible association based on systemic inflammation patterns","Can-be-Chronic","Symptom/condition that can become chronic if persistent"
"ICD10:R10.31","Right lower quadrant pain","Low","Possible association based on systemic inflammation patterns","Can-be-Chronic","Symptom/condition that can become chronic if persistent"
"ICD10:R19.01","Right upper quadrant abdominal swelling, mass and lump","Low","Possible association based on systemic inflammation patterns","Can-be-Chronic","Symptom/condition that can become chronic if persistent"
"ICD10:R10.811","Right upper quadrant abdominal tenderness","Low","Possible association based on systemic inflammation patterns","Can-be-Chronic","Symptom/condition that can become chronic if persistent"
"ICD10:R10.11","Right upper quadrant pain","Low","Possible association based on systemic inflammation patterns","Can-be-Chronic","Symptom/condition that can become chronic if persistent"
"ICD10:R16.1","Splenomegaly, not elsewhere classified","Unlikely","No clear association with long COVID","Variable","Can be acute or chronic depending on context"
"ICD10:R10.9","Unspecified abdominal pain","Low","Possible association based on systemic inflammation patterns","Can-be-Chronic","Symptom/condition that can become chronic if persistent"
"ICD10:R17","Unspecified jaundice","Unlikely","No clear association with long COVID","Variable","Can be acute or chronic depending on context"
"ICD10:R10.10","Upper abdominal pain, unspecified","Low","Possible association based on systemic inflammation patterns","Can-be-Chronic","Symptom/condition that can become chronic if persistent"
"ICD10:R19.2","Visible peristalsis","Low","Possible association based on systemic inflammation patterns","Can-be-Chronic","Symptom/condition that can become chronic if persistent"
"ICD10:R94.120","Abnormal pulmonary function study","Unlikely","No clear association with long COVID","Variable","Can be acute or chronic depending on context"
"ICD10:R79.81","Abnormal blood-gas level","Low","Possible association based on systemic inflammation patterns","Variable","Can be acute or chronic depending on context"
"ICD10:R79.1","Abnormal coagulation profile","Low","Possible association based on systemic inflammation patterns","Variable","Can be acute or chronic depending on context"
"ICD10:R83.6","Abnormal findings in cerebrospinal fluid (R83.6)","Unlikely","No clear association with long COVID","Variable","Can be acute or chronic depending on context"
"ICD10:R85.69","Abnormal findings in specimens from female genital organs (R85.69)","Unlikely","No clear association with long COVID","Variable","Can be acute or chronic depending on context"
"ICD10:R89.6","Abnormal findings in specimens from other organs, systems and tissues (R89.6)","Unlikely","No clear association with long COVID","Variable","Can be acute or chronic depending on context"
"ICD10:R84.6","Abnormal findings in specimens from respiratory organs and thorax (R84.6)","Unlikely","No clear association with long COVID","Variable","Can be acute or chronic depending on context"
"ICD10:R94.31","Abnormal electrocardiogram [ECG] [EKG]","Unlikely","No clear association with long COVID","Variable","Can be acute or chronic depending on context"
"ICD10:R94.01","Abnormal electrocardiogram [ECG] [EKG]","Unlikely","No clear association with long COVID","Variable","Can be acute or chronic depending on context"
"ICD10:R94.131","Abnormal hepatic function study","Unlikely","No clear association with long COVID","Variable","Can be acute or chronic depending on context"
"ICD10:R79.9","Abnormal finding of blood chemistry, unspecified","Low","Possible association based on systemic inflammation patterns","Variable","Can be acute or chronic depending on context"
"ICD10:R93.1","Abnormal findings on diagnostic imaging of other body structures (R93.1)","Unlikely","No clear association with long COVID","Variable","Can be acute or chronic depending on context"
"ICD10:R93.6","Abnormal findings on diagnostic imaging of other body structures (R93.6)","Unlikely","No clear association with long COVID","Variable","Can be acute or chronic depending on context"
"ICD10:R93.2","Abnormal findings on diagnostic imaging of other body structures (R93.2)","Unlikely","No clear association with long COVID","Variable","Can be acute or chronic depending on context"
"ICD10:R93.5","Abnormal findings on diagnostic imaging of other body structures (R93.5)","Unlikely","No clear association with long COVID","Variable","Can be acute or chronic depending on context"
"ICD10:R93.3","Abnormal findings on diagnostic imaging of other body structures (R93.3)","Unlikely","No clear association with long COVID","Variable","Can be acute or chronic depending on context"
"7934","Unknown category (7934)","Unlikely","No clear association with long COVID","Variable","Can be acute or chronic depending on context"
"ICD10:R93.7","Abnormal findings on diagnostic imaging of other body structures (R93.7)","Unlikely","No clear association with long COVID","Variable","Can be acute or chronic depending on context"
"ICD10:R93.0","Abnormal findings on diagnostic imaging of other body structures (R93.0)","Unlikely","No clear association with long COVID","Variable","Can be acute or chronic depending on context"
"ICD10:R85.7","Abnormal findings in specimens from female genital organs (R85.7)","Unlikely","No clear association with long COVID","Variable","Can be acute or chronic depending on context"
"ICD10:R76.9","Other specified abnormal findings (R76)","Low","Possible association based on systemic inflammation patterns","Variable","Can be acute or chronic depending on context"
"ICD10:R89.4","Abnormal findings in specimens from other organs, systems and tissues (R89.4)","Unlikely","No clear association with long COVID","Variable","Can be acute or chronic depending on context"
"ICD10:R78.71","Other specified abnormal findings (R78)","Unlikely","No clear association with long COVID","Variable","Can be acute or chronic depending on context"
"ICD10:R79.0","Abnormal level of blood mineral","Low","Possible association based on systemic inflammation patterns","Variable","Can be acute or chronic depending on context"
"ICD10:R89.1","Abnormal findings in specimens from other organs, systems and tissues (R89.1)","Unlikely","No clear association with long COVID","Variable","Can be acute or chronic depending on context"
"ICD10:R89.2","Abnormal findings in specimens from other organs, systems and tissues (R89.2)","Unlikely","No clear association with long COVID","Variable","Can be acute or chronic depending on context"
"ICD10:R74.8","Abnormal levels of other serum enzymes","Unlikely","No clear association with long COVID","Variable","Can be acute or chronic depending on context"
"ICD10:R87.5","Abnormal findings in specimens from female genital organs (R87.5)","Unlikely","No clear association with long COVID","Variable","Can be acute or chronic depending on context"
"ICD10:R84.5","Abnormal findings in specimens from respiratory organs and thorax (R84.5)","Unlikely","No clear association with long COVID","Variable","Can be acute or chronic depending on context"
"ICD10:R94.30","Abnormal result of cardiovascular function study, unspecified","Unlikely","No clear association with long COVID","Variable","Can be acute or chronic depending on context"
"ICD10:R94.39","Abnormal result of other cardiovascular function study","Unlikely","No clear association with long COVID","Variable","Can be acute or chronic depending on context"
"ICD10:R94.8","Abnormal results of function studies of other organs and systems","Unlikely","No clear association with long COVID","Variable","Can be acute or chronic depending on context"
"ICD10:R94.4","Abnormal results of kidney function studies","Unlikely","No clear association with long COVID","Variable","Can be acute or chronic depending on context"
"ICD10:R94.5","Abnormal results of liver function studies","Unlikely","No clear association with long COVID","Variable","Can be acute or chronic depending on context"
"ICD10:R94.7","Abnormal results of other endocrine function studies","Unlikely","No clear association with long COVID","Variable","Can be acute or chronic depending on context"
"ICD10:R94.09","Abnormal result of other cardiovascular function study","Unlikely","No clear association with long COVID","Variable","Can be acute or chronic depending on context"
"ICD10:R94.2","Abnormal results of pulmonary function studies","Unlikely","No clear association with long COVID","Variable","Can be acute or chronic depending on context"
"ICD10:R94.6","Abnormal results of thyroid function studies","Unlikely","No clear association with long COVID","Variable","Can be acute or chronic depending on context"
"ICD10:R74.9","Abnormal serum enzyme level, unspecified","Unlikely","No clear association with long COVID","Variable","Can be acute or chronic depending on context"
"ICD10:R77.2","Abnormality of alphafetoprotein","Unlikely","No clear association with long COVID","Variable","Can be acute or chronic depending on context"
"ICD10:R77.1","Abnormality of globulin","Unlikely","No clear association with long COVID","Variable","Can be acute or chronic depending on context"
"ICD10:R77.9","Abnormality of plasma protein, unspecified","Unlikely","No clear association with long COVID","Variable","Can be acute or chronic depending on context"
"ICD10:R85.81","Abnormal findings in specimens from female genital organs (R85.81)","Unlikely","No clear association with long COVID","Variable","Can be acute or chronic depending on context"
"ICD10:R85.611","Abnormal findings in specimens from female genital organs (R85.611)","Unlikely","No clear association with long COVID","Variable","Can be acute or chronic depending on context"
"ICD10:R87.611","Abnormal findings in specimens from female genital organs (R87.611)","Unlikely","No clear association with long COVID","Variable","Can be acute or chronic depending on context"
"ICD10:R85.610","Abnormal findings in specimens from female genital organs (R85.610)","Unlikely","No clear association with long COVID","Variable","Can be acute or chronic depending on context"
"ICD10:R87.610","Abnormal findings in specimens from female genital organs (R87.610)","Unlikely","No clear association with long COVID","Variable","Can be acute or chronic depending on context"
"ICD10:R87.620","Abnormal findings in specimens from female genital organs (R87.620)","Unlikely","No clear association with long COVID","Variable","Can be acute or chronic depending on context"
"ICD10:R78.81","Other specified abnormal findings (R78)","Unlikely","No clear association with long COVID","Variable","Can be acute or chronic depending on context"
"ICD10:R87.810","Abnormal findings in specimens from female genital organs (R87.810)","Unlikely","No clear association with long COVID","Variable","Can be acute or chronic depending on context"
"ICD10:R87.820","Abnormal findings in specimens from female genital organs (R87.820)","Unlikely","No clear association with long COVID","Variable","Can be acute or chronic depending on context"
"ICD10:R79.82","Elevated C-reactive protein (CRP)","Low","Possible association based on systemic inflammation patterns","Variable","Can be acute or chronic depending on context"
"ICD10:R97.1","Abnormal tumor markers (R97.1)","Unlikely","No clear association with long COVID","Variable","Can be acute or chronic depending on context"
"ICD10:R97.0","Abnormal tumor markers (R97.0)","Unlikely","No clear association with long COVID","Variable","Can be acute or chronic depending on context"
"ICD10:R70.0","Elevated erythrocyte sedimentation rate","Low","Possible association based on systemic inflammation patterns","Variable","Can be acute or chronic depending on context"
"ICD10:R78.89","Other specified abnormal findings (R78)","Unlikely","No clear association with long COVID","Variable","Can be acute or chronic depending on context"
"ICD10:R81","Other specified abnormal findings (R81)","Unlikely","No clear association with long COVID","Variable","Can be acute or chronic depending on context"
"ICD10:R87.613","Abnormal findings in specimens from female genital organs (R87.613)","Unlikely","No clear association with long COVID","Variable","Can be acute or chronic depending on context"
"ICD10:R87.623","Abnormal findings in specimens from female genital organs (R87.623)","Unlikely","No clear association with long COVID","Variable","Can be acute or chronic depending on context"
"ICD10:R73.9","Hyperglycemia, unspecified","Low","Possible association based on systemic inflammation patterns","Variable","Can be acute or chronic depending on context"
"ICD10:R73.01","Impaired fasting glucose","Low","Possible association based on systemic inflammation patterns","Variable","Can be acute or chronic depending on context"
"ICD10:R73.02","Impaired glucose tolerance (oral)","Low","Possible association based on systemic inflammation patterns","Variable","Can be acute or chronic depending on context"
"ICD10:R75","Other specified abnormal findings (R75)","Unlikely","No clear association with long COVID","Variable","Can be acute or chronic depending on context"
"ICD10:R85.612","Abnormal findings in specimens from female genital organs (R85.612)","Unlikely","No clear association with long COVID","Variable","Can be acute or chronic depending on context"
"ICD10:R87.612","Abnormal findings in specimens from female genital organs (R87.612)","Unlikely","No clear association with long COVID","Variable","Can be acute or chronic depending on context"
"ICD10:R87.622","Abnormal findings in specimens from female genital organs (R87.622)","Unlikely","No clear association with long COVID","Variable","Can be acute or chronic depending on context"
"ICD10:R74.0","Nonspecific elevation of levels of transaminase and lactic acid dehydrogenase","Unlikely","No clear association with long COVID","Variable","Can be acute or chronic depending on context"
"ICD10:R76.12","Other specified abnormal findings (R76)","Low","Possible association based on systemic inflammation patterns","Variable","Can be acute or chronic depending on context"
"ICD10:R76.11","Other specified abnormal findings (R76)","Low","Possible association based on systemic inflammation patterns","Variable","Can be acute or chronic depending on context"
"ICD10:R85.618","Abnormal findings in specimens from female genital organs (R85.618)","Unlikely","No clear association with long COVID","Variable","Can be acute or chronic depending on context"
"ICD10:R87.618","Abnormal findings in specimens from female genital organs (R87.618)","Unlikely","No clear association with long COVID","Variable","Can be acute or chronic depending on context"
"ICD10:R87.89","Abnormal findings in specimens from female genital organs (R87.89)","Unlikely","No clear association with long COVID","Variable","Can be acute or chronic depending on context"
"ICD10:R86.8","Other specified abnormal findings (R86)","Unlikely","No clear association with long COVID","Variable","Can be acute or chronic depending on context"
"ICD10:R89.8","Abnormal findings in specimens from other organs, systems and tissues (R89.8)","Unlikely","No clear association with long COVID","Variable","Can be acute or chronic depending on context"
"ICD10:R84.8","Abnormal findings in specimens from respiratory organs and thorax (R84.8)","Unlikely","No clear association with long COVID","Variable","Can be acute or chronic depending on context"
"ICD10:R90.89","Other specified abnormal findings (R90)","Unlikely","No clear association with long COVID","Variable","Can be acute or chronic depending on context"
"ICD10:R73.09","Other abnormal glucose","Low","Possible association based on systemic inflammation patterns","Variable","Can be acute or chronic depending on context"
"ICD10:R97.8","Abnormal tumor markers (R97.8)","Unlikely","No clear association with long COVID","Variable","Can be acute or chronic depending on context"
"ICD10:R71.8","Other specified abnormal findings (R71)","Unlikely","No clear association with long COVID","Variable","Can be acute or chronic depending on context"
"ICD10:R91.8","Other specified abnormal findings (R91)","Unlikely","No clear association with long COVID","Variable","Can be acute or chronic depending on context"
"ICD10:R79.89","Other specified abnormal findings of blood chemistry","Low","Possible association based on systemic inflammation patterns","Variable","Can be acute or chronic depending on context"
"ICD10:R76.8","Other specified abnormal findings (R76)","Low","Possible association based on systemic inflammation patterns","Variable","Can be acute or chronic depending on context"
"ICD10:R77.8","Other specified abnormalities of plasma proteins","Unlikely","No clear association with long COVID","Variable","Can be acute or chronic depending on context"
"ICD10:R71.0","Other specified abnormal findings (R71)","Unlikely","No clear association with long COVID","Variable","Can be acute or chronic depending on context"
"ICD10:R76.0","Other specified abnormal findings (R76)","Low","Possible association based on systemic inflammation patterns","Variable","Can be acute or chronic depending on context"
"ICD10:R87.616","Abnormal findings in specimens from female genital organs (R87.616)","Unlikely","No clear association with long COVID","Variable","Can be acute or chronic depending on context"
"ICD10:R91.1","Other specified abnormal findings (R91)","Unlikely","No clear association with long COVID","Variable","Can be acute or chronic depending on context"
"ICD10:R87.615","Abnormal findings in specimens from female genital organs (R87.615)","Unlikely","No clear association with long COVID","Variable","Can be acute or chronic depending on context"
"ICD10:R85.619","Abnormal findings in specimens from female genital organs (R85.619)","Unlikely","No clear association with long COVID","Variable","Can be acute or chronic depending on context"
"ICD10:R87.619","Abnormal findings in specimens from female genital organs (R87.619)","Unlikely","No clear association with long COVID","Variable","Can be acute or chronic depending on context"
"ICD10:R87.629","Abnormal findings in specimens from female genital organs (R87.629)","Unlikely","No clear association with long COVID","Variable","Can be acute or chronic depending on context"
"ICD10:R83.9","Abnormal findings in cerebrospinal fluid (R83.9)","Unlikely","No clear association with long COVID","Variable","Can be acute or chronic depending on context"
"ICD10:R86.9","Other specified abnormal findings (R86)","Unlikely","No clear association with long COVID","Variable","Can be acute or chronic depending on context"
"ICD10:R89.9","Abnormal findings in specimens from other organs, systems and tissues (R89.9)","Unlikely","No clear association with long COVID","Variable","Can be acute or chronic depending on context"
"ICD10:R87.811","Abnormal findings in specimens from female genital organs (R87.811)","Unlikely","No clear association with long COVID","Variable","Can be acute or chronic depending on context"
"ICD10:R90.82","Other specified abnormal findings (R90)","Unlikely","No clear association with long COVID","Variable","Can be acute or chronic depending on context"
"ICD10:N17.0","Acute kidney failure with tubular necrosis","Moderate","Emerging evidence or plausible systemic associations","Acute","Typically acute condition or intervention"
"ICD10:N17.9","Acute kidney failure, unspecified","Moderate","Emerging evidence or plausible systemic associations","Acute","Typically acute condition or intervention"
"ICD10:N17.8","Other acute kidney failure","Moderate","Emerging evidence or plausible systemic associations","Acute","Typically acute condition or intervention"
"ICD10:N19","Unspecified kidney failure","Moderate","Emerging evidence or plausible systemic associations","Variable","Can be acute or chronic depending on context"
"ICD10:I26.09","Other pulmonary embolism with acute cor pulmonale","Moderate","Emerging evidence or plausible systemic associations","Acute","Typically acute condition or intervention"
"ICD10:I26.99","Other pulmonary embolism without acute cor pulmonale","Moderate","Emerging evidence or plausible systemic associations","Acute","Typically acute condition or intervention"
"ICD10:I26.02","Saddle embolus of pulmonary artery with acute cor pulmonale","Moderate","Emerging evidence or plausible systemic associations","Acute","Typically acute condition or intervention"
"ICD10:I26.92","Saddle embolus of pulmonary artery without acute cor pulmonale","Moderate","Emerging evidence or plausible systemic associations","Acute","Typically acute condition or intervention"
"ICD10:I26.01","Septic pulmonary embolism with acute cor pulmonale","Moderate","Emerging evidence or plausible systemic associations","Acute","Typically acute condition or intervention"
"ICD10:I26.90","Septic pulmonary embolism without acute cor pulmonale","Moderate","Emerging evidence or plausible systemic associations","Acute","Typically acute condition or intervention"
"ICD10:F40.01","Phobic anxiety disorders (F40.01)","Unlikely","No clear association with long COVID","Variable","Can be acute or chronic depending on context"
"ICD10:F06.4","Anxiety disorder due to known physiological condition","Moderate-High","Well-documented secondary long COVID symptoms","Chronic","Inherently chronic condition or long-term management required"
"ICD10:F41.9","Anxiety disorder, unspecified","Moderate-High","Well-documented secondary long COVID symptoms","Chronic","Inherently chronic condition or long-term management required"
"ICD10:F40.240","Claustrophobia","Unlikely","No clear association with long COVID","Variable","Can be acute or chronic depending on context"
"ICD10:F40.243","Fear of blood","Unlikely","No clear association with long COVID","Variable","Can be acute or chronic depending on context"
"ICD10:F40.231","Phobic anxiety disorders (F40.231)","Unlikely","No clear association with long COVID","Variable","Can be acute or chronic depending on context"
"ICD10:F41.1","Generalized anxiety disorder","Moderate-High","Well-documented secondary long COVID symptoms","Chronic","Inherently chronic condition or long-term management required"
"ICD10:F41.3","Other mixed anxiety disorders","Moderate-High","Well-documented secondary long COVID symptoms","Chronic","Inherently chronic condition or long-term management required"
"ICD10:F19.980","Mental, behavioral and neurodevelopmental disorders (F19.980)","Unlikely","No clear association with long COVID","Variable","Can be acute or chronic depending on context"
"ICD10:F41.8","Other specified anxiety disorders","Moderate-High","Well-documented secondary long COVID symptoms","Chronic","Inherently chronic condition or long-term management required"
"ICD10:F40.298","Phobic anxiety disorders (F40.298)","Unlikely","No clear association with long COVID","Variable","Can be acute or chronic depending on context"
"ICD10:F41.0","Panic disorder [episodic paroxysmal anxiety]","Moderate-High","Well-documented secondary long COVID symptoms","Chronic","Inherently chronic condition or long-term management required"
"ICD10:F40.9","Phobic anxiety disorders (F40.9)","Unlikely","No clear association with long COVID","Variable","Can be acute or chronic depending on context"
"ICD10:F94.0","Mental, behavioral and neurodevelopmental disorders (F94.0)","Unlikely","No clear association with long COVID","Variable","Can be acute or chronic depending on context"
"ICD10:F40.11","Phobic anxiety disorders (F40.11)","Unlikely","No clear association with long COVID","Variable","Can be acute or chronic depending on context"
"ICD10:F40.10","Phobic anxiety disorders (F40.10)","Unlikely","No clear association with long COVID","Variable","Can be acute or chronic depending on context"
"ICD10:K81.0","Diseases of the digestive system (K81.0)","Unlikely","No clear association with long COVID","Acute","Typically acute condition or intervention"
"ICD10:K81.2","Diseases of the digestive system (K81.2)","Unlikely","No clear association with long COVID","Variable","Can be acute or chronic depending on context"
"ICD10:K83.5","Other diseases of biliary tract (K83.5)","Unlikely","No clear association with long COVID","Variable","Can be acute or chronic depending on context"
"ICD10:K80.46","Cholelithiasis (K80.46)","Unlikely","No clear association with long COVID","Acute","Typically acute condition or intervention"
"ICD10:K80.33","Cholelithiasis (K80.33)","Unlikely","No clear association with long COVID","Acute","Typically acute condition or intervention"
"ICD10:K80.42","Cholelithiasis (K80.42)","Unlikely","No clear association with long COVID","Acute","Typically acute condition or intervention"
"ICD10:K80.30","Calculus of bile duct without cholangitis or cholecystitis, without obstruction","Unlikely","No clear association with long COVID","Acute","Typically acute condition or intervention"
"ICD10:K80.41","Cholelithiasis (K80.41)","Unlikely","No clear association with long COVID","Acute","Typically acute condition or intervention"
"ICD10:K80.40","Cholelithiasis (K80.40)","Unlikely","No clear association with long COVID","Acute","Typically acute condition or intervention"
"ICD10:K80.51","Cholelithiasis (K80.51)","Unlikely","No clear association with long COVID","Acute","Typically acute condition or intervention"
"ICD10:K80.50","Cholelithiasis (K80.50)","Unlikely","No clear association with long COVID","Acute","Typically acute condition or intervention"
"ICD10:K80.66","Cholelithiasis (K80.66)","Unlikely","No clear association with long COVID","Acute","Typically acute condition or intervention"
"ICD10:K80.62","Cholelithiasis (K80.62)","Unlikely","No clear association with long COVID","Acute","Typically acute condition or intervention"
"ICD10:K80.64","Cholelithiasis (K80.64)","Unlikely","No clear association with long COVID","Acute","Typically acute condition or intervention"
"ICD10:K80.71","Cholelithiasis (K80.71)","Unlikely","No clear association with long COVID","Acute","Typically acute condition or intervention"
"ICD10:K80.70","Cholelithiasis (K80.70)","Unlikely","No clear association with long COVID","Acute","Typically acute condition or intervention"
"ICD10:K80.12","Cholelithiasis (K80.12)","Unlikely","No clear association with long COVID","Acute","Typically acute condition or intervention"
"ICD10:K80.01","Cholelithiasis (K80.01)","Unlikely","No clear association with long COVID","Acute","Typically acute condition or intervention"
"ICD10:K80.00","Cholelithiasis (K80.00)","Unlikely","No clear association with long COVID","Acute","Typically acute condition or intervention"
"ICD10:K80.10","Cholelithiasis (K80.10)","Unlikely","No clear association with long COVID","Acute","Typically acute condition or intervention"
"ICD10:K80.18","Cholelithiasis (K80.18)","Unlikely","No clear association with long COVID","Acute","Typically acute condition or intervention"
"ICD10:K80.21","Cholelithiasis (K80.21)","Unlikely","No clear association with long COVID","Acute","Typically acute condition or intervention"
"ICD10:K80.20","Cholelithiasis (K80.20)","Unlikely","No clear association with long COVID","Acute","Typically acute condition or intervention"
"ICD10:K81.9","Diseases of the digestive system (K81.9)","Unlikely","No clear association with long COVID","Variable","Can be acute or chronic depending on context"
"ICD10:K82.4","Diseases of the digestive system (K82.4)","Unlikely","No clear association with long COVID","Variable","Can be acute or chronic depending on context"
"ICD10:K81.1","Diseases of the digestive system (K81.1)","Unlikely","No clear association with long COVID","Variable","Can be acute or chronic depending on context"
"ICD10:K83.9","Other diseases of biliary tract (K83.9)","Unlikely","No clear association with long COVID","Variable","Can be acute or chronic depending on context"
"ICD10:K82.9","Diseases of the digestive system (K82.9)","Unlikely","No clear association with long COVID","Variable","Can be acute or chronic depending on context"
"ICD10:K83.1","Other diseases of biliary tract (K83.1)","Unlikely","No clear association with long COVID","Variable","Can be acute or chronic depending on context"
"ICD10:K82.0","Diseases of the digestive system (K82.0)","Unlikely","No clear association with long COVID","Variable","Can be acute or chronic depending on context"
"ICD10:K80.80","Cholelithiasis (K80.80)","Unlikely","No clear association with long COVID","Acute","Typically acute condition or intervention"
"ICD10:K83.8","Other diseases of biliary tract (K83.8)","Unlikely","No clear association with long COVID","Variable","Can be acute or chronic depending on context"
"ICD10:K82.8","Diseases of the digestive system (K82.8)","Unlikely","No clear association with long COVID","Variable","Can be acute or chronic depending on context"
"ICD10:K91.5","Diseases of the digestive system (K91.5)","Unlikely","No clear association with long COVID","Variable","Can be acute or chronic depending on context"
"ICD10:H54.40","Blindness and low vision (H54.40)","Unlikely","No clear association with long COVID","Variable","Can be acute or chronic depending on context"
"ICD10:H53.013","Visual disturbances (H53.013)","Moderate-High","Well-documented secondary long COVID symptoms","Chronic","Inherently chronic condition or long-term management required"
"ICD10:H53.2","Visual disturbances (H53.2)","Moderate-High","Well-documented secondary long COVID symptoms","Chronic","Inherently chronic condition or long-term management required"
"ICD10:H53.483","Visual disturbances (H53.483)","Moderate-High","Well-documented secondary long COVID symptoms","Chronic","Inherently chronic condition or long-term management required"
"ICD10:H53.482","Visual disturbances (H53.482)","Moderate-High","Well-documented secondary long COVID symptoms","Chronic","Inherently chronic condition or long-term management required"
"ICD10:H53.481","Visual disturbances (H53.481)","Moderate-High","Well-documented secondary long COVID symptoms","Chronic","Inherently chronic condition or long-term management required"
"ICD10:H53.71","Visual disturbances (H53.71)","Moderate-High","Well-documented secondary long COVID symptoms","Chronic","Inherently chronic condition or long-term management required"
"ICD10:H53.47","Visual disturbances (H53.47)","Moderate-High","Well-documented secondary long COVID symptoms","Chronic","Inherently chronic condition or long-term management required"
"ICD10:H53.462","Visual disturbances (H53.462)","Moderate-High","Well-documented secondary long COVID symptoms","Chronic","Inherently chronic condition or long-term management required"
"ICD10:H53.461","Visual disturbances (H53.461)","Moderate-High","Well-documented secondary long COVID symptoms","Chronic","Inherently chronic condition or long-term management required"
"ICD10:H54.8","Blindness and low vision (H54.8)","Unlikely","No clear association with long COVID","Variable","Can be acute or chronic depending on context"
"ICD10:H53.453","Visual disturbances (H53.453)","Moderate-High","Well-documented secondary long COVID symptoms","Chronic","Inherently chronic condition or long-term management required"
"ICD10:H53.452","Visual disturbances (H53.452)","Moderate-High","Well-documented secondary long COVID symptoms","Chronic","Inherently chronic condition or long-term management required"
"ICD10:H53.19","Visual disturbances (H53.19)","Moderate-High","Well-documented secondary long COVID symptoms","Chronic","Inherently chronic condition or long-term management required"
"ICD10:H53.8","Visual disturbances (H53.8)","Moderate-High","Well-documented secondary long COVID symptoms","Chronic","Inherently chronic condition or long-term management required"
"ICD10:H53.16","Visual disturbances (H53.16)","Moderate-High","Well-documented secondary long COVID symptoms","Chronic","Inherently chronic condition or long-term management required"
"ICD10:H53.022","Visual disturbances (H53.022)","Moderate-High","Well-documented secondary long COVID symptoms","Chronic","Inherently chronic condition or long-term management required"
"ICD10:H53.021","Visual disturbances (H53.021)","Moderate-High","Well-documented secondary long COVID symptoms","Chronic","Inherently chronic condition or long-term management required"
"ICD10:H53.413","Visual disturbances (H53.413)","Moderate-High","Well-documented secondary long COVID symptoms","Chronic","Inherently chronic condition or long-term management required"
"ICD10:H53.412","Visual disturbances (H53.412)","Moderate-High","Well-documented secondary long COVID symptoms","Chronic","Inherently chronic condition or long-term management required"
"ICD10:H53.411","Visual disturbances (H53.411)","Moderate-High","Well-documented secondary long COVID symptoms","Chronic","Inherently chronic condition or long-term management required"
"ICD10:H53.419","Visual disturbances (H53.419)","Moderate-High","Well-documented secondary long COVID symptoms","Chronic","Inherently chronic condition or long-term management required"
"ICD10:H53.423","Visual disturbances (H53.423)","Moderate-High","Well-documented secondary long COVID symptoms","Chronic","Inherently chronic condition or long-term management required"
"ICD10:H53.433","Visual disturbances (H53.433)","Moderate-High","Well-documented secondary long COVID symptoms","Chronic","Inherently chronic condition or long-term management required"
"ICD10:H53.032","Visual disturbances (H53.032)","Moderate-High","Well-documented secondary long COVID symptoms","Chronic","Inherently chronic condition or long-term management required"
"ICD10:H53.131","Visual disturbances (H53.131)","Moderate-High","Well-documented secondary long COVID symptoms","Chronic","Inherently chronic condition or long-term management required"
"ICD10:H53.139","Visual disturbances (H53.139)","Moderate-High","Well-documented secondary long COVID symptoms","Chronic","Inherently chronic condition or long-term management required"
"ICD10:H53.123","Visual disturbances (H53.123)","Moderate-High","Well-documented secondary long COVID symptoms","Chronic","Inherently chronic condition or long-term management required"
"ICD10:H53.122","Visual disturbances (H53.122)","Moderate-High","Well-documented secondary long COVID symptoms","Chronic","Inherently chronic condition or long-term management required"
"ICD10:H53.121","Visual disturbances (H53.121)","Moderate-High","Well-documented secondary long COVID symptoms","Chronic","Inherently chronic condition or long-term management required"
"ICD10:H53.129","Visual disturbances (H53.129)","Moderate-High","Well-documented secondary long COVID symptoms","Chronic","Inherently chronic condition or long-term management required"
"ICD10:H54.3","Blindness and low vision (H54.3)","Unlikely","No clear association with long COVID","Variable","Can be acute or chronic depending on context"
"ICD10:H54.62","Blindness and low vision (H54.62)","Unlikely","No clear association with long COVID","Variable","Can be acute or chronic depending on context"
"ICD10:H54.60","Blindness and low vision (H54.60)","Unlikely","No clear association with long COVID","Variable","Can be acute or chronic depending on context"
"ICD10:H54.61","Blindness and low vision (H54.61)","Unlikely","No clear association with long COVID","Variable","Can be acute or chronic depending on context"
"ICD10:H53.003","Visual disturbances (H53.003)","Moderate-High","Well-documented secondary long COVID symptoms","Chronic","Inherently chronic condition or long-term management required"
"ICD10:H53.002","Visual disturbances (H53.002)","Moderate-High","Well-documented secondary long COVID symptoms","Chronic","Inherently chronic condition or long-term management required"
"ICD10:H53.001","Visual disturbances (H53.001)","Moderate-High","Well-documented secondary long COVID symptoms","Chronic","Inherently chronic condition or long-term management required"
"ICD10:H53.30","Visual disturbances (H53.30)","Moderate-High","Well-documented secondary long COVID symptoms","Chronic","Inherently chronic condition or long-term management required"
"ICD10:H53.60","Visual disturbances (H53.60)","Moderate-High","Well-documented secondary long COVID symptoms","Chronic","Inherently chronic condition or long-term management required"
"ICD10:H53.10","Visual disturbances (H53.10)","Moderate-High","Well-documented secondary long COVID symptoms","Chronic","Inherently chronic condition or long-term management required"
"ICD10:H53.9","Unspecified visual disturbance","Moderate-High","Well-documented secondary long COVID symptoms","Chronic","Inherently chronic condition or long-term management required"
"ICD10:H53.40","Unspecified visual field defects","Moderate-High","Well-documented secondary long COVID symptoms","Chronic","Inherently chronic condition or long-term management required"
"ICD10:H54.7","Blindness and low vision (H54.7)","Unlikely","No clear association with long COVID","Variable","Can be acute or chronic depending on context"
"ICD10:H53.143","Scotoma involving central area, left eye","Moderate-High","Well-documented secondary long COVID symptoms","Chronic","Inherently chronic condition or long-term management required"
"ICD10:H53.142","Scotoma involving central area, right eye","Moderate-High","Well-documented secondary long COVID symptoms","Chronic","Inherently chronic condition or long-term management required"
"ICD10:H53.149","Scotoma involving central area, unspecified eye","Moderate-High","Well-documented secondary long COVID symptoms","Chronic","Inherently chronic condition or long-term management required"
"ICD10:I49.1","Atrial premature depolarization","Moderate-High","Well-documented secondary long COVID symptoms","Can-be-Chronic","Symptom/condition that can become chronic if persistent"
"ICD10:I48.4","Atypical atrial flutter","Moderate-High","Well-documented secondary long COVID symptoms","Chronic","Inherently chronic condition or long-term management required"
"ICD10:I49.9","Cardiac arrhythmia, unspecified","Moderate-High","Well-documented secondary long COVID symptoms","Can-be-Chronic","Symptom/condition that can become chronic if persistent"
"ICD10:I49.2","Junctional premature depolarization","Moderate-High","Well-documented secondary long COVID symptoms","Can-be-Chronic","Symptom/condition that can become chronic if persistent"
"ICD10:I49.49","Other premature depolarization","Moderate-High","Well-documented secondary long COVID symptoms","Can-be-Chronic","Symptom/condition that can become chronic if persistent"
"ICD10:I49.8","Other specified cardiac arrhythmias","Moderate-High","Well-documented secondary long COVID symptoms","Can-be-Chronic","Symptom/condition that can become chronic if persistent"
"ICD10:I48.0","Paroxysmal atrial fibrillation","Moderate-High","Well-documented secondary long COVID symptoms","Chronic","Inherently chronic condition or long-term management required"
"ICD10:I47.9","Paroxysmal tachycardia, unspecified","Moderate-High","Well-documented secondary long COVID symptoms","Can-be-Chronic","Symptom/condition that can become chronic if persistent"
"ICD10:I47.0","Re-entry ventricular arrhythmia","Moderate-High","Well-documented secondary long COVID symptoms","Can-be-Chronic","Symptom/condition that can become chronic if persistent"
"ICD10:I49.5","Sick sinus syndrome","Moderate-High","Well-documented secondary long COVID symptoms","Can-be-Chronic","Symptom/condition that can become chronic if persistent"
"ICD10:I47.1","Supraventricular tachycardia","Moderate-High","Well-documented secondary long COVID symptoms","Can-be-Chronic","Symptom/condition that can become chronic if persistent"
"ICD10:I48.3","Typical atrial flutter","Moderate-High","Well-documented secondary long COVID symptoms","Chronic","Inherently chronic condition or long-term management required"
"ICD10:I48.91","Unspecified atrial fibrillation","Moderate-High","Well-documented secondary long COVID symptoms","Chronic","Inherently chronic condition or long-term management required"
"ICD10:I48.92","Unspecified atrial flutter","Moderate-High","Well-documented secondary long COVID symptoms","Chronic","Inherently chronic condition or long-term management required"
"ICD10:I49.40","Unspecified premature depolarization","Moderate-High","Well-documented secondary long COVID symptoms","Can-be-Chronic","Symptom/condition that can become chronic if persistent"
"ICD10:I49.3","Ventricular premature depolarization","Moderate-High","Well-documented secondary long COVID symptoms","Can-be-Chronic","Symptom/condition that can become chronic if persistent"
"ICD10:I47.2","Ventricular tachycardia","Moderate-High","Well-documented secondary long COVID symptoms","Can-be-Chronic","Symptom/condition that can become chronic if persistent"
"ICD10PCS:02HV33Z","Procedure code: PCS: 02HV33Z","Unlikely","No clear association with long COVID","Acute","Typically acute condition or intervention"
"ICD10PCS:02PA0MZ","Procedure code: PCS: 02PA0MZ","Unlikely","No clear association with long COVID","Acute","Typically acute condition or intervention"
"ICD10PCS:0JPT0PZ","Procedure code: PCS: 0JPT0PZ","Unlikely","No clear association with long COVID","Acute","Typically acute condition or intervention"
"ICD10PCS:02H633Z","Procedure code: PCS: 02H633Z","Unlikely","No clear association with long COVID","Acute","Typically acute condition or intervention"
"ICD10PCS:04CK0ZZ","Procedure code: PCS: 04CK0ZZ","Unlikely","No clear association with long COVID","Acute","Typically acute condition or intervention"
"ICD10PCS:04CM0ZZ","Procedure code: PCS: 04CM0ZZ","Unlikely","No clear association with long COVID","Acute","Typically acute condition or intervention"
"ICD10PCS:047M34Z","Procedure code: PCS: 047M34Z","Unlikely","No clear association with long COVID","Acute","Typically acute condition or intervention"
"ICD10PCS:047T3ZZ","Procedure code: PCS: 047T3ZZ","Unlikely","No clear association with long COVID","Acute","Typically acute condition or intervention"
"ICD10PCS:047P3ZZ","Procedure code: PCS: 047P3ZZ","Unlikely","No clear association with long COVID","Acute","Typically acute condition or intervention"
"ICD10PCS:047M3ZZ","Procedure code: PCS: 047M3ZZ","Unlikely","No clear association with long COVID","Acute","Typically acute condition or intervention"
"ICD10PCS:027135Z","Procedure code: PCS: 027135Z","Unlikely","No clear association with long COVID","Acute","Typically acute condition or intervention"
"ICD10PCS:0270346","Procedure code: PCS: 0270346","Unlikely","No clear association with long COVID","Acute","Typically acute condition or intervention"
"ICD10PCS:05HB33Z","Procedure code: PCS: 05HB33Z","Unlikely","No clear association with long COVID","Acute","Typically acute condition or intervention"
"ICD10PCS:0JH608Z","Procedure code: PCS: 0JH608Z","Unlikely","No clear association with long COVID","Acute","Typically acute condition or intervention"
"ICD10PCS:03HY32Z","Procedure code: PCS: 03HY32Z","Unlikely","No clear association with long COVID","Acute","Typically acute condition or intervention"
"ICD10PCS:02583ZZ","Procedure code: PCS: 02583ZZ","Unlikely","No clear association with long COVID","Acute","Typically acute condition or intervention"
"ICD10PCS:027034Z","Procedure code: PCS: 027034Z","Unlikely","No clear association with long COVID","Acute","Typically acute condition or intervention"
"ICD10PCS:02H63JZ","Procedure code: PCS: 02H63JZ","Unlikely","No clear association with long COVID","Acute","Typically acute condition or intervention"
"ICD10PCS:02HK3JZ","Procedure code: PCS: 02HK3JZ","Unlikely","No clear association with long COVID","Acute","Typically acute condition or intervention"
"ICD10PCS:0JH606Z","Procedure code: PCS: 0JH606Z","Unlikely","No clear association with long COVID","Acute","Typically acute condition or intervention"
"ICD10PCS:0JPT0WZ","Procedure code: PCS: 0JPT0WZ","Unlikely","No clear association with long COVID","Acute","Typically acute condition or intervention"
"ICD10PCS:03JY3ZZ","Procedure code: PCS: 03JY3ZZ","Unlikely","No clear association with long COVID","Acute","Typically acute condition or intervention"
"ICD10PCS:03LG3DZ","Procedure code: PCS: 03LG3DZ","Unlikely","No clear association with long COVID","Acute","Typically acute condition or intervention"
"ICD10PCS:04L93DZ","Procedure code: PCS: 04L93DZ","Unlikely","No clear association with long COVID","Acute","Typically acute condition or intervention"
"ICD10PCS:02RF38Z","Procedure code: PCS: 02RF38Z","Unlikely","No clear association with long COVID","Acute","Typically acute condition or intervention"
"ICD10PCS:05HM33Z","Procedure code: PCS: 05HM33Z","Unlikely","No clear association with long COVID","Acute","Typically acute condition or intervention"
"ICD10PCS:037J3DZ","Procedure code: PCS: 037J3DZ","Unlikely","No clear association with long COVID","Acute","Typically acute condition or intervention"
"ICD10PCS:0JH63XZ","Procedure code: PCS: 0JH63XZ","Unlikely","No clear association with long COVID","Acute","Typically acute condition or intervention"
"ICD10PCS:04LE3DZ","Procedure code: PCS: 04LE3DZ","Unlikely","No clear association with long COVID","Acute","Typically acute condition or intervention"
"ICD10PCS:03C23ZZ","Procedure code: PCS: 03C23ZZ","Unlikely","No clear association with long COVID","Acute","Typically acute condition or intervention"
"ICD10PCS:05743DZ","Procedure code: PCS: 05743DZ","Unlikely","No clear association with long COVID","Acute","Typically acute condition or intervention"
"ICD10PCS:0W9D3ZZ","Procedure code: PCS: 0W9D3ZZ","Unlikely","No clear association with long COVID","Acute","Typically acute condition or intervention"
"ICD10PCS:02PYX3Z","Procedure code: PCS: 02PYX3Z","Unlikely","No clear association with long COVID","Acute","Typically acute condition or intervention"
"ICD10PCS:0JPT3WZ","Procedure code: PCS: 0JPT3WZ","Unlikely","No clear association with long COVID","Acute","Typically acute condition or intervention"
"ICD10PCS:025M3ZZ","Procedure code: PCS: 025M3ZZ","Unlikely","No clear association with long COVID","Acute","Typically acute condition or intervention"
"ICD10PCS:X2A5312","Procedure code: PCS: X2A5312","Unlikely","No clear association with long COVID","Acute","Typically acute condition or intervention"
"ICD10PCS:04V93DZ","Procedure code: PCS: 04V93DZ","Unlikely","No clear association with long COVID","Acute","Typically acute condition or intervention"
"ICD10PCS:05HY33Z","Procedure code: PCS: 05HY33Z","Unlikely","No clear association with long COVID","Acute","Typically acute condition or intervention"
"ICD10PCS:03UL0JZ","Procedure code: PCS: 03UL0JZ","Unlikely","No clear association with long COVID","Acute","Typically acute condition or intervention"
"ICD10PCS:03CL0ZZ","Procedure code: PCS: 03CL0ZZ","Unlikely","No clear association with long COVID","Acute","Typically acute condition or intervention"
"ICD10PCS:02RG0JZ","Procedure code: PCS: 02RG0JZ","Unlikely","No clear association with long COVID","Acute","Typically acute condition or intervention"
"ICD10PCS:02RF0JZ","Procedure code: PCS: 02RF0JZ","Unlikely","No clear association with long COVID","Acute","Typically acute condition or intervention"
"ICD10PCS:047M3Z1","Procedure code: PCS: 047M3Z1","Unlikely","No clear association with long COVID","Acute","Typically acute condition or intervention"
"ICD10PCS:047K3Z1","Procedure code: PCS: 047K3Z1","Unlikely","No clear association with long COVID","Acute","Typically acute condition or intervention"
"ICD10PCS:0JH60XZ","Procedure code: PCS: 0JH60XZ","Unlikely","No clear association with long COVID","Acute","Typically acute condition or intervention"
"ICD10PCS:02H63KZ","Procedure code: PCS: 02H63KZ","Unlikely","No clear association with long COVID","Acute","Typically acute condition or intervention"
"ICD10PCS:02HK3KZ","Procedure code: PCS: 02HK3KZ","Unlikely","No clear association with long COVID","Acute","Typically acute condition or intervention"
"ICD10PCS:02H43KZ","Procedure code: PCS: 02H43KZ","Unlikely","No clear association with long COVID","Acute","Typically acute condition or intervention"
"ICD10PCS:027035Z","Procedure code: PCS: 027035Z","Unlikely","No clear association with long COVID","Acute","Typically acute condition or intervention"
"ICD10PCS:0JH60WZ","Procedure code: PCS: 0JH60WZ","Unlikely","No clear association with long COVID","Acute","Typically acute condition or intervention"
"ICD10PCS:04UL3KZ","Procedure code: PCS: 04UL3KZ","Unlikely","No clear association with long COVID","Acute","Typically acute condition or intervention"
"ICD10PCS:04CL0ZZ","Procedure code: PCS: 04CL0ZZ","Unlikely","No clear association with long COVID","Acute","Typically acute condition or intervention"
"ICD10PCS:047J3DZ","Procedure code: PCS: 047J3DZ","Unlikely","No clear association with long COVID","Acute","Typically acute condition or intervention"
"ICD10PCS:05HC33Z","Procedure code: PCS: 05HC33Z","Unlikely","No clear association with long COVID","Acute","Typically acute condition or intervention"
"ICD10PCS:0JPT3XZ","Procedure code: PCS: 0JPT3XZ","Unlikely","No clear association with long COVID","Acute","Typically acute condition or intervention"
"ICD10PCS:05PYX3Z","Procedure code: PCS: 05PYX3Z","Unlikely","No clear association with long COVID","Acute","Typically acute condition or intervention"
"ICD10PCS:06HM33Z","Procedure code: PCS: 06HM33Z","Unlikely","No clear association with long COVID","Acute","Typically acute condition or intervention"
"ICD10PCS:06HN33Z","Procedure code: PCS: 06HN33Z","Unlikely","No clear association with long COVID","Acute","Typically acute condition or intervention"
"ICD10PCS:027F3ZZ","Procedure code: PCS: 027F3ZZ","Unlikely","No clear association with long COVID","Acute","Typically acute condition or intervention"
"ICD10PCS:05QM0ZZ","Procedure code: PCS: 05QM0ZZ","Unlikely","No clear association with long COVID","Acute","Typically acute condition or intervention"
"ICD10PCS:05CM0ZZ","Procedure code: PCS: 05CM0ZZ","Unlikely","No clear association with long COVID","Acute","Typically acute condition or intervention"
"ICD10PCS:04HY32Z","Procedure code: PCS: 04HY32Z","Unlikely","No clear association with long COVID","Acute","Typically acute condition or intervention"
"ICD10PCS:02YA0Z0","Procedure code: PCS: 02YA0Z0","Unlikely","No clear association with long COVID","Acute","Typically acute condition or intervention"
"ICD10PCS:02C00ZZ","Procedure code: PCS: 02C00ZZ","Unlikely","No clear association with long COVID","Acute","Typically acute condition or intervention"
"ICD10PCS:057M3ZZ","Procedure code: PCS: 057M3ZZ","Unlikely","No clear association with long COVID","Acute","Typically acute condition or intervention"
"ICD10PCS:05JYXZZ","Procedure code: PCS: 05JYXZZ","Unlikely","No clear association with long COVID","Acute","Typically acute condition or intervention"
"ICD10PCS:02703ZZ","Procedure code: PCS: 02703ZZ","Unlikely","No clear association with long COVID","Acute","Typically acute condition or intervention"
"ICD10PCS:0272366","Procedure code: PCS: 0272366","Unlikely","No clear association with long COVID","Acute","Typically acute condition or intervention"
"ICD10PCS:0JH607Z","Procedure code: PCS: 0JH607Z","Unlikely","No clear association with long COVID","Acute","Typically acute condition or intervention"
"ICD10PCS:0JH636Z","Procedure code: PCS: 0JH636Z","Unlikely","No clear association with long COVID","Acute","Typically acute condition or intervention"
"ICD10PCS:047R3ZZ","Procedure code: PCS: 047R3ZZ","Unlikely","No clear association with long COVID","Acute","Typically acute condition or intervention"
"ICD10PCS:047K3ZZ","Procedure code: PCS: 047K3ZZ","Unlikely","No clear association with long COVID","Acute","Typically acute condition or intervention"
"ICD10PCS:027036Z","Procedure code: PCS: 027036Z","Unlikely","No clear association with long COVID","Acute","Typically acute condition or intervention"
"ICD10PCS:02HA3RZ","Procedure code: PCS: 02HA3RZ","Unlikely","No clear association with long COVID","Acute","Typically acute condition or intervention"
"ICD10PCS:04LF3DZ","Procedure code: PCS: 04LF3DZ","Unlikely","No clear association with long COVID","Acute","Typically acute condition or intervention"
"ICD10PCS:047L3Z1","Procedure code: PCS: 047L3Z1","Unlikely","No clear association with long COVID","Acute","Typically acute condition or intervention"
"ICD10PCS:047N3Z1","Procedure code: PCS: 047N3Z1","Unlikely","No clear association with long COVID","Acute","Typically acute condition or intervention"
"ICD10PCS:0W9D30Z","Procedure code: PCS: 0W9D30Z","Unlikely","No clear association with long COVID","Acute","Typically acute condition or intervention"
"ICD10PCS:04V43DZ","Procedure code: PCS: 04V43DZ","Unlikely","No clear association with long COVID","Acute","Typically acute condition or intervention"
"ICD10PCS:05753ZZ","Procedure code: PCS: 05753ZZ","Unlikely","No clear association with long COVID","Acute","Typically acute condition or intervention"
"ICD10PCS:02RF08Z","Procedure code: PCS: 02RF08Z","Unlikely","No clear association with long COVID","Acute","Typically acute condition or intervention"
"ICD10PCS:02BK3ZX","Procedure code: PCS: 02BK3ZX","Unlikely","No clear association with long COVID","Acute","Typically acute condition or intervention"
"ICD10PCS:02Q50ZZ","Procedure code: PCS: 02Q50ZZ","Unlikely","No clear association with long COVID","Acute","Typically acute condition or intervention"
"ICD10PCS:02UN08Z","Procedure code: PCS: 02UN08Z","Unlikely","No clear association with long COVID","Acute","Typically acute condition or intervention"
"ICD10PCS:02HA0QZ","Procedure code: PCS: 02HA0QZ","Unlikely","No clear association with long COVID","Acute","Typically acute condition or intervention"
"ICD10PCS:02100Z9","Procedure code: PCS: 02100Z9","Unlikely","No clear association with long COVID","Acute","Typically acute condition or intervention"
"ICD10PCS:021009W","Procedure code: PCS: 021009W","Unlikely","No clear association with long COVID","Acute","Typically acute condition or intervention"
"ICD10PCS:06BQ4ZZ","Procedure code: PCS: 06BQ4ZZ","Unlikely","No clear association with long COVID","Acute","Typically acute condition or intervention"
"ICD10PCS:02UX0JZ","Procedure code: PCS: 02UX0JZ","Unlikely","No clear association with long COVID","Acute","Typically acute condition or intervention"
"ICD10PCS:031H0ZJ","Procedure code: PCS: 031H0ZJ","Unlikely","No clear association with long COVID","Acute","Typically acute condition or intervention"
"ICD10PCS:047C3DZ","Procedure code: PCS: 047C3DZ","Unlikely","No clear association with long COVID","Acute","Typically acute condition or intervention"
"ICD10PCS:047K34Z","Procedure code: PCS: 047K34Z","Unlikely","No clear association with long COVID","Acute","Typically acute condition or intervention"
"ICD10PCS:047T34Z","Procedure code: PCS: 047T34Z","Unlikely","No clear association with long COVID","Acute","Typically acute condition or intervention"
"ICD10PCS:047K3DZ","Procedure code: PCS: 047K3DZ","Unlikely","No clear association with long COVID","Acute","Typically acute condition or intervention"
"ICD10PCS:0JHF3XZ","Procedure code: PCS: 0JHF3XZ","Unlikely","No clear association with long COVID","Acute","Typically acute condition or intervention"
"ICD10PCS:06PYX3Z","Procedure code: PCS: 06PYX3Z","Unlikely","No clear association with long COVID","Acute","Typically acute condition or intervention"
"ICD10PCS:05HN33Z","Procedure code: PCS: 05HN33Z","Unlikely","No clear association with long COVID","Acute","Typically acute condition or intervention"
"ICD10PCS:02703DZ","Procedure code: PCS: 02703DZ","Unlikely","No clear association with long COVID","Acute","Typically acute condition or intervention"
"ICD10PCS:06183J4","Procedure code: PCS: 06183J4","Unlikely","No clear association with long COVID","Acute","Typically acute condition or intervention"
"ICD10PCS:03VN3DZ","Procedure code: PCS: 03VN3DZ","Unlikely","No clear association with long COVID","Acute","Typically acute condition or intervention"
"ICD10PCS:03VM3DZ","Procedure code: PCS: 03VM3DZ","Unlikely","No clear association with long COVID","Acute","Typically acute condition or intervention"
"ICD10PCS:02HP32Z","Procedure code: PCS: 02HP32Z","Unlikely","No clear association with long COVID","Acute","Typically acute condition or intervention"
"ICD10PCS:02Q00ZZ","Procedure code: PCS: 02Q00ZZ","Unlikely","No clear association with long COVID","Acute","Typically acute condition or intervention"
"ICD10PCS:04CL3ZZ","Procedure code: PCS: 04CL3ZZ","Unlikely","No clear association with long COVID","Acute","Typically acute condition or intervention"
"ICD10PCS:067N3ZZ","Procedure code: PCS: 067N3ZZ","Unlikely","No clear association with long COVID","Acute","Typically acute condition or intervention"
"ICD10:J47.1","Diseases of the respiratory system (J47.1)","Unlikely","No clear association with long COVID","Chronic","Inherently chronic condition or long-term management required"
"ICD10:J47.0","Diseases of the respiratory system (J47.0)","Unlikely","No clear association with long COVID","Chronic","Inherently chronic condition or long-term management required"
"ICD10:J47.9","Diseases of the respiratory system (J47.9)","Unlikely","No clear association with long COVID","Chronic","Inherently chronic condition or long-term management required"
"ICD10:J43.2","Diseases of the respiratory system (J43.2)","Unlikely","No clear association with long COVID","Variable","Can be acute or chronic depending on context"
"ICD10:J44.1","Diseases of the respiratory system (J44.1)","Unlikely","No clear association with long COVID","Chronic","Inherently chronic condition or long-term management required"
"ICD10:J44.0","Diseases of the respiratory system (J44.0)","Unlikely","No clear association with long COVID","Chronic","Inherently chronic condition or long-term management required"
"ICD10:J44.9","Diseases of the respiratory system (J44.9)","Unlikely","No clear association with long COVID","Chronic","Inherently chronic condition or long-term management required"
"ICD10:J43.9","Diseases of the respiratory system (J43.9)","Unlikely","No clear association with long COVID","Variable","Can be acute or chronic depending on context"
"ICD10:J41.8","Diseases of the respiratory system (J41.8)","Unlikely","No clear association with long COVID","Variable","Can be acute or chronic depending on context"
"ICD10:J41.1","Diseases of the respiratory system (J41.1)","Unlikely","No clear association with long COVID","Variable","Can be acute or chronic depending on context"
"ICD10:J43.8","Diseases of the respiratory system (J43.8)","Unlikely","No clear association with long COVID","Variable","Can be acute or chronic depending on context"
"ICD10:J43.1","Diseases of the respiratory system (J43.1)","Unlikely","No clear association with long COVID","Variable","Can be acute or chronic depending on context"
"ICD10:J41.0","Diseases of the respiratory system (J41.0)","Unlikely","No clear association with long COVID","Variable","Can be acute or chronic depending on context"
"ICD10:J42","Diseases of the respiratory system (J42)","Unlikely","No clear association with long COVID","Variable","Can be acute or chronic depending on context"
"ICD10:R01.0","Other specified abnormal findings (R01)","Unlikely","No clear association with long COVID","Variable","Can be acute or chronic depending on context"
"ICD10:R00.1","Other specified abnormal findings (R00)","Unlikely","No clear association with long COVID","Variable","Can be acute or chronic depending on context"
"ICD10:R01.1","Other specified abnormal findings (R01)","Unlikely","No clear association with long COVID","Variable","Can be acute or chronic depending on context"
"ICD10:R03.0","Other specified abnormal findings (R03)","Unlikely","No clear association with long COVID","Variable","Can be acute or chronic depending on context"
"ICD10:R58","Other specified abnormal findings (R58)","Unlikely","No clear association with long COVID","Variable","Can be acute or chronic depending on context"
"ICD10:R03.1","Other specified abnormal findings (R03)","Unlikely","No clear association with long COVID","Variable","Can be acute or chronic depending on context"
"ICD10:R00.8","Other specified abnormal findings (R00)","Unlikely","No clear association with long COVID","Variable","Can be acute or chronic depending on context"
"ICD10:R01.2","Other specified abnormal findings (R01)","Unlikely","No clear association with long COVID","Variable","Can be acute or chronic depending on context"
"ICD10:R09.89","Other specified symptoms involving circulatory and respiratory systems","High","Core long COVID symptoms with strong evidence","Can-be-Chronic","Symptom/condition that can become chronic if persistent"
"ICD10:R00.2","Other specified abnormal findings (R00)","Unlikely","No clear association with long COVID","Variable","Can be acute or chronic depending on context"
"ICD10:R00.0","Other specified abnormal findings (R00)","Unlikely","No clear association with long COVID","Variable","Can be acute or chronic depending on context"
"ICD10:R00.9","Other specified abnormal findings (R00)","Unlikely","No clear association with long COVID","Variable","Can be acute or chronic depending on context"
"ICD10:I44.2","Diseases of the circulatory system (I44.2)","Unlikely","No clear association with long COVID","Variable","Can be acute or chronic depending on context"
"ICD10:I44.0","Diseases of the circulatory system (I44.0)","Unlikely","No clear association with long COVID","Variable","Can be acute or chronic depending on context"
"ICD10:I44.1","Diseases of the circulatory system (I44.1)","Unlikely","No clear association with long COVID","Variable","Can be acute or chronic depending on context"
"ICD10:I45.2","Diseases of the circulatory system (I45.2)","Unlikely","No clear association with long COVID","Variable","Can be acute or chronic depending on context"
"ICD10:I45.9","Diseases of the circulatory system (I45.9)","Unlikely","No clear association with long COVID","Variable","Can be acute or chronic depending on context"
"ICD10:Z45.018","Encounter for adjustment and management of implanted device (Z45.018)","Unlikely","No clear association with long COVID","Variable","Can be acute or chronic depending on context"
"ICD10:I44.4","Diseases of the circulatory system (I44.4)","Unlikely","No clear association with long COVID","Variable","Can be acute or chronic depending on context"
"ICD10:I44.7","Diseases of the circulatory system (I44.7)","Unlikely","No clear association with long COVID","Variable","Can be acute or chronic depending on context"
"ICD10:I44.5","Diseases of the circulatory system (I44.5)","Unlikely","No clear association with long COVID","Variable","Can be acute or chronic depending on context"
"ICD10:I45.81","Diseases of the circulatory system (I45.81)","Unlikely","No clear association with long COVID","Variable","Can be acute or chronic depending on context"
"ICD10:I45.4","Diseases of the circulatory system (I45.4)","Unlikely","No clear association with long COVID","Variable","Can be acute or chronic depending on context"
"ICD10:I44.39","Diseases of the circulatory system (I44.39)","Unlikely","No clear association with long COVID","Variable","Can be acute or chronic depending on context"
"ICD10:I45.19","Diseases of the circulatory system (I45.19)","Unlikely","No clear association with long COVID","Variable","Can be acute or chronic depending on context"
"ICD10:I45.89","Diseases of the circulatory system (I45.89)","Unlikely","No clear association with long COVID","Variable","Can be acute or chronic depending on context"
"ICD10:I45.5","Diseases of the circulatory system (I45.5)","Unlikely","No clear association with long COVID","Variable","Can be acute or chronic depending on context"
"ICD10:I45.6","Diseases of the circulatory system (I45.6)","Unlikely","No clear association with long COVID","Variable","Can be acute or chronic depending on context"
"ICD10:Z95.0","Factors influencing health status and contact with health services (Z95.0)","Unlikely","No clear association with long COVID","Variable","Can be acute or chronic depending on context"
"ICD10:I45.0","Diseases of the circulatory system (I45.0)","Unlikely","No clear association with long COVID","Variable","Can be acute or chronic depending on context"
"ICD10:I45.3","Diseases of the circulatory system (I45.3)","Unlikely","No clear association with long COVID","Variable","Can be acute or chronic depending on context"
"ICD10:I44.30","Diseases of the circulatory system (I44.30)","Unlikely","No clear association with long COVID","Variable","Can be acute or chronic depending on context"
"ICD10:I45.10","Diseases of the circulatory system (I45.10)","Unlikely","No clear association with long COVID","Variable","Can be acute or chronic depending on context"
"ICD10:I24.0","Diseases of the circulatory system (I24.0)","Unlikely","No clear association with long COVID","Variable","Can be acute or chronic depending on context"
"ICD10:I24.9","Diseases of the circulatory system (I24.9)","Unlikely","No clear association with long COVID","Variable","Can be acute or chronic depending on context"
"ICD10:I20.1","Diseases of the circulatory system (I20.1)","Unlikely","No clear association with long COVID","Variable","Can be acute or chronic depending on context"
"ICD10:I20.9","Diseases of the circulatory system (I20.9)","Unlikely","No clear association with long COVID","Variable","Can be acute or chronic depending on context"
"ICD10:I25.768","Diseases of the circulatory system (I25.768)","Unlikely","No clear association with long COVID","Chronic","Inherently chronic condition or long-term management required"
"ICD10:I25.812","Diseases of the circulatory system (I25.812)","Unlikely","No clear association with long COVID","Chronic","Inherently chronic condition or long-term management required"
"ICD10:I25.810","Diseases of the circulatory system (I25.810)","Unlikely","No clear association with long COVID","Chronic","Inherently chronic condition or long-term management required"
"ICD10:I25.709","Diseases of the circulatory system (I25.709)","Unlikely","No clear association with long COVID","Chronic","Inherently chronic condition or long-term management required"
"ICD10:I25.750","Diseases of the circulatory system (I25.750)","Unlikely","No clear association with long COVID","Chronic","Inherently chronic condition or long-term management required"
"ICD10:I25.811","Diseases of the circulatory system (I25.811)","Unlikely","No clear association with long COVID","Chronic","Inherently chronic condition or long-term management required"
"ICD10:I25.111","Diseases of the circulatory system (I25.111)","Unlikely","No clear association with long COVID","Chronic","Inherently chronic condition or long-term management required"
"ICD10:I25.118","Diseases of the circulatory system (I25.118)","Unlikely","No clear association with long COVID","Chronic","Inherently chronic condition or long-term management required"
"ICD10:I25.119","Diseases of the circulatory system (I25.119)","Unlikely","No clear association with long COVID","Chronic","Inherently chronic condition or long-term management required"
"ICD10:I25.110","Diseases of the circulatory system (I25.110)","Unlikely","No clear association with long COVID","Chronic","Inherently chronic condition or long-term management required"
"ICD10:I25.10","Diseases of the circulatory system (I25.10)","Unlikely","No clear association with long COVID","Chronic","Inherently chronic condition or long-term management required"
"ICD10:I25.9","Diseases of the circulatory system (I25.9)","Unlikely","No clear association with long COVID","Chronic","Inherently chronic condition or long-term management required"
"ICD10:I25.82","Diseases of the circulatory system (I25.82)","Unlikely","No clear association with long COVID","Chronic","Inherently chronic condition or long-term management required"
"ICD10:Z98.61","Factors influencing health status and contact with health services (Z98.61)","Unlikely","No clear association with long COVID","Variable","Can be acute or chronic depending on context"
"ICD10:I25.84","Diseases of the circulatory system (I25.84)","Unlikely","No clear association with long COVID","Chronic","Inherently chronic condition or long-term management required"
"ICD10:I25.83","Diseases of the circulatory system (I25.83)","Unlikely","No clear association with long COVID","Chronic","Inherently chronic condition or long-term management required"
"ICD10:I25.2","Diseases of the circulatory system (I25.2)","Unlikely","No clear association with long COVID","Chronic","Inherently chronic condition or long-term management required"
"ICD10:I24.8","Diseases of the circulatory system (I24.8)","Unlikely","No clear association with long COVID","Variable","Can be acute or chronic depending on context"
"ICD10:I20.8","Diseases of the circulatory system (I20.8)","Unlikely","No clear association with long COVID","Variable","Can be acute or chronic depending on context"
"ICD10:Z95.1","Factors influencing health status and contact with health services (Z95.1)","Unlikely","No clear association with long COVID","Variable","Can be acute or chronic depending on context"
"ICD10:Z95.5","Factors influencing health status and contact with health services (Z95.5)","Unlikely","No clear association with long COVID","Variable","Can be acute or chronic depending on context"
"ICD10:I20.0","Diseases of the circulatory system (I20.0)","Unlikely","No clear association with long COVID","Variable","Can be acute or chronic depending on context"
"ICD10:F34.1","Mental, behavioral and neurodevelopmental disorders (F34.1)","Unlikely","No clear association with long COVID","Variable","Can be acute or chronic depending on context"
"ICD10:F33.2","Mental, behavioral and neurodevelopmental disorders (F33.2)","Unlikely","No clear association with long COVID","Chronic","Inherently chronic condition or long-term management required"
"ICD10:F33.41","Mental, behavioral and neurodevelopmental disorders (F33.41)","Unlikely","No clear association with long COVID","Chronic","Inherently chronic condition or long-term management required"
"ICD10:F33.0","Mental, behavioral and neurodevelopmental disorders (F33.0)","Unlikely","No clear association with long COVID","Chronic","Inherently chronic condition or long-term management required"
"ICD10:F33.1","Mental, behavioral and neurodevelopmental disorders (F33.1)","Unlikely","No clear association with long COVID","Chronic","Inherently chronic condition or long-term management required"
"ICD10:F33.3","Mental, behavioral and neurodevelopmental disorders (F33.3)","Unlikely","No clear association with long COVID","Chronic","Inherently chronic condition or long-term management required"
"ICD10:F33.9","Mental, behavioral and neurodevelopmental disorders (F33.9)","Unlikely","No clear association with long COVID","Chronic","Inherently chronic condition or long-term management required"
"ICD10:F32.4","Depressive episode (F32.4)","Unlikely","No clear association with long COVID","Chronic","Inherently chronic condition or long-term management required"
"ICD10:F32.0","Depressive episode (F32.0)","Unlikely","No clear association with long COVID","Chronic","Inherently chronic condition or long-term management required"
"ICD10:F32.1","Depressive episode (F32.1)","Unlikely","No clear association with long COVID","Chronic","Inherently chronic condition or long-term management required"
"ICD10:F32.3","Depressive episode (F32.3)","Unlikely","No clear association with long COVID","Chronic","Inherently chronic condition or long-term management required"
"ICD10:F32.2","Depressive episode (F32.2)","Unlikely","No clear association with long COVID","Chronic","Inherently chronic condition or long-term management required"
"ICD10:F32.9","Depressive episode (F32.9)","Unlikely","No clear association with long COVID","Chronic","Inherently chronic condition or long-term management required"
"ICD10:F06.31","Other mental disorders due to known physiological condition (F06.31)","Unlikely","No clear association with long COVID","Variable","Can be acute or chronic depending on context"
"ICD10:F06.34","Other mental disorders due to known physiological condition (F06.34)","Unlikely","No clear association with long COVID","Variable","Can be acute or chronic depending on context"
"ICD10:F33.8","Mental, behavioral and neurodevelopmental disorders (F33.8)","Unlikely","No clear association with long COVID","Chronic","Inherently chronic condition or long-term management required"
"ICD10:O90.6","Pregnancy, childbirth and the puerperium (O90.6)","Unlikely","No clear association with long COVID","Acute","Typically acute condition or intervention"
"ICD10:O99.810","Pregnancy, childbirth and the puerperium (O99.810)","Unlikely","No clear association with long COVID","Acute","Typically acute condition or intervention"
"ICD10:E08.51","Diabetes mellitus due to underlying condition (E08.51)","Unlikely","No clear association with long COVID","Variable","Can be acute or chronic depending on context"
"ICD10:E08.65","Diabetes mellitus due to underlying condition (E08.65)","Unlikely","No clear association with long COVID","Variable","Can be acute or chronic depending on context"
"ICD10:E08.00","Diabetes mellitus due to underlying condition (E08.00)","Unlikely","No clear association with long COVID","Variable","Can be acute or chronic depending on context"
"ICD10:E08.649","Diabetes mellitus due to underlying condition (E08.649)","Unlikely","No clear association with long COVID","Variable","Can be acute or chronic depending on context"
"ICD10:E08.10","Diabetes mellitus due to underlying condition (E08.10)","Unlikely","No clear association with long COVID","Variable","Can be acute or chronic depending on context"
"ICD10:E08.59","Diabetes mellitus due to underlying condition (E08.59)","Unlikely","No clear association with long COVID","Variable","Can be acute or chronic depending on context"
"ICD10:E08.29","Diabetes mellitus due to underlying condition (E08.29)","Unlikely","No clear association with long COVID","Variable","Can be acute or chronic depending on context"
"ICD10:E08.628","Diabetes mellitus due to underlying condition (E08.628)","Unlikely","No clear association with long COVID","Variable","Can be acute or chronic depending on context"
"ICD10:E08.69","Diabetes mellitus due to underlying condition (E08.69)","Unlikely","No clear association with long COVID","Variable","Can be acute or chronic depending on context"
"ICD10:E08.8","Diabetes mellitus due to underlying condition (E08.8)","Unlikely","No clear association with long COVID","Variable","Can be acute or chronic depending on context"
"ICD10:E08.9","Diabetes mellitus due to underlying condition (E08.9)","Unlikely","No clear association with long COVID","Variable","Can be acute or chronic depending on context"
"ICD10:E09.65","Endocrine, nutritional and metabolic diseases (E09.65)","Unlikely","No clear association with long COVID","Variable","Can be acute or chronic depending on context"
"ICD10:E09.69","Endocrine, nutritional and metabolic diseases (E09.69)","Unlikely","No clear association with long COVID","Variable","Can be acute or chronic depending on context"
"ICD10:E09.8","Endocrine, nutritional and metabolic diseases (E09.8)","Unlikely","No clear association with long COVID","Variable","Can be acute or chronic depending on context"
"ICD10:E09.9","Endocrine, nutritional and metabolic diseases (E09.9)","Unlikely","No clear association with long COVID","Variable","Can be acute or chronic depending on context"
"ICD10:O24.410","Diabetes mellitus in pregnancy, childbirth, and the puerperium (O24.410)","Unlikely","No clear association with long COVID","Acute","Typically acute condition or intervention"
"ICD10:O24.414","Diabetes mellitus in pregnancy, childbirth, and the puerperium (O24.414)","Unlikely","No clear association with long COVID","Acute","Typically acute condition or intervention"
"ICD10:O24.419","Diabetes mellitus in pregnancy, childbirth, and the puerperium (O24.419)","Unlikely","No clear association with long COVID","Acute","Typically acute condition or intervention"
"ICD10:O24.811","Diabetes mellitus in pregnancy, childbirth, and the puerperium (O24.811)","Unlikely","No clear association with long COVID","Acute","Typically acute condition or intervention"
"ICD10:O24.812","Diabetes mellitus in pregnancy, childbirth, and the puerperium (O24.812)","Unlikely","No clear association with long COVID","Acute","Typically acute condition or intervention"
"ICD10:E13.51","Endocrine, nutritional and metabolic diseases (E13.51)","Unlikely","No clear association with long COVID","Variable","Can be acute or chronic depending on context"
"ICD10:E13.65","Endocrine, nutritional and metabolic diseases (E13.65)","Unlikely","No clear association with long COVID","Variable","Can be acute or chronic depending on context"
"ICD10:E13.649","Endocrine, nutritional and metabolic diseases (E13.649)","Unlikely","No clear association with long COVID","Variable","Can be acute or chronic depending on context"
"ICD10:E13.10","Endocrine, nutritional and metabolic diseases (E13.10)","Unlikely","No clear association with long COVID","Variable","Can be acute or chronic depending on context"
"ICD10:E13.49","Endocrine, nutritional and metabolic diseases (E13.49)","Unlikely","No clear association with long COVID","Variable","Can be acute or chronic depending on context"
"ICD10:E13.69","Endocrine, nutritional and metabolic diseases (E13.69)","Unlikely","No clear association with long COVID","Variable","Can be acute or chronic depending on context"
"ICD10:E13.9","Endocrine, nutritional and metabolic diseases (E13.9)","Unlikely","No clear association with long COVID","Variable","Can be acute or chronic depending on context"
"ICD10:E89.1","Postprocedural endocrine and metabolic complications and disorders (E89.1)","Moderate","Emerging evidence or plausible systemic associations","Variable","Can be acute or chronic depending on context"
"ICD10:O24.011","Diabetes mellitus in pregnancy, childbirth, and the puerperium (O24.011)","Unlikely","No clear association with long COVID","Acute","Typically acute condition or intervention"
"ICD10:O24.012","Diabetes mellitus in pregnancy, childbirth, and the puerperium (O24.012)","Unlikely","No clear association with long COVID","Acute","Typically acute condition or intervention"
"ICD10:O24.019","Diabetes mellitus in pregnancy, childbirth, and the puerperium (O24.019)","Unlikely","No clear association with long COVID","Acute","Typically acute condition or intervention"
"ICD10:O24.111","Diabetes mellitus in pregnancy, childbirth, and the puerperium (O24.111)","Unlikely","No clear association with long COVID","Acute","Typically acute condition or intervention"
"ICD10:O24.112","Diabetes mellitus in pregnancy, childbirth, and the puerperium (O24.112)","Unlikely","No clear association with long COVID","Acute","Typically acute condition or intervention"
"ICD10:O24.113","Diabetes mellitus in pregnancy, childbirth, and the puerperium (O24.113)","Unlikely","No clear association with long COVID","Acute","Typically acute condition or intervention"
"ICD10:O24.119","Diabetes mellitus in pregnancy, childbirth, and the puerperium (O24.119)","Unlikely","No clear association with long COVID","Acute","Typically acute condition or intervention"
"ICD10:O24.911","Diabetes mellitus in pregnancy, childbirth, and the puerperium (O24.911)","Unlikely","No clear association with long COVID","Acute","Typically acute condition or intervention"
"ICD10:O24.912","Diabetes mellitus in pregnancy, childbirth, and the puerperium (O24.912)","Unlikely","No clear association with long COVID","Acute","Typically acute condition or intervention"
"ICD10:O24.913","Diabetes mellitus in pregnancy, childbirth, and the puerperium (O24.913)","Unlikely","No clear association with long COVID","Acute","Typically acute condition or intervention"
"ICD10:O24.919","Diabetes mellitus in pregnancy, childbirth, and the puerperium (O24.919)","Unlikely","No clear association with long COVID","Acute","Typically acute condition or intervention"
"ICD10:O24.319","Diabetes mellitus in pregnancy, childbirth, and the puerperium (O24.319)","Unlikely","No clear association with long COVID","Acute","Typically acute condition or intervention"
"ICD10:E11.51","Type 2 diabetes mellitus with diabetic peripheral angiopathy without gangrene","Unlikely","No clear association with long COVID","Chronic","Inherently chronic condition or long-term management required"
"ICD10:E11.65","Type 2 diabetes mellitus with hyperglycemia","Unlikely","No clear association with long COVID","Chronic","Inherently chronic condition or long-term management required"
"ICD10:E11.00","Type 2 diabetes mellitus with hyperosmolarity without nonketotic hyperglycemic-hyperosmolar coma","Unlikely","No clear association with long COVID","Chronic","Inherently chronic condition or long-term management required"
"ICD10:E11.649","Type 2 diabetes mellitus with hypoglycemia without coma","Unlikely","No clear association with long COVID","Chronic","Inherently chronic condition or long-term management required"
"ICD10:E11.59","Type 2 diabetes mellitus with other circulatory complications","Unlikely","No clear association with long COVID","Chronic","Inherently chronic condition or long-term management required"
"ICD10:E11.29","Type 2 diabetes mellitus with other diabetic kidney complication","Unlikely","No clear association with long COVID","Chronic","Inherently chronic condition or long-term management required"
"ICD10:E11.49","Type 2 diabetes mellitus with other diabetic neurological complication","Unlikely","No clear association with long COVID","Chronic","Inherently chronic condition or long-term management required"
"ICD10:E11.39","Type 2 diabetes mellitus with other diabetic ophthalmic complication","Unlikely","No clear association with long COVID","Chronic","Inherently chronic condition or long-term management required"
"ICD10:E11.628","Type 2 diabetes mellitus with other skin complications","Unlikely","No clear association with long COVID","Chronic","Inherently chronic condition or long-term management required"
"ICD10:E11.69","Type 2 diabetes mellitus with other specified complication","Unlikely","No clear association with long COVID","Chronic","Inherently chronic condition or long-term management required"
"ICD10:E11.8","Type 2 diabetes mellitus with unspecified complications","Unlikely","No clear association with long COVID","Chronic","Inherently chronic condition or long-term management required"
"ICD10:E11.9","Type 2 diabetes mellitus without complications","Unlikely","No clear association with long COVID","Chronic","Inherently chronic condition or long-term management required"
"ICD10:E13.40","Endocrine, nutritional and metabolic diseases (E13.40)","Unlikely","No clear association with long COVID","Variable","Can be acute or chronic depending on context"
"ICD10:E13.42","Endocrine, nutritional and metabolic diseases (E13.42)","Unlikely","No clear association with long COVID","Variable","Can be acute or chronic depending on context"
"ICD10:E10.40","Type 1 diabetes mellitus with diabetic neuropathy, unspecified","Unlikely","No clear association with long COVID","Chronic","Inherently chronic condition or long-term management required"
"ICD10:E10.42","Type 1 diabetes mellitus with diabetic polyneuropathy","Unlikely","No clear association with long COVID","Chronic","Inherently chronic condition or long-term management required"
"ICD10:E11.43","Type 2 diabetes mellitus with diabetic autonomic (poly)neuropathy","Unlikely","No clear association with long COVID","Chronic","Inherently chronic condition or long-term management required"
"ICD10:E11.40","Type 2 diabetes mellitus (E11.40)","Unlikely","No clear association with long COVID","Chronic","Inherently chronic condition or long-term management required"
"ICD10:E11.42","Type 2 diabetes mellitus (E11.42)","Unlikely","No clear association with long COVID","Chronic","Inherently chronic condition or long-term management required"
"ICD10:E08.22","Diabetes mellitus due to underlying condition (E08.22)","Unlikely","No clear association with long COVID","Variable","Can be acute or chronic depending on context"
"ICD10:E08.21","Diabetes mellitus due to underlying condition (E08.21)","Unlikely","No clear association with long COVID","Variable","Can be acute or chronic depending on context"
"ICD10:E09.22","Endocrine, nutritional and metabolic diseases (E09.22)","Unlikely","No clear association with long COVID","Variable","Can be acute or chronic depending on context"
"ICD10:E10.22","Endocrine, nutritional and metabolic diseases (E10.22)","Unlikely","No clear association with long COVID","Chronic","Inherently chronic condition or long-term management required"
"ICD10:E11.22","Type 2 diabetes mellitus (E11.22)","Unlikely","No clear association with long COVID","Chronic","Inherently chronic condition or long-term management required"
"ICD10:E11.21","Type 2 diabetes mellitus (E11.21)","Unlikely","No clear association with long COVID","Chronic","Inherently chronic condition or long-term management required"
"ICD10:E78.3","Disorders of lipoprotein metabolism and other lipidemia (E78.3)","Unlikely","No clear association with long COVID","Variable","Can be acute or chronic depending on context"
"ICD10:E78.5","Disorders of lipoprotein metabolism and other lipidemia (E78.5)","Unlikely","No clear association with long COVID","Variable","Can be acute or chronic depending on context"
"ICD10:E78.2","Disorders of lipoprotein metabolism and other lipidemia (E78.2)","Unlikely","No clear association with long COVID","Variable","Can be acute or chronic depending on context"
"ICD10:E78.1","Disorders of lipoprotein metabolism and other lipidemia (E78.1)","Unlikely","No clear association with long COVID","Variable","Can be acute or chronic depending on context"
"ICD10:R13.11","Dysphagia, oral phase","Low","Possible association based on systemic inflammation patterns","Can-be-Chronic","Symptom/condition that can become chronic if persistent"
"ICD10:R13.12","Dysphagia, oropharyngeal phase","Low","Possible association based on systemic inflammation patterns","Can-be-Chronic","Symptom/condition that can become chronic if persistent"
"ICD10:R13.13","Dysphagia, pharyngeal phase","Low","Possible association based on systemic inflammation patterns","Can-be-Chronic","Symptom/condition that can become chronic if persistent"
"ICD10:R13.14","Dysphagia, pharyngoesophageal phase","Low","Possible association based on systemic inflammation patterns","Can-be-Chronic","Symptom/condition that can become chronic if persistent"
"ICD10:R13.10","Dysphagia, unspecified","Low","Possible association based on systemic inflammation patterns","Can-be-Chronic","Symptom/condition that can become chronic if persistent"
"ICD10:R13.19","Other dysphagia","Low","Possible association based on systemic inflammation patterns","Can-be-Chronic","Symptom/condition that can become chronic if persistent"
"ICD10:K22.0","Other diseases of esophagus (K22.0)","Unlikely","No clear association with long COVID","Variable","Can be acute or chronic depending on context"
"ICD10:K22.719","Other diseases of esophagus (K22.719)","Unlikely","No clear association with long COVID","Variable","Can be acute or chronic depending on context"
"ICD10:K22.711","Other diseases of esophagus (K22.711)","Unlikely","No clear association with long COVID","Variable","Can be acute or chronic depending on context"
"ICD10:K22.710","Other diseases of esophagus (K22.710)","Unlikely","No clear association with long COVID","Variable","Can be acute or chronic depending on context"
"ICD10:K22.70","Other diseases of esophagus (K22.70)","Unlikely","No clear association with long COVID","Variable","Can be acute or chronic depending on context"
"ICD10:B37.81","Certain infectious and parasitic diseases (B37.81)","Unlikely","No clear association with long COVID","Acute","Typically acute condition or intervention"
"ICD10:K22.9","Other diseases of esophagus (K22.9)","Unlikely","No clear association with long COVID","Variable","Can be acute or chronic depending on context"
"ICD10:K22.5","Other diseases of esophagus (K22.5)","Unlikely","No clear association with long COVID","Variable","Can be acute or chronic depending on context"
"ICD10:K22.4","Other diseases of esophagus (K22.4)","Unlikely","No clear association with long COVID","Variable","Can be acute or chronic depending on context"
"ICD10:K20.0","Esophagitis (K20.0)","Unlikely","No clear association with long COVID","Variable","Can be acute or chronic depending on context"
"ICD10:K22.2","Other diseases of esophagus (K22.2)","Unlikely","No clear association with long COVID","Variable","Can be acute or chronic depending on context"
"ICD10:K20.9","Esophagitis (K20.9)","Unlikely","No clear association with long COVID","Variable","Can be acute or chronic depending on context"
"ICD10:K22.6","Other diseases of esophagus (K22.6)","Unlikely","No clear association with long COVID","Variable","Can be acute or chronic depending on context"
"ICD10:K21.0","Gastro-esophageal reflux disease (K21.0)","Low","Possible association based on systemic inflammation patterns","Chronic","Inherently chronic condition or long-term management required"
"ICD10:K21.9","Gastro-esophageal reflux disease (K21.9)","Low","Possible association based on systemic inflammation patterns","Chronic","Inherently chronic condition or long-term management required"
"ICD10:K22.8","Other diseases of esophagus (K22.8)","Unlikely","No clear association with long COVID","Variable","Can be acute or chronic depending on context"
"ICD10:K22.3","Other diseases of esophagus (K22.3)","Unlikely","No clear association with long COVID","Variable","Can be acute or chronic depending on context"
"ICD10:K22.11","Other diseases of esophagus (K22.11)","Unlikely","No clear association with long COVID","Variable","Can be acute or chronic depending on context"
"ICD10:K22.10","Other diseases of esophagus (K22.10)","Unlikely","No clear association with long COVID","Variable","Can be acute or chronic depending on context"
"ICD10:E87.2","Other disorders of fluid, electrolyte and acid-base balance (E87.2)","Moderate-Low","Speculative but biologically plausible connections","Can-be-Chronic","Symptom/condition that can become chronic if persistent"
"ICD10:E87.3","Alkalosis","Moderate-Low","Speculative but biologically plausible connections","Can-be-Chronic","Symptom/condition that can become chronic if persistent"
"ICD10:E86.0","Dehydration","Moderate-Low","Speculative but biologically plausible connections","Can-be-Chronic","Symptom/condition that can become chronic if persistent"
"ICD10:E87.70","Fluid overload, unspecified","Moderate-Low","Speculative but biologically plausible connections","Can-be-Chronic","Symptom/condition that can become chronic if persistent"
"ICD10:E87.5","Hyperkalemia","Moderate-Low","Speculative but biologically plausible connections","Can-be-Chronic","Symptom/condition that can become chronic if persistent"
"ICD10:E87.0","Hyperosmolality and hypernatremia","Moderate-Low","Speculative but biologically plausible connections","Can-be-Chronic","Symptom/condition that can become chronic if persistent"
"ICD10:E87.1","Hypo-osmolality and hyponatremia","Moderate-Low","Speculative but biologically plausible connections","Can-be-Chronic","Symptom/condition that can become chronic if persistent"
"ICD10:E87.6","Hypokalemia","Moderate-Low","Speculative but biologically plausible connections","Can-be-Chronic","Symptom/condition that can become chronic if persistent"
"ICD10:E86.1","Hypovolemia","Moderate-Low","Speculative but biologically plausible connections","Can-be-Chronic","Symptom/condition that can become chronic if persistent"
"ICD10:E87.4","Other disorders of fluid, electrolyte and acid-base balance (E87.4)","Moderate-Low","Speculative but biologically plausible connections","Can-be-Chronic","Symptom/condition that can become chronic if persistent"
"ICD10:E87.8","Other disorders of fluid, electrolyte and acid-base balance (E87.8)","Moderate-Low","Speculative but biologically plausible connections","Can-be-Chronic","Symptom/condition that can become chronic if persistent"
"ICD10:E87.79","Other disorders of fluid, electrolyte and acid-base balance (E87.79)","Moderate-Low","Speculative but biologically plausible connections","Can-be-Chronic","Symptom/condition that can become chronic if persistent"
"ICD10:E87.71","Other disorders of fluid, electrolyte and acid-base balance (E87.71)","Moderate-Low","Speculative but biologically plausible connections","Can-be-Chronic","Symptom/condition that can become chronic if persistent"
"ICD10:E86.9","Volume depletion, unspecified","Moderate-Low","Speculative but biologically plausible connections","Can-be-Chronic","Symptom/condition that can become chronic if persistent"
"ICD10PCS:0DB68ZX","Procedure code: PCS: 0DB68ZX","Unlikely","No clear association with long COVID","Acute","Typically acute condition or intervention"
"ICD10PCS:0D1B0Z4","Procedure code: PCS: 0D1B0Z4","Unlikely","No clear association with long COVID","Acute","Typically acute condition or intervention"
"ICD10PCS:0DTH0ZZ","Procedure code: PCS: 0DTH0ZZ","Unlikely","No clear association with long COVID","Acute","Typically acute condition or intervention"
"ICD10PCS:0DTM0ZZ","Procedure code: PCS: 0DTM0ZZ","Unlikely","No clear association with long COVID","Acute","Typically acute condition or intervention"
"ICD10PCS:0DTK0ZZ","Procedure code: PCS: 0DTK0ZZ","Unlikely","No clear association with long COVID","Acute","Typically acute condition or intervention"
"ICD10PCS:0DTN0ZZ","Procedure code: PCS: 0DTN0ZZ","Unlikely","No clear association with long COVID","Acute","Typically acute condition or intervention"
"ICD10PCS:0DBP0ZZ","Procedure code: PCS: 0DBP0ZZ","Unlikely","No clear association with long COVID","Acute","Typically acute condition or intervention"
"ICD10PCS:0DH63UZ","Procedure code: PCS: 0DH63UZ","Unlikely","No clear association with long COVID","Acute","Typically acute condition or intervention"
"ICD10PCS:06L38CZ","Procedure code: PCS: 06L38CZ","Unlikely","No clear association with long COVID","Acute","Typically acute condition or intervention"
"ICD10PCS:0D1B4Z4","Procedure code: PCS: 0D1B4Z4","Unlikely","No clear association with long COVID","Acute","Typically acute condition or intervention"
"ICD10PCS:0DBP4ZZ","Procedure code: PCS: 0DBP4ZZ","Unlikely","No clear association with long COVID","Acute","Typically acute condition or intervention"
"ICD10PCS:0DBN4ZZ","Procedure code: PCS: 0DBN4ZZ","Unlikely","No clear association with long COVID","Acute","Typically acute condition or intervention"
"ICD10PCS:0DTF0ZZ","Procedure code: PCS: 0DTF0ZZ","Unlikely","No clear association with long COVID","Acute","Typically acute condition or intervention"
"ICD10PCS:0DTK4ZZ","Procedure code: PCS: 0DTK4ZZ","Unlikely","No clear association with long COVID","Acute","Typically acute condition or intervention"
"ICD10PCS:0DB78ZX","Procedure code: PCS: 0DB78ZX","Unlikely","No clear association with long COVID","Acute","Typically acute condition or intervention"
"ICD10PCS:0DHA4UZ","Procedure code: PCS: 0DHA4UZ","Unlikely","No clear association with long COVID","Acute","Typically acute condition or intervention"
"ICD10PCS:0DX60Z5","Procedure code: PCS: 0DX60Z5","Unlikely","No clear association with long COVID","Acute","Typically acute condition or intervention"
"ICD10PCS:0DT40ZZ","Procedure code: PCS: 0DT40ZZ","Unlikely","No clear association with long COVID","Acute","Typically acute condition or intervention"
"ICD10PCS:0DJ08ZZ","Procedure code: PCS: 0DJ08ZZ","Unlikely","No clear association with long COVID","Acute","Typically acute condition or intervention"
"ICD10PCS:0DB60ZZ","Procedure code: PCS: 0DB60ZZ","Unlikely","No clear association with long COVID","Acute","Typically acute condition or intervention"
"ICD10PCS:0DB30ZZ","Procedure code: PCS: 0DB30ZZ","Unlikely","No clear association with long COVID","Acute","Typically acute condition or intervention"
"ICD10PCS:0D1E0Z4","Procedure code: PCS: 0D1E0Z4","Unlikely","No clear association with long COVID","Acute","Typically acute condition or intervention"
"ICD10PCS:0DNE0ZZ","Procedure code: PCS: 0DNE0ZZ","Unlikely","No clear association with long COVID","Acute","Typically acute condition or intervention"
"ICD10PCS:0DBB0ZZ","Procedure code: PCS: 0DBB0ZZ","Unlikely","No clear association with long COVID","Acute","Typically acute condition or intervention"
"ICD10PCS:0DB58ZX","Procedure code: PCS: 0DB58ZX","Unlikely","No clear association with long COVID","Acute","Typically acute condition or intervention"
"ICD10PCS:0DB98ZX","Procedure code: PCS: 0DB98ZX","Unlikely","No clear association with long COVID","Acute","Typically acute condition or intervention"
"ICD10PCS:0DBN8ZX","Procedure code: PCS: 0DBN8ZX","Unlikely","No clear association with long COVID","Acute","Typically acute condition or intervention"
"ICD10PCS:0D9670Z","Procedure code: PCS: 0D9670Z","Unlikely","No clear association with long COVID","Acute","Typically acute condition or intervention"
"ICD10:R44.0","Other specified abnormal findings (R44)","Unlikely","No clear association with long COVID","Variable","Can be acute or chronic depending on context"
"ICD10:R42","Dizziness and giddiness","Moderate","Emerging evidence or plausible systemic associations","Can-be-Chronic","Symptom/condition that can become chronic if persistent"
"ICD10:R44.3","Other specified abnormal findings (R44)","Unlikely","No clear association with long COVID","Variable","Can be acute or chronic depending on context"
"ICD10:R44.2","Other specified abnormal findings (R44)","Unlikely","No clear association with long COVID","Variable","Can be acute or chronic depending on context"
"ICD10:R44.8","Other specified abnormal findings (R44)","Unlikely","No clear association with long COVID","Variable","Can be acute or chronic depending on context"
"ICD10:R44.9","Other specified abnormal findings (R44)","Unlikely","No clear association with long COVID","Variable","Can be acute or chronic depending on context"
"ICD10:R44.1","Other specified abnormal findings (R44)","Unlikely","No clear association with long COVID","Variable","Can be acute or chronic depending on context"
"ICD10:R82.4","Acetonuria","Unlikely","No clear association with long COVID","Variable","Can be acute or chronic depending on context"
"ICD10:R34","Other specified abnormal findings (R34)","Unlikely","No clear association with long COVID","Variable","Can be acute or chronic depending on context"
"ICD10:R82.2","Biliuria","Unlikely","No clear association with long COVID","Variable","Can be acute or chronic depending on context"
"ICD10:N39.9","Diseases of the genitourinary system (N39.9)","Moderate-Low","Speculative but biologically plausible connections","Variable","Can be acute or chronic depending on context"
"ICD10:R30.0","Other specified abnormal findings (R30)","Unlikely","No clear association with long COVID","Variable","Can be acute or chronic depending on context"
"ICD10:R82.5","Elevated urine levels of drugs, medicaments and biological substances","Unlikely","No clear association with long COVID","Variable","Can be acute or chronic depending on context"
"ICD10:R39.0","Extravasation of urine","Unlikely","No clear association with long COVID","Variable","Can be acute or chronic depending on context"
"ICD10:R39.14","Feeling of incomplete bladder emptying","Unlikely","No clear association with long COVID","Variable","Can be acute or chronic depending on context"
"ICD10:R35.0","Frequency of micturition","Moderate-Low","Speculative but biologically plausible connections","Can-be-Chronic","Symptom/condition that can become chronic if persistent"
"ICD10:R36.1","Other specified abnormal findings (R36)","Unlikely","No clear association with long COVID","Variable","Can be acute or chronic depending on context"
"ICD10:R82.3","Hemoglobinuria","Unlikely","No clear association with long COVID","Variable","Can be acute or chronic depending on context"
"ICD10:R39.11","Hesitancy of micturition","Unlikely","No clear association with long COVID","Variable","Can be acute or chronic depending on context"
"ICD10:R35.1","Nocturia","Moderate-Low","Speculative but biologically plausible connections","Can-be-Chronic","Symptom/condition that can become chronic if persistent"
"ICD10:R35.8","Polyuria (R35.8)","Moderate-Low","Speculative but biologically plausible connections","Can-be-Chronic","Symptom/condition that can become chronic if persistent"
"ICD10:R33.8","Other retention of urine","Moderate-Low","Speculative but biologically plausible connections","Can-be-Chronic","Symptom/condition that can become chronic if persistent"
"ICD10:N39.8","Diseases of the genitourinary system (N39.8)","Moderate-Low","Speculative but biologically plausible connections","Variable","Can be acute or chronic depending on context"
"ICD10:R39.89","Other symptoms involving genitourinary system","Unlikely","No clear association with long COVID","Variable","Can be acute or chronic depending on context"
"ICD10:R30.9","Other specified abnormal findings (R30)","Unlikely","No clear association with long COVID","Variable","Can be acute or chronic depending on context"
"ICD10:R39.12","Poor urinary stream","Unlikely","No clear association with long COVID","Variable","Can be acute or chronic depending on context"
"ICD10:R33.9","Retention of urine, unspecified","Moderate-Low","Speculative but biologically plausible connections","Can-be-Chronic","Symptom/condition that can become chronic if persistent"
"ICD10:R39.13","Splitting of urinary stream","Unlikely","No clear association with long COVID","Variable","Can be acute or chronic depending on context"
"ICD10:R39.16","Straining to void","Unlikely","No clear association with long COVID","Variable","Can be acute or chronic depending on context"
"ICD10:R82.90","Unspecified abnormal findings in urine","Unlikely","No clear association with long COVID","Variable","Can be acute or chronic depending on context"
"ICD10:R39.9","Unspecified symptoms involving genitourinary system","Unlikely","No clear association with long COVID","Variable","Can be acute or chronic depending on context"
"ICD10:R36.9","Other specified abnormal findings (R36)","Unlikely","No clear association with long COVID","Variable","Can be acute or chronic depending on context"
"ICD10:R39.15","Urgency of urination","Unlikely","No clear association with long COVID","Variable","Can be acute or chronic depending on context"
"ICD10:R30.1","Other specified abnormal findings (R30)","Unlikely","No clear association with long COVID","Variable","Can be acute or chronic depending on context"
"ICD10:I11.0","Diseases of the circulatory system (I11.0)","Unlikely","No clear association with long COVID","Chronic","Inherently chronic condition or long-term management required"
"ICD10:I11.9","Diseases of the circulatory system (I11.9)","Unlikely","No clear association with long COVID","Chronic","Inherently chronic condition or long-term management required"
"ICD10:G44.311","Episodic paroxysmal hemicrania, intractable","Moderate","Emerging evidence or plausible systemic associations","Chronic","Inherently chronic condition or long-term management required"
"ICD10:G44.319","Episodic paroxysmal hemicrania, not intractable","Moderate","Emerging evidence or plausible systemic associations","Chronic","Inherently chronic condition or long-term management required"
"ICD10:G43.711","Diseases of the nervous system (G43.711)","Unlikely","No clear association with long COVID","Chronic","Inherently chronic condition or long-term management required"
"ICD10:G43.719","Diseases of the nervous system (G43.719)","Unlikely","No clear association with long COVID","Chronic","Inherently chronic condition or long-term management required"
"ICD10:G43.709","Diseases of the nervous system (G43.709)","Unlikely","No clear association with long COVID","Chronic","Inherently chronic condition or long-term management required"
"ICD10:G44.041","New daily persistent headache, intractable","Moderate","Emerging evidence or plausible systemic associations","Chronic","Inherently chronic condition or long-term management required"
"ICD10:G44.049","New daily persistent headache, not intractable","Moderate","Emerging evidence or plausible systemic associations","Chronic","Inherently chronic condition or long-term management required"
"ICD10:G44.321","Chronic paroxysmal hemicrania, intractable","Moderate","Emerging evidence or plausible systemic associations","Chronic","Inherently chronic condition or long-term management required"
"ICD10:G44.329","Chronic paroxysmal hemicrania, not intractable","Moderate","Emerging evidence or plausible systemic associations","Chronic","Inherently chronic condition or long-term management required"
"ICD10:G44.221","Chronic cluster headache, intractable","Moderate","Emerging evidence or plausible systemic associations","Chronic","Inherently chronic condition or long-term management required"
"ICD10:G44.229","Other headache syndromes (G44.229)","Moderate","Emerging evidence or plausible systemic associations","Chronic","Inherently chronic condition or long-term management required"
"ICD10:G44.001","Other headache syndromes (G44.001)","Moderate","Emerging evidence or plausible systemic associations","Chronic","Inherently chronic condition or long-term management required"
"ICD10:G44.009","Other headache syndromes (G44.009)","Moderate","Emerging evidence or plausible systemic associations","Chronic","Inherently chronic condition or long-term management required"
"ICD10:G44.011","Other headache syndromes (G44.011)","Moderate","Emerging evidence or plausible systemic associations","Chronic","Inherently chronic condition or long-term management required"
"ICD10:G44.019","Other headache syndromes (G44.019)","Moderate","Emerging evidence or plausible systemic associations","Chronic","Inherently chronic condition or long-term management required"
"ICD10:G44.031","Other headache syndromes (G44.031)","Moderate","Emerging evidence or plausible systemic associations","Chronic","Inherently chronic condition or long-term management required"
"ICD10:G44.039","Other headache syndromes (G44.039)","Moderate","Emerging evidence or plausible systemic associations","Chronic","Inherently chronic condition or long-term management required"
"ICD10:G44.219","Other headache syndromes (G44.219)","Moderate","Emerging evidence or plausible systemic associations","Chronic","Inherently chronic condition or long-term management required"
"ICD10:R51","Headache (R51)","Unlikely","No clear association with long COVID","Variable","Can be acute or chronic depending on context"
"ICD10:G44.51","Other headache syndromes (G44.51)","Moderate","Emerging evidence or plausible systemic associations","Chronic","Inherently chronic condition or long-term management required"
"ICD10:G43.409","Diseases of the nervous system (G43.409)","Unlikely","No clear association with long COVID","Chronic","Inherently chronic condition or long-term management required"
"ICD10:G44.81","Other headache syndromes (G44.81)","Moderate","Emerging evidence or plausible systemic associations","Chronic","Inherently chronic condition or long-term management required"
"ICD10:G43.831","Diseases of the nervous system (G43.831)","Unlikely","No clear association with long COVID","Chronic","Inherently chronic condition or long-term management required"
"ICD10:G43.829","Diseases of the nervous system (G43.829)","Unlikely","No clear association with long COVID","Chronic","Inherently chronic condition or long-term management required"
"ICD10:G43.111","Diseases of the nervous system (G43.111)","Unlikely","No clear association with long COVID","Chronic","Inherently chronic condition or long-term management required"
"ICD10:G43.119","Diseases of the nervous system (G43.119)","Unlikely","No clear association with long COVID","Chronic","Inherently chronic condition or long-term management required"
"ICD10:G43.101","Diseases of the nervous system (G43.101)","Unlikely","No clear association with long COVID","Chronic","Inherently chronic condition or long-term management required"
"ICD10:G43.109","Diseases of the nervous system (G43.109)","Unlikely","No clear association with long COVID","Chronic","Inherently chronic condition or long-term management required"
"ICD10:G43.011","Diseases of the nervous system (G43.011)","Unlikely","No clear association with long COVID","Chronic","Inherently chronic condition or long-term management required"
"ICD10:G43.019","Diseases of the nervous system (G43.019)","Unlikely","No clear association with long COVID","Chronic","Inherently chronic condition or long-term management required"
"ICD10:G43.001","Diseases of the nervous system (G43.001)","Unlikely","No clear association with long COVID","Chronic","Inherently chronic condition or long-term management required"
"ICD10:G43.009","Diseases of the nervous system (G43.009)","Unlikely","No clear association with long COVID","Chronic","Inherently chronic condition or long-term management required"
"ICD10:G43.911","Diseases of the nervous system (G43.911)","Unlikely","No clear association with long COVID","Chronic","Inherently chronic condition or long-term management required"
"ICD10:G43.919","Diseases of the nervous system (G43.919)","Unlikely","No clear association with long COVID","Chronic","Inherently chronic condition or long-term management required"
"ICD10:G43.901","Diseases of the nervous system (G43.901)","Unlikely","No clear association with long COVID","Chronic","Inherently chronic condition or long-term management required"
"ICD10:G43.909","Diseases of the nervous system (G43.909)","Unlikely","No clear association with long COVID","Chronic","Inherently chronic condition or long-term management required"
"ICD10:G44.52","Other headache syndromes (G44.52)","Moderate","Emerging evidence or plausible systemic associations","Chronic","Inherently chronic condition or long-term management required"
"ICD10:G43.B1","Diseases of the nervous system (G43.B1)","Unlikely","No clear association with long COVID","Chronic","Inherently chronic condition or long-term management required"
"ICD10:G43.B0","Diseases of the nervous system (G43.B0)","Unlikely","No clear association with long COVID","Chronic","Inherently chronic condition or long-term management required"
"ICD10:G44.59","Other headache syndromes (G44.59)","Moderate","Emerging evidence or plausible systemic associations","Chronic","Inherently chronic condition or long-term management required"
"ICD10:G44.89","Other headache syndromes (G44.89)","Moderate","Emerging evidence or plausible systemic associations","Chronic","Inherently chronic condition or long-term management required"
"ICD10:G43.811","Diseases of the nervous system (G43.811)","Unlikely","No clear association with long COVID","Chronic","Inherently chronic condition or long-term management required"
"ICD10:G43.819","Diseases of the nervous system (G43.819)","Unlikely","No clear association with long COVID","Chronic","Inherently chronic condition or long-term management required"
"ICD10:G43.801","Diseases of the nervous system (G43.801)","Unlikely","No clear association with long COVID","Chronic","Inherently chronic condition or long-term management required"
"ICD10:G43.809","Diseases of the nervous system (G43.809)","Unlikely","No clear association with long COVID","Chronic","Inherently chronic condition or long-term management required"
"ICD10:G43.C1","Diseases of the nervous system (G43.C1)","Unlikely","No clear association with long COVID","Chronic","Inherently chronic condition or long-term management required"
"ICD10:G43.C0","Diseases of the nervous system (G43.C0)","Unlikely","No clear association with long COVID","Chronic","Inherently chronic condition or long-term management required"
"ICD10:G43.519","Diseases of the nervous system (G43.519)","Unlikely","No clear association with long COVID","Chronic","Inherently chronic condition or long-term management required"
"ICD10:G43.501","Diseases of the nervous system (G43.501)","Unlikely","No clear association with long COVID","Chronic","Inherently chronic condition or long-term management required"
"ICD10:G44.301","Other headache syndromes (G44.301)","Moderate","Emerging evidence or plausible systemic associations","Chronic","Inherently chronic condition or long-term management required"
"ICD10:G44.309","Other headache syndromes (G44.309)","Moderate","Emerging evidence or plausible systemic associations","Chronic","Inherently chronic condition or long-term management required"
"ICD10:G44.83","Other headache syndromes (G44.83)","Moderate","Emerging evidence or plausible systemic associations","Chronic","Inherently chronic condition or long-term management required"
"ICD10:G44.85","Other headache syndromes (G44.85)","Moderate","Emerging evidence or plausible systemic associations","Chronic","Inherently chronic condition or long-term management required"
"ICD10:G44.53","Other headache syndromes (G44.53)","Moderate","Emerging evidence or plausible systemic associations","Chronic","Inherently chronic condition or long-term management required"
"ICD10:G44.059","Other headache syndromes (G44.059)","Moderate","Emerging evidence or plausible systemic associations","Chronic","Inherently chronic condition or long-term management required"
"ICD10:G44.201","Other headache syndromes (G44.201)","Moderate","Emerging evidence or plausible systemic associations","Chronic","Inherently chronic condition or long-term management required"
"ICD10:G44.209","Other headache syndromes (G44.209)","Moderate","Emerging evidence or plausible systemic associations","Chronic","Inherently chronic condition or long-term management required"
"ICD10:G44.1","Other headache syndromes (G44.1)","Moderate","Emerging evidence or plausible systemic associations","Chronic","Inherently chronic condition or long-term management required"
"ICD10:H90.0","Conductive and sensorineural hearing loss (H90.0)","Unlikely","No clear association with long COVID","Variable","Can be acute or chronic depending on context"
"ICD10:H90.12","Conductive and sensorineural hearing loss (H90.12)","Unlikely","No clear association with long COVID","Variable","Can be acute or chronic depending on context"
"ICD10:H90.11","Conductive and sensorineural hearing loss (H90.11)","Unlikely","No clear association with long COVID","Variable","Can be acute or chronic depending on context"
"ICD10:H90.2","Conductive and sensorineural hearing loss (H90.2)","Unlikely","No clear association with long COVID","Variable","Can be acute or chronic depending on context"
"ICD10:H90.6","Conductive and sensorineural hearing loss (H90.6)","Unlikely","No clear association with long COVID","Variable","Can be acute or chronic depending on context"
"ICD10:H90.72","Conductive and sensorineural hearing loss (H90.72)","Unlikely","No clear association with long COVID","Variable","Can be acute or chronic depending on context"
"ICD10:H90.71","Conductive and sensorineural hearing loss (H90.71)","Unlikely","No clear association with long COVID","Variable","Can be acute or chronic depending on context"
"ICD10:H90.8","Conductive and sensorineural hearing loss (H90.8)","Unlikely","No clear association with long COVID","Variable","Can be acute or chronic depending on context"
"ICD10:H91.8X3","Other and unspecified hearing loss (H91.8X3)","Moderate","Emerging evidence or plausible systemic associations","Chronic","Inherently chronic condition or long-term management required"
"ICD10:H91.8X2","Other and unspecified hearing loss (H91.8X2)","Moderate","Emerging evidence or plausible systemic associations","Chronic","Inherently chronic condition or long-term management required"
"ICD10:H91.8X1","Other and unspecified hearing loss (H91.8X1)","Moderate","Emerging evidence or plausible systemic associations","Chronic","Inherently chronic condition or long-term management required"
"ICD10:H91.8X9","Other and unspecified hearing loss (H91.8X9)","Moderate","Emerging evidence or plausible systemic associations","Chronic","Inherently chronic condition or long-term management required"
"ICD10:H91.13","Other and unspecified hearing loss (H91.13)","Moderate","Emerging evidence or plausible systemic associations","Chronic","Inherently chronic condition or long-term management required"
"ICD10:H91.10","Other and unspecified hearing loss (H91.10)","Moderate","Emerging evidence or plausible systemic associations","Chronic","Inherently chronic condition or long-term management required"
"ICD10:H90.3","Conductive and sensorineural hearing loss (H90.3)","Unlikely","No clear association with long COVID","Variable","Can be acute or chronic depending on context"
"ICD10:H90.42","Conductive and sensorineural hearing loss (H90.42)","Unlikely","No clear association with long COVID","Variable","Can be acute or chronic depending on context"
"ICD10:H90.41","Conductive and sensorineural hearing loss (H90.41)","Unlikely","No clear association with long COVID","Variable","Can be acute or chronic depending on context"
"ICD10:H91.23","Other and unspecified hearing loss (H91.23)","Moderate","Emerging evidence or plausible systemic associations","Chronic","Inherently chronic condition or long-term management required"
"ICD10:H91.22","Other and unspecified hearing loss (H91.22)","Moderate","Emerging evidence or plausible systemic associations","Chronic","Inherently chronic condition or long-term management required"
"ICD10:H91.21","Other and unspecified hearing loss (H91.21)","Moderate","Emerging evidence or plausible systemic associations","Chronic","Inherently chronic condition or long-term management required"
"ICD10:H91.20","Other and unspecified hearing loss (H91.20)","Moderate","Emerging evidence or plausible systemic associations","Chronic","Inherently chronic condition or long-term management required"
"ICD10:H91.93","Other and unspecified hearing loss (H91.93)","Moderate","Emerging evidence or plausible systemic associations","Chronic","Inherently chronic condition or long-term management required"
"ICD10:H91.92","Other and unspecified hearing loss (H91.92)","Moderate","Emerging evidence or plausible systemic associations","Chronic","Inherently chronic condition or long-term management required"
"ICD10:H91.91","Other and unspecified hearing loss (H91.91)","Moderate","Emerging evidence or plausible systemic associations","Chronic","Inherently chronic condition or long-term management required"
"ICD10:H91.90","Other and unspecified hearing loss (H91.90)","Moderate","Emerging evidence or plausible systemic associations","Chronic","Inherently chronic condition or long-term management required"
"ICD10:H90.5","Conductive and sensorineural hearing loss (H90.5)","Unlikely","No clear association with long COVID","Variable","Can be acute or chronic depending on context"
"ICD10:I50.41","Acute combined systolic and diastolic heart failure","Unlikely","No clear association with long COVID","Chronic","Inherently chronic condition or long-term management required"
"ICD10:I50.31","Acute diastolic (congestive) heart failure","Unlikely","No clear association with long COVID","Chronic","Inherently chronic condition or long-term management required"
"ICD10:I50.43","Acute on chronic combined systolic and diastolic heart failure","Unlikely","No clear association with long COVID","Chronic","Inherently chronic condition or long-term management required"
"ICD10:I50.33","Acute on chronic diastolic (congestive) heart failure","Unlikely","No clear association with long COVID","Chronic","Inherently chronic condition or long-term management required"
"ICD10:I50.23","Acute on chronic systolic (congestive) heart failure","Unlikely","No clear association with long COVID","Chronic","Inherently chronic condition or long-term management required"
"ICD10:I50.21","Acute systolic (congestive) heart failure","Unlikely","No clear association with long COVID","Chronic","Inherently chronic condition or long-term management required"
"ICD10:I50.42","Chronic combined systolic and diastolic heart failure","Unlikely","No clear association with long COVID","Chronic","Inherently chronic condition or long-term management required"
"ICD10:I50.32","Chronic diastolic (congestive) heart failure","Unlikely","No clear association with long COVID","Chronic","Inherently chronic condition or long-term management required"
"ICD10:I50.22","Chronic systolic (congestive) heart failure","Unlikely","No clear association with long COVID","Chronic","Inherently chronic condition or long-term management required"
"ICD10:I50.9","Heart failure, unspecified","Unlikely","No clear association with long COVID","Chronic","Inherently chronic condition or long-term management required"
"ICD10:I50.1","Left ventricular failure","Unlikely","No clear association with long COVID","Chronic","Inherently chronic condition or long-term management required"
"ICD10:Z95.811","Factors influencing health status and contact with health services (Z95.811)","Unlikely","No clear association with long COVID","Variable","Can be acute or chronic depending on context"
"ICD10:I50.40","Unspecified combined systolic and diastolic heart failure","Unlikely","No clear association with long COVID","Chronic","Inherently chronic condition or long-term management required"
"ICD10:I50.30","Unspecified diastolic (congestive) heart failure","Unlikely","No clear association with long COVID","Chronic","Inherently chronic condition or long-term management required"
"ICD10:I50.20","Unspecified systolic (congestive) heart failure","Unlikely","No clear association with long COVID","Chronic","Inherently chronic condition or long-term management required"
"ICD10:R31.1","Benign essential microscopic hematuria","Unlikely","No clear association with long COVID","Variable","Can be acute or chronic depending on context"
"ICD10:R31.0","Gross hematuria","Unlikely","No clear association with long COVID","Variable","Can be acute or chronic depending on context"
"ICD10:R31.9","Hematuria, unspecified","Unlikely","No clear association with long COVID","Variable","Can be acute or chronic depending on context"
"ICD10:D89.810","Other disorders involving the immune mechanism, not elsewhere classified (D89.810)","Unlikely","No clear association with long COVID","Variable","Can be acute or chronic depending on context"
"ICD10:D89.82","Other disorders involving the immune mechanism, not elsewhere classified (D89.82)","Unlikely","No clear association with long COVID","Variable","Can be acute or chronic depending on context"
"ICD10:D81.810","Diseases of blood and blood-forming organs and immune disorders (D81.810)","Unlikely","No clear association with long COVID","Variable","Can be acute or chronic depending on context"
"ICD10:D89.811","Other disorders involving the immune mechanism, not elsewhere classified (D89.811)","Unlikely","No clear association with long COVID","Variable","Can be acute or chronic depending on context"
"ICD10:D81.9","Diseases of blood and blood-forming organs and immune disorders (D81.9)","Unlikely","No clear association with long COVID","Variable","Can be acute or chronic depending on context"
"ICD10:D83.1","Diseases of blood and blood-forming organs and immune disorders (D83.1)","Unlikely","No clear association with long COVID","Variable","Can be acute or chronic depending on context"
"ICD10:D83.9","Diseases of blood and blood-forming organs and immune disorders (D83.9)","Unlikely","No clear association with long COVID","Variable","Can be acute or chronic depending on context"
"ICD10:D89.1","Other disorders involving the immune mechanism, not elsewhere classified (D89.1)","Unlikely","No clear association with long COVID","Variable","Can be acute or chronic depending on context"
"ICD10:D89.9","Other disorders involving the immune mechanism, not elsewhere classified (D89.9)","Unlikely","No clear association with long COVID","Variable","Can be acute or chronic depending on context"
"ICD10:D89.813","Other disorders involving the immune mechanism, not elsewhere classified (D89.813)","Unlikely","No clear association with long COVID","Variable","Can be acute or chronic depending on context"
"ICD10:D89.2","Other disorders involving the immune mechanism, not elsewhere classified (D89.2)","Unlikely","No clear association with long COVID","Variable","Can be acute or chronic depending on context"
"ICD10:D89.42","Other disorders involving the immune mechanism, not elsewhere classified (D89.42)","Unlikely","No clear association with long COVID","Variable","Can be acute or chronic depending on context"
"ICD10:D80.9","Immunodeficiency with predominantly antibody defects (D80.9)","Unlikely","No clear association with long COVID","Variable","Can be acute or chronic depending on context"
"ICD10:D84.9","Other immunodeficiencies (D84.9)","Unlikely","No clear association with long COVID","Variable","Can be acute or chronic depending on context"
"ICD10:D89.40","Other disorders involving the immune mechanism, not elsewhere classified (D89.40)","Unlikely","No clear association with long COVID","Variable","Can be acute or chronic depending on context"
"ICD10:D80.1","Immunodeficiency with predominantly antibody defects (D80.1)","Unlikely","No clear association with long COVID","Variable","Can be acute or chronic depending on context"
"ICD10:D83.8","Diseases of blood and blood-forming organs and immune disorders (D83.8)","Unlikely","No clear association with long COVID","Variable","Can be acute or chronic depending on context"
"ICD10:D80.8","Immunodeficiency with predominantly antibody defects (D80.8)","Unlikely","No clear association with long COVID","Variable","Can be acute or chronic depending on context"
"ICD10:D89.89","Other disorders involving the immune mechanism, not elsewhere classified (D89.89)","Unlikely","No clear association with long COVID","Variable","Can be acute or chronic depending on context"
"ICD10:D89.0","Other disorders involving the immune mechanism, not elsewhere classified (D89.0)","Unlikely","No clear association with long COVID","Variable","Can be acute or chronic depending on context"
"ICD10:D86.85","Diseases of blood and blood-forming organs and immune disorders (D86.85)","Unlikely","No clear association with long COVID","Variable","Can be acute or chronic depending on context"
"ICD10:D86.0","Diseases of blood and blood-forming organs and immune disorders (D86.0)","Unlikely","No clear association with long COVID","Variable","Can be acute or chronic depending on context"
"ICD10:D86.2","Diseases of blood and blood-forming organs and immune disorders (D86.2)","Unlikely","No clear association with long COVID","Variable","Can be acute or chronic depending on context"
"ICD10:D86.1","Diseases of blood and blood-forming organs and immune disorders (D86.1)","Unlikely","No clear association with long COVID","Variable","Can be acute or chronic depending on context"
"ICD10:D86.89","Diseases of blood and blood-forming organs and immune disorders (D86.89)","Unlikely","No clear association with long COVID","Variable","Can be acute or chronic depending on context"
"ICD10:D86.9","Diseases of blood and blood-forming organs and immune disorders (D86.9)","Unlikely","No clear association with long COVID","Variable","Can be acute or chronic depending on context"
"ICD10:D80.2","Immunodeficiency with predominantly antibody defects (D80.2)","Unlikely","No clear association with long COVID","Variable","Can be acute or chronic depending on context"
"ICD10:D80.3","Immunodeficiency with predominantly antibody defects (D80.3)","Unlikely","No clear association with long COVID","Variable","Can be acute or chronic depending on context"
"ICD10:D80.4","Immunodeficiency with predominantly antibody defects (D80.4)","Unlikely","No clear association with long COVID","Variable","Can be acute or chronic depending on context"
"ICD10:R53.82","Chronic fatigue, unspecified","High","Core long COVID symptoms with strong evidence","Chronic","Inherently chronic condition or long-term management required"
"ICD10:R53.83","Other fatigue","High","Core long COVID symptoms with strong evidence","Can-be-Chronic","Symptom/condition that can become chronic if persistent"
"ICD10:R53.81","Other malaise","High","Core long COVID symptoms with strong evidence","Can-be-Chronic","Symptom/condition that can become chronic if persistent"
"ICD10:R53.1","Weakness","High","Core long COVID symptoms with strong evidence","Can-be-Chronic","Symptom/condition that can become chronic if persistent"
"ICD10:I40.9","Diseases of the circulatory system (I40.9)","Unlikely","No clear association with long COVID","Variable","Can be acute or chronic depending on context"
"ICD10:I42.6","Cardiomyopathy (I42.6)","Unlikely","No clear association with long COVID","Variable","Can be acute or chronic depending on context"
"ICD10:I42.7","Cardiomyopathy (I42.7)","Unlikely","No clear association with long COVID","Variable","Can be acute or chronic depending on context"
"ICD10:I43","Diseases of the circulatory system (I43)","Unlikely","No clear association with long COVID","Variable","Can be acute or chronic depending on context"
"ICD10:I42.9","Cardiomyopathy (I42.9)","Unlikely","No clear association with long COVID","Variable","Can be acute or chronic depending on context"
"ICD10:I42.0","Cardiomyopathy (I42.0)","Unlikely","No clear association with long COVID","Variable","Can be acute or chronic depending on context"
"ICD10:I40.0","Diseases of the circulatory system (I40.0)","Unlikely","No clear association with long COVID","Variable","Can be acute or chronic depending on context"
"ICD10:I25.5","Diseases of the circulatory system (I25.5)","Unlikely","No clear association with long COVID","Chronic","Inherently chronic condition or long-term management required"
"ICD10:I40.1","Diseases of the circulatory system (I40.1)","Unlikely","No clear association with long COVID","Variable","Can be acute or chronic depending on context"
"ICD10:I41","Diseases of the circulatory system (I41)","Unlikely","No clear association with long COVID","Variable","Can be acute or chronic depending on context"
"ICD10:I51.4","Diseases of the circulatory system (I51.4)","Unlikely","No clear association with long COVID","Variable","Can be acute or chronic depending on context"
"ICD10:I42.1","Cardiomyopathy (I42.1)","Unlikely","No clear association with long COVID","Variable","Can be acute or chronic depending on context"
"ICD10:I40.8","Diseases of the circulatory system (I40.8)","Unlikely","No clear association with long COVID","Variable","Can be acute or chronic depending on context"
"ICD10:I42.8","Cardiomyopathy (I42.8)","Unlikely","No clear association with long COVID","Variable","Can be acute or chronic depending on context"
"ICD10:I42.2","Cardiomyopathy (I42.2)","Unlikely","No clear association with long COVID","Variable","Can be acute or chronic depending on context"
"ICD10:I42.5","Cardiomyopathy (I42.5)","Unlikely","No clear association with long COVID","Variable","Can be acute or chronic depending on context"
"ICD10:O90.3","Pregnancy, childbirth and the puerperium (O90.3)","Unlikely","No clear association with long COVID","Acute","Typically acute condition or intervention"
"ICD10:B33.24","Other viral diseases, not elsewhere classified (B33.24)","Unlikely","No clear association with long COVID","Variable","Can be acute or chronic depending on context"
"ICD10:B33.22","Other viral diseases, not elsewhere classified (B33.22)","Unlikely","No clear association with long COVID","Variable","Can be acute or chronic depending on context"
"ICD10:R11.14","Bilious vomiting","Moderate","Emerging evidence or plausible systemic associations","Can-be-Chronic","Symptom/condition that can become chronic if persistent"
"ICD10:R11.0","Nausea","Moderate","Emerging evidence or plausible systemic associations","Can-be-Chronic","Symptom/condition that can become chronic if persistent"
"ICD10:R11.2","Nausea with vomiting, unspecified","Moderate","Emerging evidence or plausible systemic associations","Can-be-Chronic","Symptom/condition that can become chronic if persistent"
"ICD10:R11.12","Projectile vomiting","Moderate","Emerging evidence or plausible systemic associations","Can-be-Chronic","Symptom/condition that can become chronic if persistent"
"ICD10:R11.11","Vomiting without nausea","Moderate","Emerging evidence or plausible systemic associations","Can-be-Chronic","Symptom/condition that can become chronic if persistent"
"ICD10:R11.10","Vomiting, unspecified","Moderate","Emerging evidence or plausible systemic associations","Can-be-Chronic","Symptom/condition that can become chronic if persistent"
"ICD10:G89.11","Diseases of the nervous system (G89.11)","Unlikely","No clear association with long COVID","Variable","Can be acute or chronic depending on context"
"ICD10:G89.12","Diseases of the nervous system (G89.12)","Unlikely","No clear association with long COVID","Variable","Can be acute or chronic depending on context"
"ICD10:G89.0","Diseases of the nervous system (G89.0)","Unlikely","No clear association with long COVID","Variable","Can be acute or chronic depending on context"
"ICD10:G89.21","Diseases of the nervous system (G89.21)","Unlikely","No clear association with long COVID","Variable","Can be acute or chronic depending on context"
"ICD10:G89.4","Diseases of the nervous system (G89.4)","Unlikely","No clear association with long COVID","Variable","Can be acute or chronic depending on context"
"ICD10:G89.22","Diseases of the nervous system (G89.22)","Unlikely","No clear association with long COVID","Variable","Can be acute or chronic depending on context"
"ICD10:G90.521","Complex regional pain syndrome II of upper limb","Unlikely","No clear association with long COVID","Variable","Can be acute or chronic depending on context"
"ICD10:G90.2","Disorders of autonomic nervous system (G90.2)","Unlikely","No clear association with long COVID","Variable","Can be acute or chronic depending on context"
"ICD10:G89.18","Diseases of the nervous system (G89.18)","Unlikely","No clear association with long COVID","Variable","Can be acute or chronic depending on context"
"ICD10:G89.29","Diseases of the nervous system (G89.29)","Unlikely","No clear association with long COVID","Variable","Can be acute or chronic depending on context"
"ICD10:G89.28","Diseases of the nervous system (G89.28)","Unlikely","No clear association with long COVID","Variable","Can be acute or chronic depending on context"
"ICD10:R29.2","Other specified abnormal findings (R29)","Unlikely","No clear association with long COVID","Variable","Can be acute or chronic depending on context"
"ICD10:R41.81","Other symptoms involving cognitive functions (R41.81)","Moderate","Emerging evidence or plausible systemic associations","Can-be-Chronic","Symptom/condition that can become chronic if persistent"
"ICD10:R48.1","Other specified abnormal findings (R48)","Unlikely","No clear association with long COVID","Variable","Can be acute or chronic depending on context"
"ICD10:R41.82","Altered mental status, unspecified","Moderate","Emerging evidence or plausible systemic associations","Can-be-Chronic","Symptom/condition that can become chronic if persistent"
"ICD10:R43.0","Anosmia","Moderate","Emerging evidence or plausible systemic associations","Can-be-Chronic","Symptom/condition that can become chronic if persistent"
"ICD10:R47.01","Other specified abnormal findings (R47)","Unlikely","No clear association with long COVID","Variable","Can be acute or chronic depending on context"
"ICD10:R48.2","Other specified abnormal findings (R48)","Unlikely","No clear association with long COVID","Variable","Can be acute or chronic depending on context"
"ICD10:R27.0","Other specified abnormal findings (R27)","Unlikely","No clear association with long COVID","Variable","Can be acute or chronic depending on context"
"ICD10:R26.0","Other specified abnormal findings (R26)","Unlikely","No clear association with long COVID","Variable","Can be acute or chronic depending on context"
"ICD10:R41.840","Attention and concentration deficit","Moderate","Emerging evidence or plausible systemic associations","Can-be-Chronic","Symptom/condition that can become chronic if persistent"
"ICD10:R41.83","Borderline intellectual functioning","Moderate","Emerging evidence or plausible systemic associations","Can-be-Chronic","Symptom/condition that can become chronic if persistent"
"ICD10:R41.841","Cognitive communication deficit","Moderate","Emerging evidence or plausible systemic associations","Can-be-Chronic","Symptom/condition that can become chronic if persistent"
"ICD10:R40.2334","Somnolence, stupor and coma (R40.2334)","Unlikely","No clear association with long COVID","Variable","Can be acute or chronic depending on context"
"ICD10:R40.2362","Somnolence, stupor and coma (R40.2362)","Unlikely","No clear association with long COVID","Variable","Can be acute or chronic depending on context"
"ICD10:R40.2363","Somnolence, stupor and coma (R40.2363)","Unlikely","No clear association with long COVID","Variable","Can be acute or chronic depending on context"
"ICD10:R40.2254","Somnolence, stupor and coma (R40.2254)","Unlikely","No clear association with long COVID","Variable","Can be acute or chronic depending on context"
"ICD10:R40.2252","Somnolence, stupor and coma (R40.2252)","Unlikely","No clear association with long COVID","Variable","Can be acute or chronic depending on context"
"ICD10:R40.2253","Somnolence, stupor and coma (R40.2253)","Unlikely","No clear association with long COVID","Variable","Can be acute or chronic depending on context"
"ICD10:R40.2142","Somnolence, stupor and coma (R40.2142)","Unlikely","No clear association with long COVID","Variable","Can be acute or chronic depending on context"
"ICD10:R40.2143","Somnolence, stupor and coma (R40.2143)","Unlikely","No clear association with long COVID","Variable","Can be acute or chronic depending on context"
"ICD10:R40.2134","Somnolence, stupor and coma (R40.2134)","Unlikely","No clear association with long COVID","Variable","Can be acute or chronic depending on context"
"ICD10:R26.2","Other specified abnormal findings (R26)","Unlikely","No clear association with long COVID","Variable","Can be acute or chronic depending on context"
"ICD10:R41.0","Disorientation, unspecified","Moderate","Emerging evidence or plausible systemic associations","Can-be-Chronic","Symptom/condition that can become chronic if persistent"
"ICD10:R47.1","Other specified abnormal findings (R47)","Unlikely","No clear association with long COVID","Variable","Can be acute or chronic depending on context"
"ICD10:R48.0","Other specified abnormal findings (R48)","Unlikely","No clear association with long COVID","Variable","Can be acute or chronic depending on context"
"ICD10:R47.02","Other specified abnormal findings (R47)","Unlikely","No clear association with long COVID","Variable","Can be acute or chronic depending on context"
"ICD10:R29.810","Other specified abnormal findings (R29)","Unlikely","No clear association with long COVID","Variable","Can be acute or chronic depending on context"
"ICD10:R25.3","Other specified abnormal findings (R25)","Unlikely","No clear association with long COVID","Variable","Can be acute or chronic depending on context"
"ICD10:R41.844","Frontal lobe and executive function deficit","Moderate","Emerging evidence or plausible systemic associations","Can-be-Chronic","Symptom/condition that can become chronic if persistent"
"ICD10:R53.2","Functional quadriplegia","High","Core long COVID symptoms with strong evidence","Can-be-Chronic","Symptom/condition that can become chronic if persistent"
"ICD10:R41.4","Neurologic neglect syndrome","Moderate","Emerging evidence or plausible systemic associations","Can-be-Chronic","Symptom/condition that can become chronic if persistent"
"ICD10:R25.8","Other specified abnormal findings (R25)","Unlikely","No clear association with long COVID","Variable","Can be acute or chronic depending on context"
"ICD10:R26.89","Other specified abnormal findings (R26)","Unlikely","No clear association with long COVID","Variable","Can be acute or chronic depending on context"
"ICD10:R41.3","Other amnesia","Moderate","Emerging evidence or plausible systemic associations","Can-be-Chronic","Symptom/condition that can become chronic if persistent"
"ICD10:R43.8","Other disturbances of smell and taste","Moderate","Emerging evidence or plausible systemic associations","Can-be-Chronic","Symptom/condition that can become chronic if persistent"
"ICD10:R27.8","Other specified abnormal findings (R27)","Unlikely","No clear association with long COVID","Variable","Can be acute or chronic depending on context"
"ICD10:R47.89","Other specified abnormal findings (R47)","Unlikely","No clear association with long COVID","Variable","Can be acute or chronic depending on context"
"ICD10:R48.8","Other specified abnormal findings (R48)","Unlikely","No clear association with long COVID","Variable","Can be acute or chronic depending on context"
"ICD10:R41.89","Other symptoms involving cognitive functions","Moderate","Emerging evidence or plausible systemic associations","Can-be-Chronic","Symptom/condition that can become chronic if persistent"
"ICD10:R29.818","Other specified abnormal findings (R29)","Unlikely","No clear association with long COVID","Variable","Can be acute or chronic depending on context"
"ICD10:R43.2","Parageusia","Moderate","Emerging evidence or plausible systemic associations","Can-be-Chronic","Symptom/condition that can become chronic if persistent"
"ICD10:R26.1","Other specified abnormal findings (R26)","Unlikely","No clear association with long COVID","Variable","Can be acute or chronic depending on context"
"ICD10:R43.1","Parosmia","Moderate","Emerging evidence or plausible systemic associations","Can-be-Chronic","Symptom/condition that can become chronic if persistent"
"ICD10:R47.81","Other specified abnormal findings (R47)","Unlikely","No clear association with long COVID","Variable","Can be acute or chronic depending on context"
"ICD10:R40.4","Transient alteration of awareness","Unlikely","No clear association with long COVID","Variable","Can be acute or chronic depending on context"
"ICD10:R25.1","Other specified abnormal findings (R25)","Unlikely","No clear association with long COVID","Variable","Can be acute or chronic depending on context"
"ICD10:R25.9","Other specified abnormal findings (R25)","Unlikely","No clear association with long COVID","Variable","Can be acute or chronic depending on context"
"ICD10:R26.9","Other specified abnormal findings (R26)","Unlikely","No clear association with long COVID","Variable","Can be acute or chronic depending on context"
"ICD10:R43.9","Unspecified disturbances of smell and taste","Moderate","Emerging evidence or plausible systemic associations","Can-be-Chronic","Symptom/condition that can become chronic if persistent"
"ICD10:R27.9","Other specified abnormal findings (R27)","Unlikely","No clear association with long COVID","Variable","Can be acute or chronic depending on context"
"ICD10:R47.9","Other specified abnormal findings (R47)","Unlikely","No clear association with long COVID","Variable","Can be acute or chronic depending on context"
"ICD10:R41.9","Unspecified symptoms involving cognitive functions","Moderate","Emerging evidence or plausible systemic associations","Can-be-Chronic","Symptom/condition that can become chronic if persistent"
"ICD10:R29.90","Other specified abnormal findings (R29)","Unlikely","No clear association with long COVID","Variable","Can be acute or chronic depending on context"
"ICD10:R26.81","Other specified abnormal findings (R26)","Unlikely","No clear association with long COVID","Variable","Can be acute or chronic depending on context"
"ICD10:L98.421","Other disorders of skin and subcutaneous tissue, not elsewhere classified (L98.421)","Unlikely","No clear association with long COVID","Variable","Can be acute or chronic depending on context"
"ICD10:L98.422","Other disorders of skin and subcutaneous tissue, not elsewhere classified (L98.422)","Unlikely","No clear association with long COVID","Variable","Can be acute or chronic depending on context"
"ICD10:L98.429","Other disorders of skin and subcutaneous tissue, not elsewhere classified (L98.429)","Unlikely","No clear association with long COVID","Variable","Can be acute or chronic depending on context"
"ICD10:L98.411","Other disorders of skin and subcutaneous tissue, not elsewhere classified (L98.411)","Unlikely","No clear association with long COVID","Variable","Can be acute or chronic depending on context"
"ICD10:L98.419","Other disorders of skin and subcutaneous tissue, not elsewhere classified (L98.419)","Unlikely","No clear association with long COVID","Variable","Can be acute or chronic depending on context"
"ICD10:L97.321","Non-pressure chronic ulcer of lower limb, not elsewhere classified (L97.321)","Unlikely","No clear association with long COVID","Chronic","Inherently chronic condition or long-term management required"
"ICD10:L97.329","Non-pressure chronic ulcer of lower limb, not elsewhere classified (L97.329)","Unlikely","No clear association with long COVID","Chronic","Inherently chronic condition or long-term management required"
"ICD10:L97.221","Non-pressure chronic ulcer of lower limb, not elsewhere classified (L97.221)","Unlikely","No clear association with long COVID","Chronic","Inherently chronic condition or long-term management required"
"ICD10:L97.222","Non-pressure chronic ulcer of lower limb, not elsewhere classified (L97.222)","Unlikely","No clear association with long COVID","Chronic","Inherently chronic condition or long-term management required"
"ICD10:L97.229","Non-pressure chronic ulcer of lower limb, not elsewhere classified (L97.229)","Unlikely","No clear association with long COVID","Chronic","Inherently chronic condition or long-term management required"
"ICD10:L97.421","Non-pressure chronic ulcer of lower limb, not elsewhere classified (L97.421)","Unlikely","No clear association with long COVID","Chronic","Inherently chronic condition or long-term management required"
"ICD10:L97.422","Non-pressure chronic ulcer of lower limb, not elsewhere classified (L97.422)","Unlikely","No clear association with long COVID","Chronic","Inherently chronic condition or long-term management required"
"ICD10:L97.429","Non-pressure chronic ulcer of lower limb, not elsewhere classified (L97.429)","Unlikely","No clear association with long COVID","Chronic","Inherently chronic condition or long-term management required"
"ICD10:L97.122","Non-pressure chronic ulcer of lower limb, not elsewhere classified (L97.122)","Unlikely","No clear association with long COVID","Chronic","Inherently chronic condition or long-term management required"
"ICD10:L97.129","Non-pressure chronic ulcer of lower limb, not elsewhere classified (L97.129)","Unlikely","No clear association with long COVID","Chronic","Inherently chronic condition or long-term management required"
"ICD10:L97.521","Non-pressure chronic ulcer of lower limb, not elsewhere classified (L97.521)","Unlikely","No clear association with long COVID","Chronic","Inherently chronic condition or long-term management required"
"ICD10:L97.522","Non-pressure chronic ulcer of lower limb, not elsewhere classified (L97.522)","Unlikely","No clear association with long COVID","Chronic","Inherently chronic condition or long-term management required"
"ICD10:L97.523","Non-pressure chronic ulcer of lower limb, not elsewhere classified (L97.523)","Unlikely","No clear association with long COVID","Chronic","Inherently chronic condition or long-term management required"
"ICD10:L97.529","Non-pressure chronic ulcer of lower limb, not elsewhere classified (L97.529)","Unlikely","No clear association with long COVID","Chronic","Inherently chronic condition or long-term management required"
"ICD10:L97.821","Non-pressure chronic ulcer of lower limb, not elsewhere classified (L97.821)","Unlikely","No clear association with long COVID","Chronic","Inherently chronic condition or long-term management required"
"ICD10:L97.822","Non-pressure chronic ulcer of lower limb, not elsewhere classified (L97.822)","Unlikely","No clear association with long COVID","Chronic","Inherently chronic condition or long-term management required"
"ICD10:L97.511","Non-pressure chronic ulcer of lower limb, not elsewhere classified (L97.511)","Unlikely","No clear association with long COVID","Chronic","Inherently chronic condition or long-term management required"
"ICD10:L97.512","Non-pressure chronic ulcer of lower limb, not elsewhere classified (L97.512)","Unlikely","No clear association with long COVID","Chronic","Inherently chronic condition or long-term management required"
"ICD10:L97.513","Non-pressure chronic ulcer of lower limb, not elsewhere classified (L97.513)","Unlikely","No clear association with long COVID","Chronic","Inherently chronic condition or long-term management required"
"ICD10:L97.519","Non-pressure chronic ulcer of lower limb, not elsewhere classified (L97.519)","Unlikely","No clear association with long COVID","Chronic","Inherently chronic condition or long-term management required"
"ICD10:L97.812","Non-pressure chronic ulcer of lower limb, not elsewhere classified (L97.812)","Unlikely","No clear association with long COVID","Chronic","Inherently chronic condition or long-term management required"
"ICD10:L97.819","Non-pressure chronic ulcer of lower limb, not elsewhere classified (L97.819)","Unlikely","No clear association with long COVID","Chronic","Inherently chronic condition or long-term management required"
"ICD10:L97.501","Non-pressure chronic ulcer of lower limb, not elsewhere classified (L97.501)","Unlikely","No clear association with long COVID","Chronic","Inherently chronic condition or long-term management required"
"ICD10:L97.502","Non-pressure chronic ulcer of lower limb, not elsewhere classified (L97.502)","Unlikely","No clear association with long COVID","Chronic","Inherently chronic condition or long-term management required"
"ICD10:L97.509","Non-pressure chronic ulcer of lower limb, not elsewhere classified (L97.509)","Unlikely","No clear association with long COVID","Chronic","Inherently chronic condition or long-term management required"
"ICD10:L97.809","Non-pressure chronic ulcer of lower limb, not elsewhere classified (L97.809)","Unlikely","No clear association with long COVID","Chronic","Inherently chronic condition or long-term management required"
"ICD10:L97.311","Non-pressure chronic ulcer of lower limb, not elsewhere classified (L97.311)","Unlikely","No clear association with long COVID","Chronic","Inherently chronic condition or long-term management required"
"ICD10:L97.312","Non-pressure chronic ulcer of lower limb, not elsewhere classified (L97.312)","Unlikely","No clear association with long COVID","Chronic","Inherently chronic condition or long-term management required"
"ICD10:L97.319","Non-pressure chronic ulcer of lower limb, not elsewhere classified (L97.319)","Unlikely","No clear association with long COVID","Chronic","Inherently chronic condition or long-term management required"
"ICD10:L97.211","Non-pressure chronic ulcer of lower limb, not elsewhere classified (L97.211)","Unlikely","No clear association with long COVID","Chronic","Inherently chronic condition or long-term management required"
"ICD10:L97.212","Non-pressure chronic ulcer of lower limb, not elsewhere classified (L97.212)","Unlikely","No clear association with long COVID","Chronic","Inherently chronic condition or long-term management required"
"ICD10:L97.411","Non-pressure chronic ulcer of lower limb, not elsewhere classified (L97.411)","Unlikely","No clear association with long COVID","Chronic","Inherently chronic condition or long-term management required"
"ICD10:L97.412","Non-pressure chronic ulcer of lower limb, not elsewhere classified (L97.412)","Unlikely","No clear association with long COVID","Chronic","Inherently chronic condition or long-term management required"
"ICD10:L97.413","Non-pressure chronic ulcer of lower limb, not elsewhere classified (L97.413)","Unlikely","No clear association with long COVID","Chronic","Inherently chronic condition or long-term management required"
"ICD10:L97.419","Non-pressure chronic ulcer of lower limb, not elsewhere classified (L97.419)","Unlikely","No clear association with long COVID","Chronic","Inherently chronic condition or long-term management required"
"ICD10:L97.112","Non-pressure chronic ulcer of lower limb, not elsewhere classified (L97.112)","Unlikely","No clear association with long COVID","Chronic","Inherently chronic condition or long-term management required"
"ICD10:L98.491","Other disorders of skin and subcutaneous tissue, not elsewhere classified (L98.491)","Unlikely","No clear association with long COVID","Variable","Can be acute or chronic depending on context"
"ICD10:L98.492","Other disorders of skin and subcutaneous tissue, not elsewhere classified (L98.492)","Unlikely","No clear association with long COVID","Variable","Can be acute or chronic depending on context"
"ICD10:L98.499","Other disorders of skin and subcutaneous tissue, not elsewhere classified (L98.499)","Unlikely","No clear association with long COVID","Variable","Can be acute or chronic depending on context"
"ICD10:L97.309","Non-pressure chronic ulcer of lower limb, not elsewhere classified (L97.309)","Unlikely","No clear association with long COVID","Chronic","Inherently chronic condition or long-term management required"
"ICD10:L97.201","Non-pressure chronic ulcer of lower limb, not elsewhere classified (L97.201)","Unlikely","No clear association with long COVID","Chronic","Inherently chronic condition or long-term management required"
"ICD10:L97.202","Non-pressure chronic ulcer of lower limb, not elsewhere classified (L97.202)","Unlikely","No clear association with long COVID","Chronic","Inherently chronic condition or long-term management required"
"ICD10:L97.402","Non-pressure chronic ulcer of lower limb, not elsewhere classified (L97.402)","Unlikely","No clear association with long COVID","Chronic","Inherently chronic condition or long-term management required"
"ICD10:L97.409","Non-pressure chronic ulcer of lower limb, not elsewhere classified (L97.409)","Unlikely","No clear association with long COVID","Chronic","Inherently chronic condition or long-term management required"
"ICD10:L97.921","Non-pressure chronic ulcer of lower limb, not elsewhere classified (L97.921)","Unlikely","No clear association with long COVID","Chronic","Inherently chronic condition or long-term management required"
"ICD10:L97.922","Non-pressure chronic ulcer of lower limb, not elsewhere classified (L97.922)","Unlikely","No clear association with long COVID","Chronic","Inherently chronic condition or long-term management required"
"ICD10:L97.929","Non-pressure chronic ulcer of lower limb, not elsewhere classified (L97.929)","Unlikely","No clear association with long COVID","Chronic","Inherently chronic condition or long-term management required"
"ICD10:L97.911","Non-pressure chronic ulcer of lower limb, not elsewhere classified (L97.911)","Unlikely","No clear association with long COVID","Chronic","Inherently chronic condition or long-term management required"
"ICD10:L97.912","Non-pressure chronic ulcer of lower limb, not elsewhere classified (L97.912)","Unlikely","No clear association with long COVID","Chronic","Inherently chronic condition or long-term management required"
"ICD10:L97.913","Non-pressure chronic ulcer of lower limb, not elsewhere classified (L97.913)","Unlikely","No clear association with long COVID","Chronic","Inherently chronic condition or long-term management required"
"ICD10:L97.919","Non-pressure chronic ulcer of lower limb, not elsewhere classified (L97.919)","Unlikely","No clear association with long COVID","Chronic","Inherently chronic condition or long-term management required"
"ICD10:L97.902","Non-pressure chronic ulcer of lower limb, not elsewhere classified (L97.902)","Unlikely","No clear association with long COVID","Chronic","Inherently chronic condition or long-term management required"
"ICD10:L97.909","Non-pressure chronic ulcer of lower limb, not elsewhere classified (L97.909)","Unlikely","No clear association with long COVID","Chronic","Inherently chronic condition or long-term management required"
"ICD10:R07.9","Chest pain, unspecified","Moderate-High","Well-documented secondary long COVID symptoms","Can-be-Chronic","Symptom/condition that can become chronic if persistent"
"ICD10:R07.89","Other chest pain","Moderate-High","Well-documented secondary long COVID symptoms","Can-be-Chronic","Symptom/condition that can become chronic if persistent"
"ICD10:R07.2","Pain in throat and chest (R07.2)","Moderate-High","Well-documented secondary long COVID symptoms","Can-be-Chronic","Symptom/condition that can become chronic if persistent"
"ICD10:E54","Endocrine, nutritional and metabolic diseases (E54)","Unlikely","No clear association with long COVID","Variable","Can be acute or chronic depending on context"
"ICD10:E61.0","Endocrine, nutritional and metabolic diseases (E61.0)","Unlikely","No clear association with long COVID","Variable","Can be acute or chronic depending on context"
"ICD10:E53.8","Endocrine, nutritional and metabolic diseases (E53.8)","Unlikely","No clear association with long COVID","Variable","Can be acute or chronic depending on context"
"ICD10:E61.8","Endocrine, nutritional and metabolic diseases (E61.8)","Unlikely","No clear association with long COVID","Variable","Can be acute or chronic depending on context"
"ICD10:E58","Endocrine, nutritional and metabolic diseases (E58)","Unlikely","No clear association with long COVID","Variable","Can be acute or chronic depending on context"
"ICD10:E59","Endocrine, nutritional and metabolic diseases (E59)","Unlikely","No clear association with long COVID","Variable","Can be acute or chronic depending on context"
"ICD10:E60","Endocrine, nutritional and metabolic diseases (E60)","Unlikely","No clear association with long COVID","Variable","Can be acute or chronic depending on context"
"ICD10:E61.1","Endocrine, nutritional and metabolic diseases (E61.1)","Unlikely","No clear association with long COVID","Variable","Can be acute or chronic depending on context"
"ICD10:E61.2","Endocrine, nutritional and metabolic diseases (E61.2)","Unlikely","No clear association with long COVID","Variable","Can be acute or chronic depending on context"
"ICD10:E63.9","Endocrine, nutritional and metabolic diseases (E63.9)","Unlikely","No clear association with long COVID","Variable","Can be acute or chronic depending on context"
"ICD10:E50.7","Endocrine, nutritional and metabolic diseases (E50.7)","Unlikely","No clear association with long COVID","Variable","Can be acute or chronic depending on context"
"ICD10:E63.8","Endocrine, nutritional and metabolic diseases (E63.8)","Unlikely","No clear association with long COVID","Variable","Can be acute or chronic depending on context"
"ICD10:E53.1","Endocrine, nutritional and metabolic diseases (E53.1)","Unlikely","No clear association with long COVID","Variable","Can be acute or chronic depending on context"
"ICD10:E51.9","Thiamine deficiency (E51.9)","Unlikely","No clear association with long COVID","Variable","Can be acute or chronic depending on context"
"ICD10:E50.9","Endocrine, nutritional and metabolic diseases (E50.9)","Unlikely","No clear association with long COVID","Variable","Can be acute or chronic depending on context"
"ICD10:E53.9","Endocrine, nutritional and metabolic diseases (E53.9)","Unlikely","No clear association with long COVID","Variable","Can be acute or chronic depending on context"
"ICD10:E55.9","Vitamin D deficiency (E55.9)","Unlikely","No clear association with long COVID","Variable","Can be acute or chronic depending on context"
"ICD10:E56.9","Endocrine, nutritional and metabolic diseases (E56.9)","Unlikely","No clear association with long COVID","Variable","Can be acute or chronic depending on context"
"ICD10:E51.2","Thiamine deficiency (E51.2)","Unlikely","No clear association with long COVID","Variable","Can be acute or chronic depending on context"
"ICD10:R29.3","Other specified abnormal findings (R29)","Unlikely","No clear association with long COVID","Variable","Can be acute or chronic depending on context"
"ICD10:R63.5","Abnormal weight gain","Unlikely","No clear association with long COVID","Variable","Can be acute or chronic depending on context"
"ICD10:R63.4","Abnormal weight loss","Unlikely","No clear association with long COVID","Variable","Can be acute or chronic depending on context"
"ICD10:R62.7","Adult failure to thrive","Unlikely","No clear association with long COVID","Variable","Can be acute or chronic depending on context"
"ICD10:R54","Other specified abnormal findings (R54)","Unlikely","No clear association with long COVID","Variable","Can be acute or chronic depending on context"
"ICD10:R63.0","Anorexia","Unlikely","No clear association with long COVID","Variable","Can be acute or chronic depending on context"
"ICD10:R49.1","Other specified abnormal findings (R49)","Unlikely","No clear association with long COVID","Variable","Can be acute or chronic depending on context"
"ICD10:R64","Other specified abnormal findings (R64)","Unlikely","No clear association with long COVID","Variable","Can be acute or chronic depending on context"
"ICD10:R68.83","Chills (without fever)","Moderate","Emerging evidence or plausible systemic associations","Variable","Can be acute or chronic depending on context"
"ICD10:R29.4","Other specified abnormal findings (R29)","Unlikely","No clear association with long COVID","Variable","Can be acute or chronic depending on context"
"ICD10:R68.3","Clubbing of fingers","Moderate","Emerging evidence or plausible systemic associations","Variable","Can be acute or chronic depending on context"
"ICD10:R25.2","Other specified abnormal findings (R25)","Unlikely","No clear association with long COVID","Variable","Can be acute or chronic depending on context"
"ICD10:R68.82","Decreased libido","Moderate","Emerging evidence or plausible systemic associations","Variable","Can be acute or chronic depending on context"
"ICD10:R49.0","Other specified abnormal findings (R49)","Unlikely","No clear association with long COVID","Variable","Can be acute or chronic depending on context"
"ICD10:R68.81","Early satiety","Moderate","Emerging evidence or plausible systemic associations","Variable","Can be acute or chronic depending on context"
"ICD10:R60.9","Other specified abnormal findings (R60)","Moderate-Low","Speculative but biologically plausible connections","Variable","Can be acute or chronic depending on context"
"ICD10:R59.9","Other specified abnormal findings (R59)","Unlikely","No clear association with long COVID","Variable","Can be acute or chronic depending on context"
"ICD10:R62.51","Failure to thrive in child","Unlikely","No clear association with long COVID","Variable","Can be acute or chronic depending on context"
"ICD10:R63.3","Symptoms concerning food and fluid intake (R63.3)","Unlikely","No clear association with long COVID","Variable","Can be acute or chronic depending on context"
"ICD10:R60.1","Other specified abnormal findings (R60)","Moderate-Low","Speculative but biologically plausible connections","Variable","Can be acute or chronic depending on context"
"ICD10:R59.1","Other specified abnormal findings (R59)","Unlikely","No clear association with long COVID","Variable","Can be acute or chronic depending on context"
"ICD10:R61","Other specified abnormal findings (R61)","Unlikely","No clear association with long COVID","Variable","Can be acute or chronic depending on context"
"ICD10:R68.0","Hypothermia, not associated with low environmental temperature","Moderate","Emerging evidence or plausible systemic associations","Variable","Can be acute or chronic depending on context"
"ICD10:R99","Other specified abnormal findings (R99)","Unlikely","No clear association with long COVID","Variable","Can be acute or chronic depending on context"
"ICD10:R69","Other specified abnormal findings (R69)","Unlikely","No clear association with long COVID","Variable","Can be acute or chronic depending on context"
"ICD10:R60.0","Other specified abnormal findings (R60)","Moderate-Low","Speculative but biologically plausible connections","Variable","Can be acute or chronic depending on context"
"ICD10:R59.0","Other specified abnormal findings (R59)","Unlikely","No clear association with long COVID","Variable","Can be acute or chronic depending on context"
"ICD10:R29.890","Other specified abnormal findings (R29)","Unlikely","No clear association with long COVID","Variable","Can be acute or chronic depending on context"
"ICD10:R68.89","Other general symptoms","Moderate","Emerging evidence or plausible systemic associations","Variable","Can be acute or chronic depending on context"
"ICD10:R62.59","Other lack of expected normal physiological development in childhood","Unlikely","No clear association with long COVID","Variable","Can be acute or chronic depending on context"
"ICD10:R63.8","Other symptoms concerning food and fluid intake","Unlikely","No clear association with long COVID","Variable","Can be acute or chronic depending on context"
"ICD10:R29.898","Other specified abnormal findings (R29)","Unlikely","No clear association with long COVID","Variable","Can be acute or chronic depending on context"
"ICD10:R49.8","Other specified abnormal findings (R49)","Unlikely","No clear association with long COVID","Variable","Can be acute or chronic depending on context"
"ICD10:R52","Other specified abnormal findings (R52)","Unlikely","No clear association with long COVID","Variable","Can be acute or chronic depending on context"
"ICD10:R63.1","Polydipsia","Unlikely","No clear association with long COVID","Variable","Can be acute or chronic depending on context"
"ICD10:R63.2","Polyphagia","Unlikely","No clear association with long COVID","Variable","Can be acute or chronic depending on context"
"ICD10:R29.6","Other specified abnormal findings (R29)","Unlikely","No clear association with long COVID","Variable","Can be acute or chronic depending on context"
"ICD10:R62.52","Short stature (child)","Unlikely","No clear association with long COVID","Variable","Can be acute or chronic depending on context"
"ICD10:R65.11","Other specified abnormal findings (R65)","Unlikely","No clear association with long COVID","Variable","Can be acute or chronic depending on context"
"ICD10:R65.10","Other specified abnormal findings (R65)","Unlikely","No clear association with long COVID","Variable","Can be acute or chronic depending on context"
"ICD10:R63.6","Underweight","Unlikely","No clear association with long COVID","Variable","Can be acute or chronic depending on context"
"ICD10:R62.50","Unspecified lack of expected normal physiological development in childhood","Unlikely","No clear association with long COVID","Variable","Can be acute or chronic depending on context"
"ICD10:R29.91","Other specified abnormal findings (R29)","Unlikely","No clear association with long COVID","Variable","Can be acute or chronic depending on context"
"ICD10:R49.9","Other specified abnormal findings (R49)","Unlikely","No clear association with long COVID","Variable","Can be acute or chronic depending on context"
"ICD10:G91.2","Diseases of the nervous system (G91.2)","Unlikely","No clear association with long COVID","Variable","Can be acute or chronic depending on context"
"ICD10:G37.3","Diseases of the nervous system (G37.3)","Unlikely","No clear association with long COVID","Variable","Can be acute or chronic depending on context"
"ICD10:G12.21","Diseases of the nervous system (G12.21)","Unlikely","No clear association with long COVID","Variable","Can be acute or chronic depending on context"
"ICD10:G90.4","Disorders of autonomic nervous system (G90.4)","Unlikely","No clear association with long COVID","Variable","Can be acute or chronic depending on context"
"ICD10:G93.2","Other disorders of brain (G93.2)","Unlikely","No clear association with long COVID","Variable","Can be acute or chronic depending on context"
"ICD10:G24.5","Diseases of the nervous system (G24.5)","Unlikely","No clear association with long COVID","Variable","Can be acute or chronic depending on context"
"ICD10:G90.01","Disorders of autonomic nervous system (G90.01)","Unlikely","No clear association with long COVID","Variable","Can be acute or chronic depending on context"
"ICD10:G93.0","Other disorders of brain (G93.0)","Unlikely","No clear association with long COVID","Variable","Can be acute or chronic depending on context"
"ICD10:G93.6","Other disorders of brain (G93.6)","Unlikely","No clear association with long COVID","Variable","Can be acute or chronic depending on context"
"ICD10:G91.0","Diseases of the nervous system (G91.0)","Unlikely","No clear association with long COVID","Variable","Can be acute or chronic depending on context"
"ICD10:G93.5","Other disorders of brain (G93.5)","Unlikely","No clear association with long COVID","Variable","Can be acute or chronic depending on context"
"ICD10:G95.81","Diseases of the nervous system (G95.81)","Unlikely","No clear association with long COVID","Variable","Can be acute or chronic depending on context"
"ICD10:G31.9","Diseases of the nervous system (G31.9)","Unlikely","No clear association with long COVID","Variable","Can be acute or chronic depending on context"
"ICD10:G37.9","Diseases of the nervous system (G37.9)","Unlikely","No clear association with long COVID","Variable","Can be acute or chronic depending on context"
"ICD10:G95.9","Diseases of the nervous system (G95.9)","Unlikely","No clear association with long COVID","Variable","Can be acute or chronic depending on context"
"ICD10:G93.9","Other disorders of brain (G93.9)","Unlikely","No clear association with long COVID","Variable","Can be acute or chronic depending on context"
"ICD10:G90.9","Disorders of autonomic nervous system (G90.9)","Unlikely","No clear association with long COVID","Variable","Can be acute or chronic depending on context"
"ICD10:G96.11","Dural tear","Unlikely","No clear association with long COVID","Variable","Can be acute or chronic depending on context"
"ICD10:G24.9","Diseases of the nervous system (G24.9)","Unlikely","No clear association with long COVID","Variable","Can be acute or chronic depending on context"
"ICD10:G93.40","Other disorders of brain (G93.40)","Unlikely","No clear association with long COVID","Variable","Can be acute or chronic depending on context"
"ICD10:G25.0","Other extrapyramidal and movement disorders (G25.0)","Unlikely","No clear association with long COVID","Variable","Can be acute or chronic depending on context"
"ICD10:G25.9","Other extrapyramidal and movement disorders (G25.9)","Unlikely","No clear association with long COVID","Variable","Can be acute or chronic depending on context"
"ICD10:G90.1","Disorders of autonomic nervous system (G90.1)","Unlikely","No clear association with long COVID","Variable","Can be acute or chronic depending on context"
"ICD10:G11.9","Diseases of the nervous system (G11.9)","Unlikely","No clear association with long COVID","Variable","Can be acute or chronic depending on context"
"ICD10:G11.4","Diseases of the nervous system (G11.4)","Unlikely","No clear association with long COVID","Variable","Can be acute or chronic depending on context"
"ICD10:G91.9","Diseases of the nervous system (G91.9)","Unlikely","No clear association with long COVID","Variable","Can be acute or chronic depending on context"
"ICD10:G24.4","Diseases of the nervous system (G24.4)","Unlikely","No clear association with long COVID","Variable","Can be acute or chronic depending on context"
"ICD10:J10.81","Diseases of the respiratory system (J10.81)","Unlikely","No clear association with long COVID","Variable","Can be acute or chronic depending on context"
"ICD10:G08","Diseases of the nervous system (G08)","Unlikely","No clear association with long COVID","Variable","Can be acute or chronic depending on context"
"ICD10:G93.41","Other disorders of brain (G93.41)","Unlikely","No clear association with long COVID","Variable","Can be acute or chronic depending on context"
"ICD10:G31.84","Diseases of the nervous system (G31.84)","Unlikely","No clear association with long COVID","Variable","Can be acute or chronic depending on context"
"ICD10:G12.20","Diseases of the nervous system (G12.20)","Unlikely","No clear association with long COVID","Variable","Can be acute or chronic depending on context"
"ICD10:G90.3","Disorders of autonomic nervous system (G90.3)","Unlikely","No clear association with long COVID","Variable","Can be acute or chronic depending on context"
"ICD10:G99.2","Diseases of the nervous system (G99.2)","Unlikely","No clear association with long COVID","Variable","Can be acute or chronic depending on context"
"ICD10:G25.3","Other extrapyramidal and movement disorders (G25.3)","Unlikely","No clear association with long COVID","Variable","Can be acute or chronic depending on context"
"ICD10:G36.0","Diseases of the nervous system (G36.0)","Unlikely","No clear association with long COVID","Variable","Can be acute or chronic depending on context"
"ICD10:G91.1","Diseases of the nervous system (G91.1)","Unlikely","No clear association with long COVID","Variable","Can be acute or chronic depending on context"
"ICD10:G25.5","Other extrapyramidal and movement disorders (G25.5)","Unlikely","No clear association with long COVID","Variable","Can be acute or chronic depending on context"
"ICD10:G95.29","Diseases of the nervous system (G95.29)","Unlikely","No clear association with long COVID","Variable","Can be acute or chronic depending on context"
"ICD10:G90.8","Disorders of autonomic nervous system (G90.8)","Unlikely","No clear association with long COVID","Variable","Can be acute or chronic depending on context"
"ICD10:G64","Diseases of the nervous system (G64)","Unlikely","No clear association with long COVID","Variable","Can be acute or chronic depending on context"
"ICD10:G24.8","Diseases of the nervous system (G24.8)","Unlikely","No clear association with long COVID","Variable","Can be acute or chronic depending on context"
"ICD10:G93.49","Other disorders of brain (G93.49)","Unlikely","No clear association with long COVID","Variable","Can be acute or chronic depending on context"
"ICD10:G90.09","Disorders of autonomic nervous system (G90.09)","Unlikely","No clear association with long COVID","Variable","Can be acute or chronic depending on context"
"ICD10:G12.29","Diseases of the nervous system (G12.29)","Unlikely","No clear association with long COVID","Variable","Can be acute or chronic depending on context"
"ICD10:G31.89","Diseases of the nervous system (G31.89)","Unlikely","No clear association with long COVID","Variable","Can be acute or chronic depending on context"
"ICD10:G95.89","Diseases of the nervous system (G95.89)","Unlikely","No clear association with long COVID","Variable","Can be acute or chronic depending on context"
"ICD10:G93.89","Other disorders of brain (G93.89)","Unlikely","No clear association with long COVID","Variable","Can be acute or chronic depending on context"
"ICD10:G25.89","Other extrapyramidal and movement disorders (G25.89)","Unlikely","No clear association with long COVID","Variable","Can be acute or chronic depending on context"
"ICD10:G25.2","Other extrapyramidal and movement disorders (G25.2)","Unlikely","No clear association with long COVID","Variable","Can be acute or chronic depending on context"
"ICD10:G95.19","Diseases of the nervous system (G95.19)","Unlikely","No clear association with long COVID","Variable","Can be acute or chronic depending on context"
"ICD10:G13.0","Diseases of the nervous system (G13.0)","Unlikely","No clear association with long COVID","Variable","Can be acute or chronic depending on context"
"ICD10:G93.3","Other disorders of brain (G93.3)","Unlikely","No clear association with long COVID","Variable","Can be acute or chronic depending on context"
"ICD10:G23.1","Diseases of the nervous system (G23.1)","Unlikely","No clear association with long COVID","Variable","Can be acute or chronic depending on context"
"ICD10:G25.81","Other extrapyramidal and movement disorders (G25.81)","Unlikely","No clear association with long COVID","Variable","Can be acute or chronic depending on context"
"ICD10:G21.9","Secondary parkinsonism (G21.9)","Unlikely","No clear association with long COVID","Variable","Can be acute or chronic depending on context"
"ICD10:G24.3","Diseases of the nervous system (G24.3)","Unlikely","No clear association with long COVID","Variable","Can be acute or chronic depending on context"
"ICD10:G12.9","Diseases of the nervous system (G12.9)","Unlikely","No clear association with long COVID","Variable","Can be acute or chronic depending on context"
"ICD10:G25.82","Other extrapyramidal and movement disorders (G25.82)","Unlikely","No clear association with long COVID","Variable","Can be acute or chronic depending on context"
"ICD10:G95.0","Diseases of the nervous system (G95.0)","Unlikely","No clear association with long COVID","Variable","Can be acute or chronic depending on context"
"ICD10:G93.81","Other disorders of brain (G93.81)","Unlikely","No clear association with long COVID","Variable","Can be acute or chronic depending on context"
"ICD10:G95.20","Diseases of the nervous system (G95.20)","Unlikely","No clear association with long COVID","Variable","Can be acute or chronic depending on context"
"ICD10:I77.811","Other disorders of arteries and arterioles (I77.811)","Unlikely","No clear association with long COVID","Variable","Can be acute or chronic depending on context"
"ICD10:I77.819","Other disorders of arteries and arterioles (I77.819)","Unlikely","No clear association with long COVID","Variable","Can be acute or chronic depending on context"
"ICD10:I77.3","Other disorders of arteries and arterioles (I77.3)","Unlikely","No clear association with long COVID","Variable","Can be acute or chronic depending on context"
"ICD10:I77.0","Other disorders of arteries and arterioles (I77.0)","Unlikely","No clear association with long COVID","Variable","Can be acute or chronic depending on context"
"ICD10:I77.4","Other disorders of arteries and arterioles (I77.4)","Unlikely","No clear association with long COVID","Variable","Can be acute or chronic depending on context"
"ICD10:I78.9","Diseases of the circulatory system (I78.9)","Unlikely","No clear association with long COVID","Variable","Can be acute or chronic depending on context"
"ICD10:I77.9","Other disorders of arteries and arterioles (I77.9)","Unlikely","No clear association with long COVID","Variable","Can be acute or chronic depending on context"
"ICD10:I78.0","Diseases of the circulatory system (I78.0)","Unlikely","No clear association with long COVID","Variable","Can be acute or chronic depending on context"
"ICD10:I78.1","Diseases of the circulatory system (I78.1)","Unlikely","No clear association with long COVID","Variable","Can be acute or chronic depending on context"
"ICD10:I78.8","Diseases of the circulatory system (I78.8)","Unlikely","No clear association with long COVID","Variable","Can be acute or chronic depending on context"
"ICD10:I99.8","Diseases of the circulatory system (I99.8)","Unlikely","No clear association with long COVID","Variable","Can be acute or chronic depending on context"
"ICD10:I77.89","Other disorders of arteries and arterioles (I77.89)","Unlikely","No clear association with long COVID","Variable","Can be acute or chronic depending on context"
"ICD10:I77.2","Other disorders of arteries and arterioles (I77.2)","Unlikely","No clear association with long COVID","Variable","Can be acute or chronic depending on context"
"ICD10:I77.1","Other disorders of arteries and arterioles (I77.1)","Unlikely","No clear association with long COVID","Variable","Can be acute or chronic depending on context"
"ICD10:I77.810","Other disorders of arteries and arterioles (I77.810)","Unlikely","No clear association with long COVID","Variable","Can be acute or chronic depending on context"
"ICD10:I99.9","Diseases of the circulatory system (I99.9)","Unlikely","No clear association with long COVID","Variable","Can be acute or chronic depending on context"
"ICD10:N26.1","Diseases of the genitourinary system (N26.1)","Unlikely","No clear association with long COVID","Variable","Can be acute or chronic depending on context"
"ICD10:N13.5","Diseases of the genitourinary system (N13.5)","Unlikely","No clear association with long COVID","Variable","Can be acute or chronic depending on context"
"ICD10:N28.1","Diseases of the genitourinary system (N28.1)","Unlikely","No clear association with long COVID","Variable","Can be acute or chronic depending on context"
"ICD10:N28.9","Diseases of the genitourinary system (N28.9)","Unlikely","No clear association with long COVID","Variable","Can be acute or chronic depending on context"
"ICD10:N13.1","Diseases of the genitourinary system (N13.1)","Unlikely","No clear association with long COVID","Variable","Can be acute or chronic depending on context"
"ICD10:N13.4","Diseases of the genitourinary system (N13.4)","Unlikely","No clear association with long COVID","Variable","Can be acute or chronic depending on context"
"ICD10:N28.81","Diseases of the genitourinary system (N28.81)","Unlikely","No clear association with long COVID","Variable","Can be acute or chronic depending on context"
"ICD10:N28.0","Diseases of the genitourinary system (N28.0)","Unlikely","No clear association with long COVID","Variable","Can be acute or chronic depending on context"
"ICD10:N28.82","Diseases of the genitourinary system (N28.82)","Unlikely","No clear association with long COVID","Variable","Can be acute or chronic depending on context"
"ICD10:N25.1","Diseases of the genitourinary system (N25.1)","Unlikely","No clear association with long COVID","Variable","Can be acute or chronic depending on context"
"ICD10:N13.9","Diseases of the genitourinary system (N13.9)","Unlikely","No clear association with long COVID","Variable","Can be acute or chronic depending on context"
"ICD10:N29","Diseases of the genitourinary system (N29)","Unlikely","No clear association with long COVID","Variable","Can be acute or chronic depending on context"
"ICD10:N25.89","Diseases of the genitourinary system (N25.89)","Unlikely","No clear association with long COVID","Variable","Can be acute or chronic depending on context"
"ICD10:N13.39","Diseases of the genitourinary system (N13.39)","Unlikely","No clear association with long COVID","Variable","Can be acute or chronic depending on context"
"ICD10:N13.8","Diseases of the genitourinary system (N13.8)","Unlikely","No clear association with long COVID","Variable","Can be acute or chronic depending on context"
"ICD10:N28.89","Diseases of the genitourinary system (N28.89)","Unlikely","No clear association with long COVID","Variable","Can be acute or chronic depending on context"
"ICD10:O26.832","Pregnancy, childbirth and the puerperium (O26.832)","Unlikely","No clear association with long COVID","Acute","Typically acute condition or intervention"
"ICD10:O26.833","Pregnancy, childbirth and the puerperium (O26.833)","Unlikely","No clear association with long COVID","Acute","Typically acute condition or intervention"
"ICD10:N25.0","Diseases of the genitourinary system (N25.0)","Unlikely","No clear association with long COVID","Variable","Can be acute or chronic depending on context"
"ICD10:N25.81","Diseases of the genitourinary system (N25.81)","Unlikely","No clear association with long COVID","Variable","Can be acute or chronic depending on context"
"ICD10:A18.11","Certain infectious and parasitic diseases (A18.11)","Unlikely","No clear association with long COVID","Variable","Can be acute or chronic depending on context"
"ICD10:N13.30","Diseases of the genitourinary system (N13.30)","Unlikely","No clear association with long COVID","Variable","Can be acute or chronic depending on context"
"ICD10:N23","Diseases of the genitourinary system (N23)","Unlikely","No clear association with long COVID","Variable","Can be acute or chronic depending on context"
"ICD10:K90.0","Intestinal malabsorption (K90.0)","Unlikely","No clear association with long COVID","Variable","Can be acute or chronic depending on context"
"ICD10:K59.00","Other functional intestinal disorders (K59.00)","Moderate","Emerging evidence or plausible systemic associations","Variable","Can be acute or chronic depending on context"
"ICD10:K92.9","Diseases of the digestive system (K92.9)","Low","Possible association based on systemic inflammation patterns","Variable","Can be acute or chronic depending on context"
"ICD10:K63.9","Diseases of the digestive system (K63.9)","Unlikely","No clear association with long COVID","Variable","Can be acute or chronic depending on context"
"ICD10:K66.9","Diseases of the digestive system (K66.9)","Unlikely","No clear association with long COVID","Variable","Can be acute or chronic depending on context"
"ICD10:K63.2","Diseases of the digestive system (K63.2)","Unlikely","No clear association with long COVID","Variable","Can be acute or chronic depending on context"
"ICD10:K59.1","Other functional intestinal disorders (K59.1)","Moderate","Emerging evidence or plausible systemic associations","Variable","Can be acute or chronic depending on context"
"ICD10:K59.9","Other functional intestinal disorders (K59.9)","Moderate","Emerging evidence or plausible systemic associations","Variable","Can be acute or chronic depending on context"
"ICD10:K66.1","Diseases of the digestive system (K66.1)","Unlikely","No clear association with long COVID","Variable","Can be acute or chronic depending on context"
"ICD10:K90.9","Intestinal malabsorption (K90.9)","Unlikely","No clear association with long COVID","Variable","Can be acute or chronic depending on context"
"ICD10:K58.0","Irritable bowel syndrome (K58.0)","Low","Possible association based on systemic inflammation patterns","Chronic","Inherently chronic condition or long-term management required"
"ICD10:K58.9","Irritable bowel syndrome (K58.9)","Low","Possible association based on systemic inflammation patterns","Chronic","Inherently chronic condition or long-term management required"
"ICD10:K59.2","Other functional intestinal disorders (K59.2)","Moderate","Emerging evidence or plausible systemic associations","Variable","Can be acute or chronic depending on context"
"ICD10:K59.09","Other functional intestinal disorders (K59.09)","Moderate","Emerging evidence or plausible systemic associations","Variable","Can be acute or chronic depending on context"
"ICD10:K68.9","Diseases of the digestive system (K68.9)","Unlikely","No clear association with long COVID","Variable","Can be acute or chronic depending on context"
"ICD10:K90.89","Intestinal malabsorption (K90.89)","Unlikely","No clear association with long COVID","Variable","Can be acute or chronic depending on context"
"ICD10:K63.89","Diseases of the digestive system (K63.89)","Unlikely","No clear association with long COVID","Variable","Can be acute or chronic depending on context"
"ICD10:K92.89","Diseases of the digestive system (K92.89)","Low","Possible association based on systemic inflammation patterns","Variable","Can be acute or chronic depending on context"
"ICD10:K66.8","Diseases of the digestive system (K66.8)","Unlikely","No clear association with long COVID","Variable","Can be acute or chronic depending on context"
"ICD10:K59.8","Other functional intestinal disorders (K59.8)","Moderate","Emerging evidence or plausible systemic associations","Variable","Can be acute or chronic depending on context"
"ICD10:K55.8","Diseases of the digestive system (K55.8)","Unlikely","No clear association with long COVID","Variable","Can be acute or chronic depending on context"
"ICD10:K59.02","Other functional intestinal disorders (K59.02)","Moderate","Emerging evidence or plausible systemic associations","Variable","Can be acute or chronic depending on context"
"ICD10:K66.0","Diseases of the digestive system (K66.0)","Unlikely","No clear association with long COVID","Variable","Can be acute or chronic depending on context"
"ICD10:K59.01","Other functional intestinal disorders (K59.01)","Moderate","Emerging evidence or plausible systemic associations","Variable","Can be acute or chronic depending on context"
"ICD10:K90.1","Intestinal malabsorption (K90.1)","Unlikely","No clear association with long COVID","Variable","Can be acute or chronic depending on context"
"ICD10:K63.3","Diseases of the digestive system (K63.3)","Unlikely","No clear association with long COVID","Variable","Can be acute or chronic depending on context"
"ICD10:K55.9","Diseases of the digestive system (K55.9)","Unlikely","No clear association with long COVID","Variable","Can be acute or chronic depending on context"
"ICD10:D73.3","Diseases of blood and blood-forming organs and immune disorders (D73.3)","Unlikely","No clear association with long COVID","Variable","Can be acute or chronic depending on context"
"ICD10:D73.2","Diseases of blood and blood-forming organs and immune disorders (D73.2)","Unlikely","No clear association with long COVID","Variable","Can be acute or chronic depending on context"
"ICD10:D73.4","Diseases of blood and blood-forming organs and immune disorders (D73.4)","Unlikely","No clear association with long COVID","Variable","Can be acute or chronic depending on context"
"ICD10:D75.9","Other and unspecified diseases of blood and blood-forming organs (D75.9)","Unlikely","No clear association with long COVID","Variable","Can be acute or chronic depending on context"
"ICD10:D73.9","Diseases of blood and blood-forming organs and immune disorders (D73.9)","Unlikely","No clear association with long COVID","Variable","Can be acute or chronic depending on context"
"ICD10:D75.0","Other and unspecified diseases of blood and blood-forming organs (D75.0)","Unlikely","No clear association with long COVID","Variable","Can be acute or chronic depending on context"
"ICD10:D73.1","Diseases of blood and blood-forming organs and immune disorders (D73.1)","Unlikely","No clear association with long COVID","Variable","Can be acute or chronic depending on context"
"ICD10:D73.0","Diseases of blood and blood-forming organs and immune disorders (D73.0)","Unlikely","No clear association with long COVID","Variable","Can be acute or chronic depending on context"
"ICD10:D73.5","Diseases of blood and blood-forming organs and immune disorders (D73.5)","Unlikely","No clear association with long COVID","Variable","Can be acute or chronic depending on context"
"ICD10:D75.81","Other and unspecified diseases of blood and blood-forming organs (D75.81)","Unlikely","No clear association with long COVID","Variable","Can be acute or chronic depending on context"
"ICD10:D73.89","Diseases of blood and blood-forming organs and immune disorders (D73.89)","Unlikely","No clear association with long COVID","Variable","Can be acute or chronic depending on context"
"ICD10:D75.89","Other and unspecified diseases of blood and blood-forming organs (D75.89)","Unlikely","No clear association with long COVID","Variable","Can be acute or chronic depending on context"
"ICD10:D75.1","Other and unspecified diseases of blood and blood-forming organs (D75.1)","Unlikely","No clear association with long COVID","Variable","Can be acute or chronic depending on context"
"ICD10:K70.31","Diseases of the digestive system (K70.31)","Unlikely","No clear association with long COVID","Variable","Can be acute or chronic depending on context"
"ICD10:K70.30","Diseases of the digestive system (K70.30)","Unlikely","No clear association with long COVID","Variable","Can be acute or chronic depending on context"
"ICD10:K70.0","Diseases of the digestive system (K70.0)","Unlikely","No clear association with long COVID","Variable","Can be acute or chronic depending on context"
"ICD10:K70.9","Diseases of the digestive system (K70.9)","Unlikely","No clear association with long COVID","Variable","Can be acute or chronic depending on context"
"ICD10:K76.1","Diseases of the digestive system (K76.1)","Unlikely","No clear association with long COVID","Variable","Can be acute or chronic depending on context"
"ICD10:K76.0","Diseases of the digestive system (K76.0)","Unlikely","No clear association with long COVID","Variable","Can be acute or chronic depending on context"
"ICD10:K76.5","Diseases of the digestive system (K76.5)","Unlikely","No clear association with long COVID","Variable","Can be acute or chronic depending on context"
"ICD10:K76.81","Diseases of the digestive system (K76.81)","Unlikely","No clear association with long COVID","Variable","Can be acute or chronic depending on context"
"ICD10:K76.7","Diseases of the digestive system (K76.7)","Unlikely","No clear association with long COVID","Variable","Can be acute or chronic depending on context"
"ICD10:K76.3","Diseases of the digestive system (K76.3)","Unlikely","No clear association with long COVID","Variable","Can be acute or chronic depending on context"
"ICD10:K75.9","Diseases of the digestive system (K75.9)","Unlikely","No clear association with long COVID","Variable","Can be acute or chronic depending on context"
"ICD10:O26.62","Pregnancy, childbirth and the puerperium (O26.62)","Unlikely","No clear association with long COVID","Acute","Typically acute condition or intervention"
"ICD10:O26.611","Pregnancy, childbirth and the puerperium (O26.611)","Unlikely","No clear association with long COVID","Acute","Typically acute condition or intervention"
"ICD10:O26.612","Pregnancy, childbirth and the puerperium (O26.612)","Unlikely","No clear association with long COVID","Acute","Typically acute condition or intervention"
"ICD10:O26.613","Pregnancy, childbirth and the puerperium (O26.613)","Unlikely","No clear association with long COVID","Acute","Typically acute condition or intervention"
"ICD10:O26.619","Pregnancy, childbirth and the puerperium (O26.619)","Unlikely","No clear association with long COVID","Acute","Typically acute condition or intervention"
"ICD10:K76.9","Diseases of the digestive system (K76.9)","Unlikely","No clear association with long COVID","Variable","Can be acute or chronic depending on context"
"ICD10:K74.69","Fibrosis and cirrhosis of liver (K74.69)","Unlikely","No clear association with long COVID","Variable","Can be acute or chronic depending on context"
"ICD10:K76.89","Diseases of the digestive system (K76.89)","Unlikely","No clear association with long COVID","Variable","Can be acute or chronic depending on context"
"ICD10:K75.89","Diseases of the digestive system (K75.89)","Unlikely","No clear association with long COVID","Variable","Can be acute or chronic depending on context"
"ICD10:K75.1","Diseases of the digestive system (K75.1)","Unlikely","No clear association with long COVID","Variable","Can be acute or chronic depending on context"
"ICD10:K76.6","Diseases of the digestive system (K76.6)","Unlikely","No clear association with long COVID","Variable","Can be acute or chronic depending on context"
"ICD10:K74.3","Fibrosis and cirrhosis of liver (K74.3)","Unlikely","No clear association with long COVID","Variable","Can be acute or chronic depending on context"
"ICD10:K71.0","Diseases of the digestive system (K71.0)","Unlikely","No clear association with long COVID","Variable","Can be acute or chronic depending on context"
"ICD10:K71.9","Diseases of the digestive system (K71.9)","Unlikely","No clear association with long COVID","Variable","Can be acute or chronic depending on context"
"ICD10:K74.60","Fibrosis and cirrhosis of liver (K74.60)","Unlikely","No clear association with long COVID","Variable","Can be acute or chronic depending on context"
"ICD10:J85.2","Diseases of the respiratory system (J85.2)","Unlikely","No clear association with long COVID","Variable","Can be acute or chronic depending on context"
"ICD10:J98.01","Diseases of the respiratory system (J98.01)","Unlikely","No clear association with long COVID","Variable","Can be acute or chronic depending on context"
"ICD10:J84.114","Diseases of the respiratory system (J84.114)","Unlikely","No clear association with long COVID","Variable","Can be acute or chronic depending on context"
"ICD10:J81.0","Diseases of the respiratory system (J81.0)","Unlikely","No clear association with long COVID","Variable","Can be acute or chronic depending on context"
"ICD10:J84.82","Diseases of the respiratory system (J84.82)","Unlikely","No clear association with long COVID","Variable","Can be acute or chronic depending on context"
"ICD10:J81.1","Diseases of the respiratory system (J81.1)","Unlikely","No clear association with long COVID","Variable","Can be acute or chronic depending on context"
"ICD10:J84.116","Diseases of the respiratory system (J84.116)","Unlikely","No clear association with long COVID","Variable","Can be acute or chronic depending on context"
"ICD10:J98.6","Diseases of the respiratory system (J98.6)","Unlikely","No clear association with long COVID","Variable","Can be acute or chronic depending on context"
"ICD10:J84.111","Diseases of the respiratory system (J84.111)","Unlikely","No clear association with long COVID","Variable","Can be acute or chronic depending on context"
"ICD10:J84.112","Diseases of the respiratory system (J84.112)","Unlikely","No clear association with long COVID","Variable","Can be acute or chronic depending on context"
"ICD10:J84.9","Diseases of the respiratory system (J84.9)","Unlikely","No clear association with long COVID","Variable","Can be acute or chronic depending on context"
"ICD10:J84.81","Diseases of the respiratory system (J84.81)","Unlikely","No clear association with long COVID","Variable","Can be acute or chronic depending on context"
"ICD10:J84.09","Diseases of the respiratory system (J84.09)","Unlikely","No clear association with long COVID","Variable","Can be acute or chronic depending on context"
"ICD10:J98.09","Diseases of the respiratory system (J98.09)","Unlikely","No clear association with long COVID","Variable","Can be acute or chronic depending on context"
"ICD10:J98.4","Diseases of the respiratory system (J98.4)","Unlikely","No clear association with long COVID","Variable","Can be acute or chronic depending on context"
"ICD10:J84.89","Diseases of the respiratory system (J84.89)","Unlikely","No clear association with long COVID","Variable","Can be acute or chronic depending on context"
"ICD10:J98.8","Diseases of the respiratory system (J98.8)","Unlikely","No clear association with long COVID","Variable","Can be acute or chronic depending on context"
"ICD10:J84.10","Diseases of the respiratory system (J84.10)","Unlikely","No clear association with long COVID","Variable","Can be acute or chronic depending on context"
"ICD10:J84.115","Diseases of the respiratory system (J84.115)","Unlikely","No clear association with long COVID","Variable","Can be acute or chronic depending on context"
"ICD10:J98.9","Diseases of the respiratory system (J98.9)","Unlikely","No clear association with long COVID","Variable","Can be acute or chronic depending on context"
"ICD10:J99","Diseases of the respiratory system (J99)","Unlikely","No clear association with long COVID","Variable","Can be acute or chronic depending on context"
"ICD10:J22","Diseases of the respiratory system (J22)","Unlikely","No clear association with long COVID","Variable","Can be acute or chronic depending on context"
"ICD10:F06.30","Other mental disorders due to known physiological condition (F06.30)","Unlikely","No clear association with long COVID","Variable","Can be acute or chronic depending on context"
"ICD10:F34.9","Mental, behavioral and neurodevelopmental disorders (F34.9)","Unlikely","No clear association with long COVID","Variable","Can be acute or chronic depending on context"
"ICD10:F39","Mental, behavioral and neurodevelopmental disorders (F39)","Unlikely","No clear association with long COVID","Variable","Can be acute or chronic depending on context"
"29690","Unknown category (29690)","Unlikely","No clear association with long COVID","Variable","Can be acute or chronic depending on context"
"ICD10:L83","Diseases of the skin and subcutaneous tissue (L83)","Unlikely","No clear association with long COVID","Variable","Can be acute or chronic depending on context"
"ICD10:L73.0","Diseases of the skin and subcutaneous tissue (L73.0)","Unlikely","No clear association with long COVID","Variable","Can be acute or chronic depending on context"
"ICD10:L85.1","Diseases of the skin and subcutaneous tissue (L85.1)","Unlikely","No clear association with long COVID","Variable","Can be acute or chronic depending on context"
"ICD10:L57.0","Diseases of the skin and subcutaneous tissue (L57.0)","Unlikely","No clear association with long COVID","Variable","Can be acute or chronic depending on context"
"ICD10:L63.9","Diseases of the skin and subcutaneous tissue (L63.9)","Moderate","Emerging evidence or plausible systemic associations","Chronic","Inherently chronic condition or long-term management required"
"ICD10:L64.9","Diseases of the skin and subcutaneous tissue (L64.9)","Unlikely","No clear association with long COVID","Variable","Can be acute or chronic depending on context"
"ICD10:L90.9","Atrophic disorders of skin (L90.9)","Unlikely","No clear association with long COVID","Variable","Can be acute or chronic depending on context"
"ICD10:L60.4","Diseases of the skin and subcutaneous tissue (L60.4)","Unlikely","No clear association with long COVID","Variable","Can be acute or chronic depending on context"
"ICD10:L75.0","Diseases of the skin and subcutaneous tissue (L75.0)","Unlikely","No clear association with long COVID","Variable","Can be acute or chronic depending on context"
"ICD10:L81.3","Diseases of the skin and subcutaneous tissue (L81.3)","Unlikely","No clear association with long COVID","Variable","Can be acute or chronic depending on context"
"ICD10:L94.2","Other localized connective tissue disorders (L94.2)","Unlikely","No clear association with long COVID","Variable","Can be acute or chronic depending on context"
"ICD10:L81.1","Diseases of the skin and subcutaneous tissue (L81.1)","Unlikely","No clear association with long COVID","Variable","Can be acute or chronic depending on context"
"ICD10:L66.9","Diseases of the skin and subcutaneous tissue (L66.9)","Unlikely","No clear association with long COVID","Variable","Can be acute or chronic depending on context"
"ICD10:L84","Diseases of the skin and subcutaneous tissue (L84)","Unlikely","No clear association with long COVID","Variable","Can be acute or chronic depending on context"
"ICD10:L57.4","Diseases of the skin and subcutaneous tissue (L57.4)","Unlikely","No clear association with long COVID","Variable","Can be acute or chronic depending on context"
"ICD10:L81.9","Diseases of the skin and subcutaneous tissue (L81.9)","Unlikely","No clear association with long COVID","Variable","Can be acute or chronic depending on context"
"ICD10:L98.9","Other disorders of skin and subcutaneous tissue, not elsewhere classified (L98.9)","Unlikely","No clear association with long COVID","Variable","Can be acute or chronic depending on context"
"ICD10:L56.5","Diseases of the skin and subcutaneous tissue (L56.5)","Unlikely","No clear association with long COVID","Variable","Can be acute or chronic depending on context"
"ICD10:L30.1","Diseases of the skin and subcutaneous tissue (L30.1)","Moderate","Emerging evidence or plausible systemic associations","Chronic","Inherently chronic condition or long-term management required"
"ICD10:L74.9","Eccrine sweat disorders (L74.9)","Unlikely","No clear association with long COVID","Variable","Can be acute or chronic depending on context"
"ICD10:L72.0","Follicular cysts of skin and subcutaneous tissue (L72.0)","Unlikely","No clear association with long COVID","Variable","Can be acute or chronic depending on context"
"ICD10:L85.9","Diseases of the skin and subcutaneous tissue (L85.9)","Unlikely","No clear association with long COVID","Variable","Can be acute or chronic depending on context"
"ICD10:L72.9","Follicular cysts of skin and subcutaneous tissue (L72.9)","Unlikely","No clear association with long COVID","Variable","Can be acute or chronic depending on context"
"ICD10:L73.9","Diseases of the skin and subcutaneous tissue (L73.9)","Unlikely","No clear association with long COVID","Variable","Can be acute or chronic depending on context"
"ICD10:L92.3","Diseases of the skin and subcutaneous tissue (L92.3)","Unlikely","No clear association with long COVID","Variable","Can be acute or chronic depending on context"
"ICD10:L81.2","Diseases of the skin and subcutaneous tissue (L81.2)","Unlikely","No clear association with long COVID","Variable","Can be acute or chronic depending on context"
"ICD10:L92.2","Diseases of the skin and subcutaneous tissue (L92.2)","Unlikely","No clear association with long COVID","Variable","Can be acute or chronic depending on context"
"ICD10:L92.9","Diseases of the skin and subcutaneous tissue (L92.9)","Unlikely","No clear association with long COVID","Variable","Can be acute or chronic depending on context"
"ICD10:L68.0","Diseases of the skin and subcutaneous tissue (L68.0)","Unlikely","No clear association with long COVID","Variable","Can be acute or chronic depending on context"
"ICD10:L68.9","Diseases of the skin and subcutaneous tissue (L68.9)","Unlikely","No clear association with long COVID","Variable","Can be acute or chronic depending on context"
"ICD10:L91.9","Diseases of the skin and subcutaneous tissue (L91.9)","Unlikely","No clear association with long COVID","Variable","Can be acute or chronic depending on context"
"ICD10:L91.0","Diseases of the skin and subcutaneous tissue (L91.0)","Unlikely","No clear association with long COVID","Variable","Can be acute or chronic depending on context"
"ICD10:L82.0","Diseases of the skin and subcutaneous tissue (L82.0)","Unlikely","No clear association with long COVID","Variable","Can be acute or chronic depending on context"
"ICD10:L60.0","Diseases of the skin and subcutaneous tissue (L60.0)","Unlikely","No clear association with long COVID","Variable","Can be acute or chronic depending on context"
"ICD10:L90.0","Atrophic disorders of skin (L90.0)","Unlikely","No clear association with long COVID","Variable","Can be acute or chronic depending on context"
"ICD10:L94.0","Other localized connective tissue disorders (L94.0)","Unlikely","No clear association with long COVID","Variable","Can be acute or chronic depending on context"
"ICD10:L74.0","Eccrine sweat disorders (L74.0)","Unlikely","No clear association with long COVID","Variable","Can be acute or chronic depending on context"
"ICD10:L60.9","Diseases of the skin and subcutaneous tissue (L60.9)","Unlikely","No clear association with long COVID","Variable","Can be acute or chronic depending on context"
"ICD10:L60.3","Diseases of the skin and subcutaneous tissue (L60.3)","Unlikely","No clear association with long COVID","Variable","Can be acute or chronic depending on context"
"ICD10:L65.9","Diseases of the skin and subcutaneous tissue (L65.9)","Unlikely","No clear association with long COVID","Variable","Can be acute or chronic depending on context"
"ICD10:L60.2","Diseases of the skin and subcutaneous tissue (L60.2)","Unlikely","No clear association with long COVID","Variable","Can be acute or chronic depending on context"
"ICD10:L60.1","Diseases of the skin and subcutaneous tissue (L60.1)","Unlikely","No clear association with long COVID","Variable","Can be acute or chronic depending on context"
"ICD10:L64.8","Diseases of the skin and subcutaneous tissue (L64.8)","Unlikely","No clear association with long COVID","Variable","Can be acute or chronic depending on context"
"ICD10:L90.8","Atrophic disorders of skin (L90.8)","Unlikely","No clear association with long COVID","Variable","Can be acute or chronic depending on context"
"ICD10:L66.8","Diseases of the skin and subcutaneous tissue (L66.8)","Unlikely","No clear association with long COVID","Variable","Can be acute or chronic depending on context"
"ICD10:L81.6","Diseases of the skin and subcutaneous tissue (L81.6)","Unlikely","No clear association with long COVID","Variable","Can be acute or chronic depending on context"
"ICD10:L99","Diseases of the skin and subcutaneous tissue (L99)","Unlikely","No clear association with long COVID","Variable","Can be acute or chronic depending on context"
"ICD10:L74.8","Eccrine sweat disorders (L74.8)","Unlikely","No clear association with long COVID","Variable","Can be acute or chronic depending on context"
"ICD10:L92.8","Diseases of the skin and subcutaneous tissue (L92.8)","Unlikely","No clear association with long COVID","Variable","Can be acute or chronic depending on context"
"ICD10:L67.8","Hair color and hair shaft abnormalities (L67.8)","Unlikely","No clear association with long COVID","Variable","Can be acute or chronic depending on context"
"ICD10:L91.8","Diseases of the skin and subcutaneous tissue (L91.8)","Unlikely","No clear association with long COVID","Variable","Can be acute or chronic depending on context"
"ICD10:L98.6","Other disorders of skin and subcutaneous tissue, not elsewhere classified (L98.6)","Unlikely","No clear association with long COVID","Variable","Can be acute or chronic depending on context"
"ICD10:L81.4","Diseases of the skin and subcutaneous tissue (L81.4)","Unlikely","No clear association with long COVID","Variable","Can be acute or chronic depending on context"
"ICD10:L60.8","Diseases of the skin and subcutaneous tissue (L60.8)","Unlikely","No clear association with long COVID","Variable","Can be acute or chronic depending on context"
"ICD10:L82.1","Diseases of the skin and subcutaneous tissue (L82.1)","Unlikely","No clear association with long COVID","Variable","Can be acute or chronic depending on context"
"ICD10:L81.8","Diseases of the skin and subcutaneous tissue (L81.8)","Unlikely","No clear association with long COVID","Variable","Can be acute or chronic depending on context"
"ICD10:L98.8","Other disorders of skin and subcutaneous tissue, not elsewhere classified (L98.8)","Unlikely","No clear association with long COVID","Variable","Can be acute or chronic depending on context"
"ICD10:L85.8","Diseases of the skin and subcutaneous tissue (L85.8)","Unlikely","No clear association with long COVID","Variable","Can be acute or chronic depending on context"
"ICD10:L65.8","Diseases of the skin and subcutaneous tissue (L65.8)","Unlikely","No clear association with long COVID","Variable","Can be acute or chronic depending on context"
"ICD10:L81.7","Diseases of the skin and subcutaneous tissue (L81.7)","Unlikely","No clear association with long COVID","Variable","Can be acute or chronic depending on context"
"ICD10:L72.11","Follicular cysts of skin and subcutaneous tissue (L72.11)","Unlikely","No clear association with long COVID","Variable","Can be acute or chronic depending on context"
"ICD10:L81.0","Diseases of the skin and subcutaneous tissue (L81.0)","Unlikely","No clear association with long COVID","Variable","Can be acute or chronic depending on context"
"ICD10:L74.510","Eccrine sweat disorders (L74.510)","Unlikely","No clear association with long COVID","Variable","Can be acute or chronic depending on context"
"ICD10:L74.512","Eccrine sweat disorders (L74.512)","Unlikely","No clear association with long COVID","Variable","Can be acute or chronic depending on context"
"ICD10:L74.513","Eccrine sweat disorders (L74.513)","Unlikely","No clear association with long COVID","Variable","Can be acute or chronic depending on context"
"ICD10:L73.1","Diseases of the skin and subcutaneous tissue (L73.1)","Unlikely","No clear association with long COVID","Variable","Can be acute or chronic depending on context"
"ICD10:L98.0","Other disorders of skin and subcutaneous tissue, not elsewhere classified (L98.0)","Unlikely","No clear association with long COVID","Variable","Can be acute or chronic depending on context"
"ICD10:L90.5","Atrophic disorders of skin (L90.5)","Unlikely","No clear association with long COVID","Variable","Can be acute or chronic depending on context"
"ICD10:L72.3","Follicular cysts of skin and subcutaneous tissue (L72.3)","Unlikely","No clear association with long COVID","Variable","Can be acute or chronic depending on context"
"ICD10:L65.0","Diseases of the skin and subcutaneous tissue (L65.0)","Unlikely","No clear association with long COVID","Variable","Can be acute or chronic depending on context"
"ICD10:L80","Diseases of the skin and subcutaneous tissue (L80)","Unlikely","No clear association with long COVID","Variable","Can be acute or chronic depending on context"
"ICD10:L85.3","Diseases of the skin and subcutaneous tissue (L85.3)","Unlikely","No clear association with long COVID","Variable","Can be acute or chronic depending on context"
"ICD10:L60.5","Diseases of the skin and subcutaneous tissue (L60.5)","Unlikely","No clear association with long COVID","Variable","Can be acute or chronic depending on context"
"ICD10:J34.0","Diseases of the respiratory system (J34.0)","Unlikely","No clear association with long COVID","Variable","Can be acute or chronic depending on context"
"ICD10:J37.0","Diseases of the respiratory system (J37.0)","Unlikely","No clear association with long COVID","Variable","Can be acute or chronic depending on context"
"ICD10:J31.1","Diseases of the respiratory system (J31.1)","Unlikely","No clear association with long COVID","Variable","Can be acute or chronic depending on context"
"ICD10:J31.2","Diseases of the respiratory system (J31.2)","Unlikely","No clear association with long COVID","Variable","Can be acute or chronic depending on context"
"ICD10:J31.0","Diseases of the respiratory system (J31.0)","Unlikely","No clear association with long COVID","Variable","Can be acute or chronic depending on context"
"ICD10:J34.1","Diseases of the respiratory system (J34.1)","Unlikely","No clear association with long COVID","Variable","Can be acute or chronic depending on context"
"ICD10:J34.2","Diseases of the respiratory system (J34.2)","Unlikely","No clear association with long COVID","Variable","Can be acute or chronic depending on context"
"ICD10:J39.9","Diseases of the respiratory system (J39.9)","Unlikely","No clear association with long COVID","Variable","Can be acute or chronic depending on context"
"ICD10:J38.4","Diseases of the respiratory system (J38.4)","Unlikely","No clear association with long COVID","Variable","Can be acute or chronic depending on context"
"ICD10:J34.3","Diseases of the respiratory system (J34.3)","Unlikely","No clear association with long COVID","Variable","Can be acute or chronic depending on context"
"ICD10:J38.5","Diseases of the respiratory system (J38.5)","Unlikely","No clear association with long COVID","Variable","Can be acute or chronic depending on context"
"ICD10:J33.9","Diseases of the respiratory system (J33.9)","Unlikely","No clear association with long COVID","Variable","Can be acute or chronic depending on context"
"ICD10:J38.2","Diseases of the respiratory system (J38.2)","Unlikely","No clear association with long COVID","Variable","Can be acute or chronic depending on context"
"ICD10:J38.7","Diseases of the respiratory system (J38.7)","Unlikely","No clear association with long COVID","Variable","Can be acute or chronic depending on context"
"ICD10:J39.2","Diseases of the respiratory system (J39.2)","Unlikely","No clear association with long COVID","Variable","Can be acute or chronic depending on context"
"ICD10:J38.3","Diseases of the respiratory system (J38.3)","Unlikely","No clear association with long COVID","Variable","Can be acute or chronic depending on context"
"ICD10:J33.8","Diseases of the respiratory system (J33.8)","Unlikely","No clear association with long COVID","Variable","Can be acute or chronic depending on context"
"ICD10:J39.8","Diseases of the respiratory system (J39.8)","Unlikely","No clear association with long COVID","Variable","Can be acute or chronic depending on context"
"ICD10:J34.89","Diseases of the respiratory system (J34.89)","Unlikely","No clear association with long COVID","Variable","Can be acute or chronic depending on context"
"ICD10:J38.02","Diseases of the respiratory system (J38.02)","Unlikely","No clear association with long COVID","Variable","Can be acute or chronic depending on context"
"ICD10:J38.01","Diseases of the respiratory system (J38.01)","Unlikely","No clear association with long COVID","Variable","Can be acute or chronic depending on context"
"ICD10:J38.00","Diseases of the respiratory system (J38.00)","Unlikely","No clear association with long COVID","Variable","Can be acute or chronic depending on context"
"ICD10:J33.0","Diseases of the respiratory system (J33.0)","Unlikely","No clear association with long COVID","Variable","Can be acute or chronic depending on context"
"ICD10:J38.1","Diseases of the respiratory system (J38.1)","Unlikely","No clear association with long COVID","Variable","Can be acute or chronic depending on context"
"ICD10:J38.6","Diseases of the respiratory system (J38.6)","Unlikely","No clear association with long COVID","Variable","Can be acute or chronic depending on context"
"ICD10:J34.9","Diseases of the respiratory system (J34.9)","Unlikely","No clear association with long COVID","Variable","Can be acute or chronic depending on context"
"ICD10:J39.3","Diseases of the respiratory system (J39.3)","Unlikely","No clear association with long COVID","Variable","Can be acute or chronic depending on context"
"ICD10:J30.0","Diseases of the respiratory system (J30.0)","Unlikely","No clear association with long COVID","Variable","Can be acute or chronic depending on context"
"ICD10:J98.11","Diseases of the respiratory system (J98.11)","Unlikely","No clear association with long COVID","Variable","Can be acute or chronic depending on context"
"ICD10:J94.2","Diseases of the respiratory system (J94.2)","Unlikely","No clear association with long COVID","Variable","Can be acute or chronic depending on context"
"ICD10:J98.2","Diseases of the respiratory system (J98.2)","Unlikely","No clear association with long COVID","Variable","Can be acute or chronic depending on context"
"ICD10:J98.19","Diseases of the respiratory system (J98.19)","Unlikely","No clear association with long COVID","Variable","Can be acute or chronic depending on context"
"ICD10:J94.8","Diseases of the respiratory system (J94.8)","Unlikely","No clear association with long COVID","Variable","Can be acute or chronic depending on context"
"ICD10:J94.9","Diseases of the respiratory system (J94.9)","Unlikely","No clear association with long COVID","Variable","Can be acute or chronic depending on context"
"ICD10:J91.8","Diseases of the respiratory system (J91.8)","Unlikely","No clear association with long COVID","Variable","Can be acute or chronic depending on context"
"ICD10:J90","Diseases of the respiratory system (J90)","Unlikely","No clear association with long COVID","Variable","Can be acute or chronic depending on context"
"ICD10:J92.0","Diseases of the respiratory system (J92.0)","Unlikely","No clear association with long COVID","Variable","Can be acute or chronic depending on context"
"ICD10:J92.9","Diseases of the respiratory system (J92.9)","Unlikely","No clear association with long COVID","Variable","Can be acute or chronic depending on context"
"ICD10:R09.1","Pleurisy","High","Core long COVID symptoms with strong evidence","Can-be-Chronic","Symptom/condition that can become chronic if persistent"
"ICD10:J86.0","Diseases of the respiratory system (J86.0)","Unlikely","No clear association with long COVID","Variable","Can be acute or chronic depending on context"
"ICD10:J86.9","Diseases of the respiratory system (J86.9)","Unlikely","No clear association with long COVID","Variable","Can be acute or chronic depending on context"
"ICD10:J85.1","Diseases of the respiratory system (J85.1)","Unlikely","No clear association with long COVID","Variable","Can be acute or chronic depending on context"
"ICD10:J18.0","Diseases of the respiratory system (J18.0)","Unlikely","No clear association with long COVID","Variable","Can be acute or chronic depending on context"
"ICD10:J09.X1","Diseases of the respiratory system (J09.X1)","Unlikely","No clear association with long COVID","Variable","Can be acute or chronic depending on context"
"ICD10:J10.08","Diseases of the respiratory system (J10.08)","Unlikely","No clear association with long COVID","Variable","Can be acute or chronic depending on context"
"ICD10:J10.01","Diseases of the respiratory system (J10.01)","Unlikely","No clear association with long COVID","Variable","Can be acute or chronic depending on context"
"ICD10:J10.00","Diseases of the respiratory system (J10.00)","Unlikely","No clear association with long COVID","Variable","Can be acute or chronic depending on context"
"ICD10:J11.00","Influenza due to other identified influenza virus (J11.00)","Unlikely","No clear association with long COVID","Variable","Can be acute or chronic depending on context"
"ICD10:A48.1","Certain infectious and parasitic diseases (A48.1)","Unlikely","No clear association with long COVID","Variable","Can be acute or chronic depending on context"
"ICD10:J18.1","Diseases of the respiratory system (J18.1)","Unlikely","No clear association with long COVID","Variable","Can be acute or chronic depending on context"
"ICD10:J18.8","Diseases of the respiratory system (J18.8)","Unlikely","No clear association with long COVID","Variable","Can be acute or chronic depending on context"
"ICD10:J14","Diseases of the respiratory system (J14)","Unlikely","No clear association with long COVID","Variable","Can be acute or chronic depending on context"
"ICD10:J15.0","Bacterial pneumonia, not elsewhere classified (J15.0)","Unlikely","No clear association with long COVID","Variable","Can be acute or chronic depending on context"
"ICD10:J15.212","Bacterial pneumonia, not elsewhere classified (J15.212)","Unlikely","No clear association with long COVID","Variable","Can be acute or chronic depending on context"
"ICD10:J15.211","Bacterial pneumonia, not elsewhere classified (J15.211)","Unlikely","No clear association with long COVID","Variable","Can be acute or chronic depending on context"
"ICD10:J15.7","Bacterial pneumonia, not elsewhere classified (J15.7)","Unlikely","No clear association with long COVID","Variable","Can be acute or chronic depending on context"
"ICD10:J15.1","Bacterial pneumonia, not elsewhere classified (J15.1)","Unlikely","No clear association with long COVID","Variable","Can be acute or chronic depending on context"
"ICD10:J13","Diseases of the respiratory system (J13)","Unlikely","No clear association with long COVID","Variable","Can be acute or chronic depending on context"
"ICD10:J15.6","Bacterial pneumonia, not elsewhere classified (J15.6)","Unlikely","No clear association with long COVID","Variable","Can be acute or chronic depending on context"
"ICD10:J15.8","Bacterial pneumonia, not elsewhere classified (J15.8)","Unlikely","No clear association with long COVID","Variable","Can be acute or chronic depending on context"
"ICD10:J16.8","Diseases of the respiratory system (J16.8)","Unlikely","No clear association with long COVID","Variable","Can be acute or chronic depending on context"
"ICD10:J15.29","Bacterial pneumonia, not elsewhere classified (J15.29)","Unlikely","No clear association with long COVID","Variable","Can be acute or chronic depending on context"
"ICD10:J17","Diseases of the respiratory system (J17)","Unlikely","No clear association with long COVID","Variable","Can be acute or chronic depending on context"
"ICD10:J18.9","Diseases of the respiratory system (J18.9)","Unlikely","No clear association with long COVID","Variable","Can be acute or chronic depending on context"
"ICD10:A31.0","Certain infectious and parasitic diseases (A31.0)","Unlikely","No clear association with long COVID","Variable","Can be acute or chronic depending on context"
"ICD10:J15.9","Bacterial pneumonia, not elsewhere classified (J15.9)","Unlikely","No clear association with long COVID","Variable","Can be acute or chronic depending on context"
"ICD10:J95.851","Diseases of the respiratory system (J95.851)","Unlikely","No clear association with long COVID","Variable","Can be acute or chronic depending on context"
"ICD10:G61.81","Inflammatory polyneuropathy (G61.81)","Unlikely","No clear association with long COVID","Variable","Can be acute or chronic depending on context"
"ICD10:G62.81","Diseases of the nervous system (G62.81)","Unlikely","No clear association with long COVID","Variable","Can be acute or chronic depending on context"
"ICD10:G61.0","Inflammatory polyneuropathy (G61.0)","Unlikely","No clear association with long COVID","Variable","Can be acute or chronic depending on context"
"ICD10:G60.9","Diseases of the nervous system (G60.9)","Unlikely","No clear association with long COVID","Variable","Can be acute or chronic depending on context"
"ICD10:G60.0","Diseases of the nervous system (G60.0)","Unlikely","No clear association with long COVID","Variable","Can be acute or chronic depending on context"
"ICD10:G60.3","Diseases of the nervous system (G60.3)","Unlikely","No clear association with long COVID","Variable","Can be acute or chronic depending on context"
"ICD10:G61.9","Inflammatory polyneuropathy (G61.9)","Unlikely","No clear association with long COVID","Variable","Can be acute or chronic depending on context"
"ICD10:G60.8","Diseases of the nervous system (G60.8)","Unlikely","No clear association with long COVID","Variable","Can be acute or chronic depending on context"
"ICD10:G62.89","Diseases of the nervous system (G62.89)","Unlikely","No clear association with long COVID","Variable","Can be acute or chronic depending on context"
"ICD10:G63","Diseases of the nervous system (G63)","Unlikely","No clear association with long COVID","Variable","Can be acute or chronic depending on context"
"ICD10:G62.9","Diseases of the nervous system (G62.9)","Unlikely","No clear association with long COVID","Variable","Can be acute or chronic depending on context"
"ICD10:G62.82","Diseases of the nervous system (G62.82)","Unlikely","No clear association with long COVID","Variable","Can be acute or chronic depending on context"
"ICD10:I87.322","Diseases of the circulatory system (I87.322)","Moderate","Emerging evidence or plausible systemic associations","Variable","Can be acute or chronic depending on context"
"ICD10:I87.321","Diseases of the circulatory system (I87.321)","Moderate","Emerging evidence or plausible systemic associations","Variable","Can be acute or chronic depending on context"
"ICD10:I87.393","Diseases of the circulatory system (I87.393)","Moderate","Emerging evidence or plausible systemic associations","Variable","Can be acute or chronic depending on context"
"ICD10:I87.392","Diseases of the circulatory system (I87.392)","Moderate","Emerging evidence or plausible systemic associations","Variable","Can be acute or chronic depending on context"
"ICD10:I87.399","Diseases of the circulatory system (I87.399)","Moderate","Emerging evidence or plausible systemic associations","Variable","Can be acute or chronic depending on context"
"ICD10:I87.332","Diseases of the circulatory system (I87.332)","Moderate","Emerging evidence or plausible systemic associations","Variable","Can be acute or chronic depending on context"
"ICD10:I87.339","Diseases of the circulatory system (I87.339)","Moderate","Emerging evidence or plausible systemic associations","Variable","Can be acute or chronic depending on context"
"ICD10:I87.313","Diseases of the circulatory system (I87.313)","Moderate","Emerging evidence or plausible systemic associations","Variable","Can be acute or chronic depending on context"
"ICD10:I87.312","Diseases of the circulatory system (I87.312)","Moderate","Emerging evidence or plausible systemic associations","Variable","Can be acute or chronic depending on context"
"ICD10:I87.311","Diseases of the circulatory system (I87.311)","Moderate","Emerging evidence or plausible systemic associations","Variable","Can be acute or chronic depending on context"
"ICD10:I87.319","Diseases of the circulatory system (I87.319)","Moderate","Emerging evidence or plausible systemic associations","Variable","Can be acute or chronic depending on context"
"ICD10:I87.303","Diseases of the circulatory system (I87.303)","Moderate","Emerging evidence or plausible systemic associations","Variable","Can be acute or chronic depending on context"
"ICD10:I87.301","Diseases of the circulatory system (I87.301)","Moderate","Emerging evidence or plausible systemic associations","Variable","Can be acute or chronic depending on context"
"ICD10:I87.309","Diseases of the circulatory system (I87.309)","Moderate","Emerging evidence or plausible systemic associations","Variable","Can be acute or chronic depending on context"
"ICD10:I87.1","Diseases of the circulatory system (I87.1)","Moderate","Emerging evidence or plausible systemic associations","Variable","Can be acute or chronic depending on context"
"ICD10:I87.091","Diseases of the circulatory system (I87.091)","Moderate","Emerging evidence or plausible systemic associations","Variable","Can be acute or chronic depending on context"
"ICD10:I87.002","Diseases of the circulatory system (I87.002)","Moderate","Emerging evidence or plausible systemic associations","Variable","Can be acute or chronic depending on context"
"ICD10:I87.001","Diseases of the circulatory system (I87.001)","Moderate","Emerging evidence or plausible systemic associations","Variable","Can be acute or chronic depending on context"
"ICD10:I87.009","Diseases of the circulatory system (I87.009)","Moderate","Emerging evidence or plausible systemic associations","Variable","Can be acute or chronic depending on context"
"ICD10:I86.8","Diseases of the circulatory system (I86.8)","Unlikely","No clear association with long COVID","Variable","Can be acute or chronic depending on context"
"ICD10:I87.2","Diseases of the circulatory system (I87.2)","Moderate","Emerging evidence or plausible systemic associations","Variable","Can be acute or chronic depending on context"
"ICD10:R80.3","Other specified abnormal findings (R80)","Moderate","Emerging evidence or plausible systemic associations","Can-be-Chronic","Symptom/condition that can become chronic if persistent"
"ICD10:O12.23","Pregnancy, childbirth and the puerperium (O12.23)","Unlikely","No clear association with long COVID","Acute","Typically acute condition or intervention"
"ICD10:O12.12","Pregnancy, childbirth and the puerperium (O12.12)","Unlikely","No clear association with long COVID","Acute","Typically acute condition or intervention"
"ICD10:O12.13","Pregnancy, childbirth and the puerperium (O12.13)","Unlikely","No clear association with long COVID","Acute","Typically acute condition or intervention"
"ICD10:O12.10","Pregnancy, childbirth and the puerperium (O12.10)","Unlikely","No clear association with long COVID","Acute","Typically acute condition or intervention"
"ICD10:R80.0","Other specified abnormal findings (R80)","Moderate","Emerging evidence or plausible systemic associations","Can-be-Chronic","Symptom/condition that can become chronic if persistent"
"ICD10:R80.8","Other specified abnormal findings (R80)","Moderate","Emerging evidence or plausible systemic associations","Can-be-Chronic","Symptom/condition that can become chronic if persistent"
"ICD10:R80.1","Other specified abnormal findings (R80)","Moderate","Emerging evidence or plausible systemic associations","Can-be-Chronic","Symptom/condition that can become chronic if persistent"
"ICD10:R80.9","Other specified abnormal findings (R80)","Moderate","Emerging evidence or plausible systemic associations","Can-be-Chronic","Symptom/condition that can become chronic if persistent"
"ICD10:K50.813","Diseases of the digestive system (K50.813)","Moderate-Low","Speculative but biologically plausible connections","Chronic","Inherently chronic condition or long-term management required"
"ICD10:K50.811","Diseases of the digestive system (K50.811)","Moderate-Low","Speculative but biologically plausible connections","Chronic","Inherently chronic condition or long-term management required"
"ICD10:K50.819","Diseases of the digestive system (K50.819)","Moderate-Low","Speculative but biologically plausible connections","Chronic","Inherently chronic condition or long-term management required"
"ICD10:K50.80","Diseases of the digestive system (K50.80)","Moderate-Low","Speculative but biologically plausible connections","Chronic","Inherently chronic condition or long-term management required"
"ICD10:K50.112","Diseases of the digestive system (K50.112)","Moderate-Low","Speculative but biologically plausible connections","Chronic","Inherently chronic condition or long-term management required"
"ICD10:K50.118","Diseases of the digestive system (K50.118)","Moderate-Low","Speculative but biologically plausible connections","Chronic","Inherently chronic condition or long-term management required"
"ICD10:K50.111","Diseases of the digestive system (K50.111)","Moderate-Low","Speculative but biologically plausible connections","Chronic","Inherently chronic condition or long-term management required"
"ICD10:K50.119","Diseases of the digestive system (K50.119)","Moderate-Low","Speculative but biologically plausible connections","Chronic","Inherently chronic condition or long-term management required"
"ICD10:K50.10","Diseases of the digestive system (K50.10)","Moderate-Low","Speculative but biologically plausible connections","Chronic","Inherently chronic condition or long-term management required"
"ICD10:K50.018","Diseases of the digestive system (K50.018)","Moderate-Low","Speculative but biologically plausible connections","Chronic","Inherently chronic condition or long-term management required"
"ICD10:K50.011","Diseases of the digestive system (K50.011)","Moderate-Low","Speculative but biologically plausible connections","Chronic","Inherently chronic condition or long-term management required"
"ICD10:K50.019","Diseases of the digestive system (K50.019)","Moderate-Low","Speculative but biologically plausible connections","Chronic","Inherently chronic condition or long-term management required"
"ICD10:K50.00","Diseases of the digestive system (K50.00)","Moderate-Low","Speculative but biologically plausible connections","Chronic","Inherently chronic condition or long-term management required"
"ICD10:K50.919","Diseases of the digestive system (K50.919)","Moderate-Low","Speculative but biologically plausible connections","Chronic","Inherently chronic condition or long-term management required"
"ICD10:K50.90","Diseases of the digestive system (K50.90)","Moderate-Low","Speculative but biologically plausible connections","Chronic","Inherently chronic condition or long-term management required"
"ICD10:K51.40","Inflammatory polyps of colon without complications","Moderate-Low","Speculative but biologically plausible connections","Chronic","Inherently chronic condition or long-term management required"
"ICD10:K51.511","Left sided colitis with rectal bleeding","Moderate-Low","Speculative but biologically plausible connections","Chronic","Inherently chronic condition or long-term management required"
"ICD10:K51.50","Left sided colitis without complications","Moderate-Low","Speculative but biologically plausible connections","Chronic","Inherently chronic condition or long-term management required"
"ICD10:K51.811","Other ulcerative colitis with rectal bleeding","Moderate-Low","Speculative but biologically plausible connections","Chronic","Inherently chronic condition or long-term management required"
"ICD10:K51.80","Other ulcerative colitis without complications","Moderate-Low","Speculative but biologically plausible connections","Chronic","Inherently chronic condition or long-term management required"
"ICD10:K51.011","Ulcerative (chronic) pancolitis with rectal bleeding","Moderate-Low","Speculative but biologically plausible connections","Chronic","Inherently chronic condition or long-term management required"
"ICD10:K51.019","Ulcerative colitis (K51.019)","Moderate-Low","Speculative but biologically plausible connections","Chronic","Inherently chronic condition or long-term management required"
"ICD10:K51.00","Ulcerative (chronic) pancolitis without complications","Moderate-Low","Speculative but biologically plausible connections","Chronic","Inherently chronic condition or long-term management required"
"ICD10:K51.211","Ulcerative (chronic) proctitis with rectal bleeding","Moderate-Low","Speculative but biologically plausible connections","Chronic","Inherently chronic condition or long-term management required"
"ICD10:K51.219","Ulcerative (chronic) proctitis with unspecified complications","Moderate-Low","Speculative but biologically plausible connections","Chronic","Inherently chronic condition or long-term management required"
"ICD10:K51.20","Ulcerative (chronic) proctitis without complications","Moderate-Low","Speculative but biologically plausible connections","Chronic","Inherently chronic condition or long-term management required"
"ICD10:K51.311","Ulcerative (chronic) rectosigmoiditis with rectal bleeding","Moderate-Low","Speculative but biologically plausible connections","Chronic","Inherently chronic condition or long-term management required"
"ICD10:K51.30","Ulcerative (chronic) rectosigmoiditis without complications","Moderate-Low","Speculative but biologically plausible connections","Chronic","Inherently chronic condition or long-term management required"
"ICD10:K51.918","Ulcerative colitis, unspecified with other complication","Moderate-Low","Speculative but biologically plausible connections","Chronic","Inherently chronic condition or long-term management required"
"ICD10:K51.911","Ulcerative colitis, unspecified with rectal bleeding","Moderate-Low","Speculative but biologically plausible connections","Chronic","Inherently chronic condition or long-term management required"
"ICD10:K51.919","Ulcerative colitis, unspecified with unspecified complications","Moderate-Low","Speculative but biologically plausible connections","Chronic","Inherently chronic condition or long-term management required"
"ICD10:K51.90","Ulcerative colitis, unspecified, without complications","Moderate-Low","Speculative but biologically plausible connections","Chronic","Inherently chronic condition or long-term management required"
"ICD10PCS:0B113F4","Procedure code: PCS: 0B113F4","Unlikely","No clear association with long COVID","Acute","Typically acute condition or intervention"
"ICD10PCS:0BJ08ZZ","Procedure code: PCS: 0BJ08ZZ","Unlikely","No clear association with long COVID","Acute","Typically acute condition or intervention"
"ICD10PCS:0BB18ZZ","Procedure code: PCS: 0BB18ZZ","Unlikely","No clear association with long COVID","Acute","Typically acute condition or intervention"
"ICD10PCS:0W9B30Z","Procedure code: PCS: 0W9B30Z","Unlikely","No clear association with long COVID","Acute","Typically acute condition or intervention"
"ICD10PCS:0B9F8ZX","Procedure code: PCS: 0B9F8ZX","Unlikely","No clear association with long COVID","Acute","Typically acute condition or intervention"
"ICD10PCS:0BBF8ZX","Procedure code: PCS: 0BBF8ZX","Unlikely","No clear association with long COVID","Acute","Typically acute condition or intervention"
"ICD10PCS:0B918ZZ","Procedure code: PCS: 0B918ZZ","Unlikely","No clear association with long COVID","Acute","Typically acute condition or intervention"
"ICD10PCS:0B9G8ZX","Procedure code: PCS: 0B9G8ZX","Unlikely","No clear association with long COVID","Acute","Typically acute condition or intervention"
"ICD10PCS:0BH18EZ","Procedure code: PCS: 0BH18EZ","Unlikely","No clear association with long COVID","Acute","Typically acute condition or intervention"
"ICD10PCS:0W9930Z","Procedure code: PCS: 0W9930Z","Unlikely","No clear association with long COVID","Acute","Typically acute condition or intervention"
"ICD10PCS:0W993ZZ","Procedure code: PCS: 0W993ZZ","Unlikely","No clear association with long COVID","Acute","Typically acute condition or intervention"
"ICD10PCS:0W993ZX","Procedure code: PCS: 0W993ZX","Unlikely","No clear association with long COVID","Acute","Typically acute condition or intervention"
"ICD10PCS:0BW13FZ","Procedure code: PCS: 0BW13FZ","Unlikely","No clear association with long COVID","Acute","Typically acute condition or intervention"
"ICD10PCS:0B9M8ZZ","Procedure code: PCS: 0B9M8ZZ","Unlikely","No clear association with long COVID","Acute","Typically acute condition or intervention"
"ICD10PCS:0W9B3ZZ","Procedure code: PCS: 0W9B3ZZ","Unlikely","No clear association with long COVID","Acute","Typically acute condition or intervention"
"ICD10PCS:0BH17EZ","Procedure code: PCS: 0BH17EZ","Unlikely","No clear association with long COVID","Acute","Typically acute condition or intervention"
"ICD10PCS:0B948ZZ","Procedure code: PCS: 0B948ZZ","Unlikely","No clear association with long COVID","Acute","Typically acute condition or intervention"
"ICD10PCS:0B9D8ZX","Procedure code: PCS: 0B9D8ZX","Unlikely","No clear association with long COVID","Acute","Typically acute condition or intervention"
"ICD10PCS:0B9M8ZX","Procedure code: PCS: 0B9M8ZX","Unlikely","No clear association with long COVID","Acute","Typically acute condition or intervention"
"ICD10PCS:0B9K8ZZ","Procedure code: PCS: 0B9K8ZZ","Unlikely","No clear association with long COVID","Acute","Typically acute condition or intervention"
"ICD10PCS:0W9B3ZX","Procedure code: PCS: 0W9B3ZX","Unlikely","No clear association with long COVID","Acute","Typically acute condition or intervention"
"ICD10PCS:0B9C8ZX","Procedure code: PCS: 0B9C8ZX","Unlikely","No clear association with long COVID","Acute","Typically acute condition or intervention"
"ICD10PCS:0B978ZZ","Procedure code: PCS: 0B978ZZ","Unlikely","No clear association with long COVID","Acute","Typically acute condition or intervention"
"ICD10PCS:0BBJ8ZZ","Procedure code: PCS: 0BBJ8ZZ","Unlikely","No clear association with long COVID","Acute","Typically acute condition or intervention"
"ICD10PCS:0BTG4ZZ","Procedure code: PCS: 0BTG4ZZ","Unlikely","No clear association with long COVID","Acute","Typically acute condition or intervention"
"ICD10PCS:0BYM0Z0","Procedure code: PCS: 0BYM0Z0","Unlikely","No clear association with long COVID","Acute","Typically acute condition or intervention"
"ICD10PCS:0B518ZZ","Procedure code: PCS: 0B518ZZ","Unlikely","No clear association with long COVID","Acute","Typically acute condition or intervention"
"ICD10PCS:0B718DZ","Procedure code: PCS: 0B718DZ","Unlikely","No clear association with long COVID","Acute","Typically acute condition or intervention"
"ICD10PCS:0B9C8ZZ","Procedure code: PCS: 0B9C8ZZ","Unlikely","No clear association with long COVID","Acute","Typically acute condition or intervention"
"ICD10PCS:0B110F4","Procedure code: PCS: 0B110F4","Unlikely","No clear association with long COVID","Acute","Typically acute condition or intervention"
"ICD10PCS:0BNN0ZZ","Procedure code: PCS: 0BNN0ZZ","Unlikely","No clear association with long COVID","Acute","Typically acute condition or intervention"
"ICD10PCS:0BNP0ZZ","Procedure code: PCS: 0BNP0ZZ","Unlikely","No clear association with long COVID","Acute","Typically acute condition or intervention"
"ICD10PCS:0BQT4ZZ","Procedure code: PCS: 0BQT4ZZ","Unlikely","No clear association with long COVID","Acute","Typically acute condition or intervention"
"ICD10:J96.22","Acute and chronic respiratory failure with hypercapnia","High","Core long COVID symptoms with strong evidence","Chronic","Inherently chronic condition or long-term management required"
"ICD10:J96.21","Acute and chronic respiratory failure with hypoxia","High","Core long COVID symptoms with strong evidence","Chronic","Inherently chronic condition or long-term management required"
"ICD10:J96.20","Acute and chronic respiratory failure, unspecified whether with hypoxia or hypercapnia","High","Core long COVID symptoms with strong evidence","Chronic","Inherently chronic condition or long-term management required"
"ICD10:J95.821","Acute postprocedural respiratory failure","Unlikely","No clear association with long COVID","Acute","Typically acute condition or intervention"
"ICD10:J80","Acute respiratory distress syndrome","High","Core long COVID symptoms with strong evidence","Acute","Typically acute condition or intervention"
"ICD10:J96.02","Acute respiratory failure with hypercapnia","High","Core long COVID symptoms with strong evidence","Acute","Typically acute condition or intervention"
"ICD10:J96.01","Acute respiratory failure with hypoxia","High","Core long COVID symptoms with strong evidence","Acute","Typically acute condition or intervention"
"ICD10:J96.00","Acute respiratory failure, unspecified whether with hypoxia or hypercapnia","High","Core long COVID symptoms with strong evidence","Acute","Typically acute condition or intervention"
"ICD10:J96.12","Chronic respiratory failure with hypercapnia","High","Core long COVID symptoms with strong evidence","Chronic","Inherently chronic condition or long-term management required"
"ICD10:J96.11","Chronic respiratory failure with hypoxia","High","Core long COVID symptoms with strong evidence","Chronic","Inherently chronic condition or long-term management required"
"ICD10:J96.10","Chronic respiratory failure, unspecified whether with hypoxia or hypercapnia","High","Core long COVID symptoms with strong evidence","Chronic","Inherently chronic condition or long-term management required"
"ICD10:R09.2","Respiratory arrest","High","Core long COVID symptoms with strong evidence","Can-be-Chronic","Symptom/condition that can become chronic if persistent"
"ICD10:J96.92","Respiratory failure, unspecified with hypercapnia","High","Core long COVID symptoms with strong evidence","Acute","Typically acute condition or intervention"
"ICD10:J96.91","Respiratory failure, unspecified with hypoxia","High","Core long COVID symptoms with strong evidence","Acute","Typically acute condition or intervention"
"ICD10:J96.90","Respiratory failure, unspecified, unspecified whether with hypoxia or hypercapnia","High","Core long COVID symptoms with strong evidence","Acute","Typically acute condition or intervention"
"ICD10:R06.03","Acute respiratory distress","High","Core long COVID symptoms with strong evidence","Can-be-Chronic","Symptom/condition that can become chronic if persistent"
"ICD10:R06.81","Apnea, not elsewhere classified","High","Core long COVID symptoms with strong evidence","Can-be-Chronic","Symptom/condition that can become chronic if persistent"
"ICD10:R09.01","Asphyxia","High","Core long COVID symptoms with strong evidence","Can-be-Chronic","Symptom/condition that can become chronic if persistent"
"ICD10:R07.1","Chest pain on breathing","Moderate-High","Well-documented secondary long COVID symptoms","Can-be-Chronic","Symptom/condition that can become chronic if persistent"
"ICD10:R05","Cough","High","Core long COVID symptoms with strong evidence","Can-be-Chronic","Symptom/condition that can become chronic if persistent"
"ICD10:R06.00","Dyspnea, unspecified","High","Core long COVID symptoms with strong evidence","Can-be-Chronic","Symptom/condition that can become chronic if persistent"
"ICD10:R04.0","Other specified abnormal findings (R04)","Unlikely","No clear association with long COVID","Variable","Can be acute or chronic depending on context"
"ICD10:R04.2","Other specified abnormal findings (R04)","Unlikely","No clear association with long COVID","Variable","Can be acute or chronic depending on context"
"ICD10:R04.89","Other specified abnormal findings (R04)","Unlikely","No clear association with long COVID","Variable","Can be acute or chronic depending on context"
"ICD10:R04.1","Other specified abnormal findings (R04)","Unlikely","No clear association with long COVID","Variable","Can be acute or chronic depending on context"
"ICD10:R06.6","Hiccough","High","Core long COVID symptoms with strong evidence","Can-be-Chronic","Symptom/condition that can become chronic if persistent"
"ICD10:R06.4","Hyperventilation","High","Core long COVID symptoms with strong evidence","Can-be-Chronic","Symptom/condition that can become chronic if persistent"
"ICD10:R09.02","Hypoxemia","High","Core long COVID symptoms with strong evidence","Can-be-Chronic","Symptom/condition that can become chronic if persistent"
"ICD10:R07.82","Intercostal pain","Moderate-High","Well-documented secondary long COVID symptoms","Can-be-Chronic","Symptom/condition that can become chronic if persistent"
"ICD10:R06.5","Mouth breathing","High","Core long COVID symptoms with strong evidence","Can-be-Chronic","Symptom/condition that can become chronic if persistent"
"ICD10:R09.81","Nasal congestion","High","Core long COVID symptoms with strong evidence","Can-be-Chronic","Symptom/condition that can become chronic if persistent"
"ICD10:R06.01","Orthopnea","High","Core long COVID symptoms with strong evidence","Can-be-Chronic","Symptom/condition that can become chronic if persistent"
"ICD10:R06.89","Other abnormalities of breathing","High","Core long COVID symptoms with strong evidence","Can-be-Chronic","Symptom/condition that can become chronic if persistent"
"ICD10:R06.09","Other forms of dyspnea","High","Core long COVID symptoms with strong evidence","Can-be-Chronic","Symptom/condition that can become chronic if persistent"
"ICD10:R07.0","Pain in throat","Moderate-High","Well-documented secondary long COVID symptoms","Can-be-Chronic","Symptom/condition that can become chronic if persistent"
"ICD10:R07.81","Pleuritic chest pain","Moderate-High","Well-documented secondary long COVID symptoms","Can-be-Chronic","Symptom/condition that can become chronic if persistent"
"ICD10:R09.82","Postnasal drip","High","Core long COVID symptoms with strong evidence","Can-be-Chronic","Symptom/condition that can become chronic if persistent"
"ICD10:R06.02","Shortness of breath","High","Core long COVID symptoms with strong evidence","Can-be-Chronic","Symptom/condition that can become chronic if persistent"
"ICD10:R06.7","Sneezing","High","Core long COVID symptoms with strong evidence","Can-be-Chronic","Symptom/condition that can become chronic if persistent"
"ICD10:R06.83","Snoring","High","Core long COVID symptoms with strong evidence","Can-be-Chronic","Symptom/condition that can become chronic if persistent"
"ICD10:R06.1","Stridor","High","Core long COVID symptoms with strong evidence","Can-be-Chronic","Symptom/condition that can become chronic if persistent"
"ICD10:R06.82","Tachypnea, not elsewhere classified","High","Core long COVID symptoms with strong evidence","Can-be-Chronic","Symptom/condition that can become chronic if persistent"
"ICD10:R06.9","Unspecified abnormalities of breathing","High","Core long COVID symptoms with strong evidence","Can-be-Chronic","Symptom/condition that can become chronic if persistent"
"ICD10:R06.2","Wheezing","High","Core long COVID symptoms with strong evidence","Can-be-Chronic","Symptom/condition that can become chronic if persistent"
"ICD10:R20.0","Anesthesia of skin","Moderate-High","Well-documented secondary long COVID symptoms","Can-be-Chronic","Symptom/condition that can become chronic if persistent"
"ICD10:R23.4","Changes in skin texture","Moderate-Low","Speculative but biologically plausible connections","Can-be-Chronic","Symptom/condition that can become chronic if persistent"
"ICD10:R23.0","Cyanosis","Moderate-Low","Speculative but biologically plausible connections","Can-be-Chronic","Symptom/condition that can become chronic if persistent"
"ICD10:R23.2","Flushing","Moderate-Low","Speculative but biologically plausible connections","Can-be-Chronic","Symptom/condition that can become chronic if persistent"
"ICD10:R20.3","Hyperesthesia","Moderate-High","Well-documented secondary long COVID symptoms","Can-be-Chronic","Symptom/condition that can become chronic if persistent"
"ICD10:R20.1","Hypoesthesia of skin","Moderate-High","Well-documented secondary long COVID symptoms","Can-be-Chronic","Symptom/condition that can become chronic if persistent"
"ICD10:R22.0","Localized swelling, mass and lump, head","Moderate-Low","Speculative but biologically plausible connections","Can-be-Chronic","Symptom/condition that can become chronic if persistent"
"ICD10:R22.42","Localized swelling, mass and lump, left lower limb","Moderate-Low","Speculative but biologically plausible connections","Can-be-Chronic","Symptom/condition that can become chronic if persistent"
"ICD10:R22.32","Localized swelling, mass and lump, left upper limb","Moderate-Low","Speculative but biologically plausible connections","Can-be-Chronic","Symptom/condition that can become chronic if persistent"
"ICD10:R22.43","Localized swelling, mass and lump, lower limb, bilateral","Moderate-Low","Speculative but biologically plausible connections","Can-be-Chronic","Symptom/condition that can become chronic if persistent"
"ICD10:R22.1","Localized swelling, mass and lump, neck","Moderate-Low","Speculative but biologically plausible connections","Can-be-Chronic","Symptom/condition that can become chronic if persistent"
"ICD10:R22.41","Localized swelling, mass and lump, right lower limb","Moderate-Low","Speculative but biologically plausible connections","Can-be-Chronic","Symptom/condition that can become chronic if persistent"
"ICD10:R22.31","Localized swelling, mass and lump, right upper limb","Moderate-Low","Speculative but biologically plausible connections","Can-be-Chronic","Symptom/condition that can become chronic if persistent"
"ICD10:R22.2","Localized swelling, mass and lump, trunk","Moderate-Low","Speculative but biologically plausible connections","Can-be-Chronic","Symptom/condition that can become chronic if persistent"
"ICD10:R22.9","Localized swelling, mass and lump, unspecified","Moderate-Low","Speculative but biologically plausible connections","Can-be-Chronic","Symptom/condition that can become chronic if persistent"
"ICD10:R22.40","Localized swelling, mass and lump, lower limb, unspecified","Moderate-Low","Speculative but biologically plausible connections","Can-be-Chronic","Symptom/condition that can become chronic if persistent"
"ICD10:R22.30","Localized swelling, mass and lump, upper limb, unspecified","Moderate-Low","Speculative but biologically plausible connections","Can-be-Chronic","Symptom/condition that can become chronic if persistent"
"ICD10:R22.33","Localized swelling, mass and lump, upper limb, bilateral","Moderate-Low","Speculative but biologically plausible connections","Can-be-Chronic","Symptom/condition that can become chronic if persistent"
"ICD10:R20.8","Other disturbances of skin sensation","Moderate-High","Well-documented secondary long COVID symptoms","Can-be-Chronic","Symptom/condition that can become chronic if persistent"
"ICD10:R23.8","Other skin changes","Moderate-Low","Speculative but biologically plausible connections","Can-be-Chronic","Symptom/condition that can become chronic if persistent"
"ICD10:R23.1","Pallor","Moderate-Low","Speculative but biologically plausible connections","Can-be-Chronic","Symptom/condition that can become chronic if persistent"
"ICD10:R20.2","Paresthesia of skin","Moderate-High","Well-documented secondary long COVID symptoms","Can-be-Chronic","Symptom/condition that can become chronic if persistent"
"ICD10:R21","Other specified abnormal findings (R21)","Unlikely","No clear association with long COVID","Variable","Can be acute or chronic depending on context"
"ICD10:R23.3","Spontaneous ecchymoses","Moderate-Low","Speculative but biologically plausible connections","Can-be-Chronic","Symptom/condition that can become chronic if persistent"
"ICD10:R20.9","Unspecified disturbances of skin sensation","Moderate-High","Well-documented secondary long COVID symptoms","Can-be-Chronic","Symptom/condition that can become chronic if persistent"
"ICD10:R23.9","Unspecified skin changes","Moderate-Low","Speculative but biologically plausible connections","Can-be-Chronic","Symptom/condition that can become chronic if persistent"
"ICD10:F51.02","Adjustment insomnia","Moderate-High","Well-documented secondary long COVID symptoms","Can-be-Chronic","Symptom/condition that can become chronic if persistent"
"ICD10:G47.37","Sleep disorders (G47.37)","Moderate-High","Well-documented secondary long COVID symptoms","Chronic","Inherently chronic condition or long-term management required"
"ICD10:G47.21","Sleep disorders (G47.21)","Moderate-High","Well-documented secondary long COVID symptoms","Chronic","Inherently chronic condition or long-term management required"
"ICD10:G47.25","Sleep disorders (G47.25)","Moderate-High","Well-documented secondary long COVID symptoms","Chronic","Inherently chronic condition or long-term management required"
"ICD10:G47.26","Sleep disorders (G47.26)","Moderate-High","Well-documented secondary long COVID symptoms","Chronic","Inherently chronic condition or long-term management required"
"ICD10:G47.20","Sleep disorders (G47.20)","Moderate-High","Well-documented secondary long COVID symptoms","Chronic","Inherently chronic condition or long-term management required"
"ICD10:G47.51","Sleep disorders (G47.51)","Moderate-High","Well-documented secondary long COVID symptoms","Chronic","Inherently chronic condition or long-term management required"
"ICD10:G47.10","Sleep disorders (G47.10)","Moderate-High","Well-documented secondary long COVID symptoms","Chronic","Inherently chronic condition or long-term management required"
"ICD10:G47.34","Sleep disorders (G47.34)","Moderate-High","Well-documented secondary long COVID symptoms","Chronic","Inherently chronic condition or long-term management required"
"ICD10:G47.01","Insomnia due to medical condition","Moderate-High","Well-documented secondary long COVID symptoms","Chronic","Inherently chronic condition or long-term management required"
"ICD10:F51.05","Insomnia due to other mental disorder","Moderate-High","Well-documented secondary long COVID symptoms","Can-be-Chronic","Symptom/condition that can become chronic if persistent"
"ICD10:G47.00","Insomnia, unspecified","Moderate-High","Well-documented secondary long COVID symptoms","Chronic","Inherently chronic condition or long-term management required"
"ICD10:F51.12","Insufficient sleep syndrome","Moderate-High","Well-documented secondary long COVID symptoms","Can-be-Chronic","Symptom/condition that can become chronic if persistent"
"ICD10:G47.411","Sleep disorders (G47.411)","Moderate-High","Well-documented secondary long COVID symptoms","Chronic","Inherently chronic condition or long-term management required"
"ICD10:G47.419","Sleep disorders (G47.419)","Moderate-High","Well-documented secondary long COVID symptoms","Chronic","Inherently chronic condition or long-term management required"
"ICD10:F51.5","Nightmare disorder","Moderate-High","Well-documented secondary long COVID symptoms","Can-be-Chronic","Symptom/condition that can become chronic if persistent"
"ICD10:G47.33","Sleep disorders (G47.33)","Moderate-High","Well-documented secondary long COVID symptoms","Chronic","Inherently chronic condition or long-term management required"
"ICD10:G47.19","Sleep disorders (G47.19)","Moderate-High","Well-documented secondary long COVID symptoms","Chronic","Inherently chronic condition or long-term management required"
"ICD10:G47.09","Other insomnia","Moderate-High","Well-documented secondary long COVID symptoms","Chronic","Inherently chronic condition or long-term management required"
"ICD10:F51.09","Other insomnia not due to a substance or known physiological condition","Moderate-High","Well-documented secondary long COVID symptoms","Can-be-Chronic","Symptom/condition that can become chronic if persistent"
"ICD10:G47.59","Sleep disorders (G47.59)","Moderate-High","Well-documented secondary long COVID symptoms","Chronic","Inherently chronic condition or long-term management required"
"ICD10:G47.39","Sleep disorders (G47.39)","Moderate-High","Well-documented secondary long COVID symptoms","Chronic","Inherently chronic condition or long-term management required"
"ICD10:G47.8","Sleep disorders (G47.8)","Moderate-High","Well-documented secondary long COVID symptoms","Chronic","Inherently chronic condition or long-term management required"
"ICD10:F51.8","Other sleep disorders not due to a substance or known physiological condition","Moderate-High","Well-documented secondary long COVID symptoms","Can-be-Chronic","Symptom/condition that can become chronic if persistent"
"ICD10:G47.69","Sleep disorders (G47.69)","Moderate-High","Well-documented secondary long COVID symptoms","Chronic","Inherently chronic condition or long-term management required"
"ICD10:F51.03","Paradoxical insomnia","Moderate-High","Well-documented secondary long COVID symptoms","Can-be-Chronic","Symptom/condition that can become chronic if persistent"
"ICD10:G47.50","Sleep disorders (G47.50)","Moderate-High","Well-documented secondary long COVID symptoms","Chronic","Inherently chronic condition or long-term management required"
"ICD10:R06.3","Periodic breathing","High","Core long COVID symptoms with strong evidence","Can-be-Chronic","Symptom/condition that can become chronic if persistent"
"ICD10:G47.61","Sleep disorders (G47.61)","Moderate-High","Well-documented secondary long COVID symptoms","Chronic","Inherently chronic condition or long-term management required"
"ICD10:G47.31","Sleep disorders (G47.31)","Moderate-High","Well-documented secondary long COVID symptoms","Chronic","Inherently chronic condition or long-term management required"
"ICD10:F51.01","Primary insomnia","Moderate-High","Well-documented secondary long COVID symptoms","Can-be-Chronic","Symptom/condition that can become chronic if persistent"
"ICD10:F51.04","Psychophysiologic insomnia","Moderate-High","Well-documented secondary long COVID symptoms","Can-be-Chronic","Symptom/condition that can become chronic if persistent"
"ICD10:G47.52","Sleep disorders (G47.52)","Moderate-High","Well-documented secondary long COVID symptoms","Chronic","Inherently chronic condition or long-term management required"
"ICD10:G47.30","Sleep disorders (G47.30)","Moderate-High","Well-documented secondary long COVID symptoms","Chronic","Inherently chronic condition or long-term management required"
"ICD10:F51.9","Sleep disorder not due to a substance or known physiological condition, unspecified","Moderate-High","Well-documented secondary long COVID symptoms","Can-be-Chronic","Symptom/condition that can become chronic if persistent"
"ICD10:G47.9","Sleep disorders (G47.9)","Moderate-High","Well-documented secondary long COVID symptoms","Chronic","Inherently chronic condition or long-term management required"
"ICD10:G47.63","Sleep disorders (G47.63)","Moderate-High","Well-documented secondary long COVID symptoms","Chronic","Inherently chronic condition or long-term management required"
"ICD10:G47.36","Sleep disorders (G47.36)","Moderate-High","Well-documented secondary long COVID symptoms","Chronic","Inherently chronic condition or long-term management required"
"ICD10:G47.62","Sleep disorders (G47.62)","Moderate-High","Well-documented secondary long COVID symptoms","Chronic","Inherently chronic condition or long-term management required"
"ICD10:F51.4","Sleep terrors [night terrors]","Moderate-High","Well-documented secondary long COVID symptoms","Can-be-Chronic","Symptom/condition that can become chronic if persistent"
"ICD10:F51.3","Sleepwalking [somnambulism]","Moderate-High","Well-documented secondary long COVID symptoms","Can-be-Chronic","Symptom/condition that can become chronic if persistent"
"ICD10:M48.10","Other spondylopathies (M48.10)","Unlikely","No clear association with long COVID","Chronic","Inherently chronic condition or long-term management required"
"ICD10:M50.03","Cervical disc disorders (M50.03)","Unlikely","No clear association with long COVID","Chronic","Inherently chronic condition or long-term management required"
"ICD10:M50.01","Cervical disc disorders (M50.01)","Unlikely","No clear association with long COVID","Chronic","Inherently chronic condition or long-term management required"
"ICD10:M50.00","Cervical disc disorders (M50.00)","Unlikely","No clear association with long COVID","Chronic","Inherently chronic condition or long-term management required"
"ICD10:M50.13","Cervical disc disorders (M50.13)","Unlikely","No clear association with long COVID","Chronic","Inherently chronic condition or long-term management required"
"ICD10:M50.11","Cervical disc disorders (M50.11)","Unlikely","No clear association with long COVID","Chronic","Inherently chronic condition or long-term management required"
"ICD10:M50.10","Cervical disc disorders (M50.10)","Unlikely","No clear association with long COVID","Chronic","Inherently chronic condition or long-term management required"
"ICD10:M50.90","Cervical disc disorders (M50.90)","Unlikely","No clear association with long COVID","Chronic","Inherently chronic condition or long-term management required"
"ICD10:M54.2","Diseases of the musculoskeletal system and connective tissue (M54.2)","Moderate-Low","Speculative but biologically plausible connections","Chronic","Inherently chronic condition or long-term management required"
"ICD10:M53.1","Other and unspecified dorsopathies (M53.1)","Unlikely","No clear association with long COVID","Variable","Can be acute or chronic depending on context"
"ICD10:M53.0","Other and unspecified dorsopathies (M53.0)","Unlikely","No clear association with long COVID","Variable","Can be acute or chronic depending on context"
"ICD10:M43.9","Other deforming dorsopathies (M43.9)","Unlikely","No clear association with long COVID","Variable","Can be acute or chronic depending on context"
"ICD10:M46.42","Diseases of the musculoskeletal system and connective tissue (M46.42)","Unlikely","No clear association with long COVID","Variable","Can be acute or chronic depending on context"
"ICD10:M46.46","Diseases of the musculoskeletal system and connective tissue (M46.46)","Unlikely","No clear association with long COVID","Variable","Can be acute or chronic depending on context"
"ICD10:M46.40","Diseases of the musculoskeletal system and connective tissue (M46.40)","Unlikely","No clear association with long COVID","Variable","Can be acute or chronic depending on context"
"ICD10:M53.9","Other and unspecified dorsopathies (M53.9)","Unlikely","No clear association with long COVID","Variable","Can be acute or chronic depending on context"
"ICD10:M43.26","Other deforming dorsopathies (M43.26)","Unlikely","No clear association with long COVID","Variable","Can be acute or chronic depending on context"
"ICD10:M43.27","Other deforming dorsopathies (M43.27)","Unlikely","No clear association with long COVID","Variable","Can be acute or chronic depending on context"
"ICD10:M46.32","Diseases of the musculoskeletal system and connective tissue (M46.32)","Unlikely","No clear association with long COVID","Variable","Can be acute or chronic depending on context"
"ICD10:M51.06","Diseases of the musculoskeletal system and connective tissue (M51.06)","Unlikely","No clear association with long COVID","Chronic","Inherently chronic condition or long-term management required"
"ICD10:M51.04","Diseases of the musculoskeletal system and connective tissue (M51.04)","Unlikely","No clear association with long COVID","Chronic","Inherently chronic condition or long-term management required"
"ICD10:M51.16","Diseases of the musculoskeletal system and connective tissue (M51.16)","Unlikely","No clear association with long COVID","Chronic","Inherently chronic condition or long-term management required"
"ICD10:M51.17","Diseases of the musculoskeletal system and connective tissue (M51.17)","Unlikely","No clear association with long COVID","Chronic","Inherently chronic condition or long-term management required"
"ICD10:M51.14","Diseases of the musculoskeletal system and connective tissue (M51.14)","Unlikely","No clear association with long COVID","Chronic","Inherently chronic condition or long-term management required"
"ICD10:M51.15","Diseases of the musculoskeletal system and connective tissue (M51.15)","Unlikely","No clear association with long COVID","Chronic","Inherently chronic condition or long-term management required"
"ICD10:M54.42","Diseases of the musculoskeletal system and connective tissue (M54.42)","Moderate-Low","Speculative but biologically plausible connections","Chronic","Inherently chronic condition or long-term management required"
"ICD10:M54.41","Diseases of the musculoskeletal system and connective tissue (M54.41)","Moderate-Low","Speculative but biologically plausible connections","Chronic","Inherently chronic condition or long-term management required"
"ICD10:M54.40","Diseases of the musculoskeletal system and connective tissue (M54.40)","Moderate-Low","Speculative but biologically plausible connections","Chronic","Inherently chronic condition or long-term management required"
"ICD10:M50.33","Cervical disc disorders (M50.33)","Unlikely","No clear association with long COVID","Chronic","Inherently chronic condition or long-term management required"
"ICD10:M50.31","Cervical disc disorders (M50.31)","Unlikely","No clear association with long COVID","Chronic","Inherently chronic condition or long-term management required"
"ICD10:M50.30","Cervical disc disorders (M50.30)","Unlikely","No clear association with long COVID","Chronic","Inherently chronic condition or long-term management required"
"ICD10:M50.21","Cervical disc disorders (M50.21)","Unlikely","No clear association with long COVID","Chronic","Inherently chronic condition or long-term management required"
"ICD10:M50.20","Cervical disc disorders (M50.20)","Unlikely","No clear association with long COVID","Chronic","Inherently chronic condition or long-term management required"
"ICD10:M46.57","Diseases of the musculoskeletal system and connective tissue (M46.57)","Unlikely","No clear association with long COVID","Variable","Can be acute or chronic depending on context"
"ICD10:M51.36","Diseases of the musculoskeletal system and connective tissue (M51.36)","Unlikely","No clear association with long COVID","Chronic","Inherently chronic condition or long-term management required"
"ICD10:M51.37","Diseases of the musculoskeletal system and connective tissue (M51.37)","Unlikely","No clear association with long COVID","Chronic","Inherently chronic condition or long-term management required"
"ICD10:M51.34","Diseases of the musculoskeletal system and connective tissue (M51.34)","Unlikely","No clear association with long COVID","Chronic","Inherently chronic condition or long-term management required"
"ICD10:M51.35","Diseases of the musculoskeletal system and connective tissue (M51.35)","Unlikely","No clear association with long COVID","Chronic","Inherently chronic condition or long-term management required"
"ICD10:M51.86","Diseases of the musculoskeletal system and connective tissue (M51.86)","Unlikely","No clear association with long COVID","Chronic","Inherently chronic condition or long-term management required"
"ICD10:M51.26","Diseases of the musculoskeletal system and connective tissue (M51.26)","Unlikely","No clear association with long COVID","Chronic","Inherently chronic condition or long-term management required"
"ICD10:M51.27","Diseases of the musculoskeletal system and connective tissue (M51.27)","Unlikely","No clear association with long COVID","Chronic","Inherently chronic condition or long-term management required"
"ICD10:M51.24","Diseases of the musculoskeletal system and connective tissue (M51.24)","Unlikely","No clear association with long COVID","Chronic","Inherently chronic condition or long-term management required"
"ICD10:M43.8X6","Other specified deforming dorsopathies, lumbar region","Unlikely","No clear association with long COVID","Variable","Can be acute or chronic depending on context"
"ICD10:M43.8X9","Other specified deforming dorsopathies, site unspecified","Unlikely","No clear association with long COVID","Variable","Can be acute or chronic depending on context"
"ICD10:M43.8X5","Other specified deforming dorsopathies, thoracolumbar region","Unlikely","No clear association with long COVID","Variable","Can be acute or chronic depending on context"
"ICD10:M53.82","Other and unspecified dorsopathies (M53.82)","Unlikely","No clear association with long COVID","Variable","Can be acute or chronic depending on context"
"ICD10:M53.86","Other and unspecified dorsopathies (M53.86)","Unlikely","No clear association with long COVID","Variable","Can be acute or chronic depending on context"
"ICD10:M53.87","Other and unspecified dorsopathies (M53.87)","Unlikely","No clear association with long COVID","Variable","Can be acute or chronic depending on context"
"ICD10:M53.84","Other and unspecified dorsopathies (M53.84)","Unlikely","No clear association with long COVID","Variable","Can be acute or chronic depending on context"
"ICD10:M47.12","Spondylosis (M47.12)","Unlikely","No clear association with long COVID","Chronic","Inherently chronic condition or long-term management required"
"ICD10:M47.13","Spondylosis (M47.13)","Unlikely","No clear association with long COVID","Chronic","Inherently chronic condition or long-term management required"
"ICD10:M47.16","Spondylosis (M47.16)","Unlikely","No clear association with long COVID","Chronic","Inherently chronic condition or long-term management required"
"ICD10:M47.14","Spondylosis (M47.14)","Unlikely","No clear association with long COVID","Chronic","Inherently chronic condition or long-term management required"
"ICD10:M47.22","Spondylosis (M47.22)","Unlikely","No clear association with long COVID","Chronic","Inherently chronic condition or long-term management required"
"ICD10:M47.23","Spondylosis (M47.23)","Unlikely","No clear association with long COVID","Chronic","Inherently chronic condition or long-term management required"
"ICD10:M47.26","Spondylosis (M47.26)","Unlikely","No clear association with long COVID","Chronic","Inherently chronic condition or long-term management required"
"ICD10:M47.27","Spondylosis (M47.27)","Unlikely","No clear association with long COVID","Chronic","Inherently chronic condition or long-term management required"
"ICD10:M47.24","Spondylosis (M47.24)","Unlikely","No clear association with long COVID","Chronic","Inherently chronic condition or long-term management required"
"ICD10:M96.1","Diseases of the musculoskeletal system and connective tissue (M96.1)","Unlikely","No clear association with long COVID","Chronic","Inherently chronic condition or long-term management required"
"ICD10:M54.12","Diseases of the musculoskeletal system and connective tissue (M54.12)","Moderate-Low","Speculative but biologically plausible connections","Chronic","Inherently chronic condition or long-term management required"
"ICD10:M54.13","Diseases of the musculoskeletal system and connective tissue (M54.13)","Moderate-Low","Speculative but biologically plausible connections","Chronic","Inherently chronic condition or long-term management required"
"ICD10:M54.16","Diseases of the musculoskeletal system and connective tissue (M54.16)","Moderate-Low","Speculative but biologically plausible connections","Chronic","Inherently chronic condition or long-term management required"
"ICD10:M54.17","Diseases of the musculoskeletal system and connective tissue (M54.17)","Moderate-Low","Speculative but biologically plausible connections","Chronic","Inherently chronic condition or long-term management required"
"ICD10:M54.11","Diseases of the musculoskeletal system and connective tissue (M54.11)","Moderate-Low","Speculative but biologically plausible connections","Chronic","Inherently chronic condition or long-term management required"
"ICD10:M54.18","Diseases of the musculoskeletal system and connective tissue (M54.18)","Moderate-Low","Speculative but biologically plausible connections","Chronic","Inherently chronic condition or long-term management required"
"ICD10:M54.10","Diseases of the musculoskeletal system and connective tissue (M54.10)","Moderate-Low","Speculative but biologically plausible connections","Chronic","Inherently chronic condition or long-term management required"
"ICD10:M54.14","Diseases of the musculoskeletal system and connective tissue (M54.14)","Moderate-Low","Speculative but biologically plausible connections","Chronic","Inherently chronic condition or long-term management required"
"ICD10:M54.15","Diseases of the musculoskeletal system and connective tissue (M54.15)","Moderate-Low","Speculative but biologically plausible connections","Chronic","Inherently chronic condition or long-term management required"
"ICD10:M53.3","Other and unspecified dorsopathies (M53.3)","Unlikely","No clear association with long COVID","Variable","Can be acute or chronic depending on context"
"ICD10:M46.1","Diseases of the musculoskeletal system and connective tissue (M46.1)","Unlikely","No clear association with long COVID","Variable","Can be acute or chronic depending on context"
"ICD10:M51.47","Diseases of the musculoskeletal system and connective tissue (M51.47)","Unlikely","No clear association with long COVID","Chronic","Inherently chronic condition or long-term management required"
"ICD10:M51.44","Diseases of the musculoskeletal system and connective tissue (M51.44)","Unlikely","No clear association with long COVID","Chronic","Inherently chronic condition or long-term management required"
"ICD10:M54.32","Diseases of the musculoskeletal system and connective tissue (M54.32)","Moderate-Low","Speculative but biologically plausible connections","Chronic","Inherently chronic condition or long-term management required"
"ICD10:M54.31","Diseases of the musculoskeletal system and connective tissue (M54.31)","Moderate-Low","Speculative but biologically plausible connections","Chronic","Inherently chronic condition or long-term management required"
"ICD10:M54.30","Diseases of the musculoskeletal system and connective tissue (M54.30)","Moderate-Low","Speculative but biologically plausible connections","Chronic","Inherently chronic condition or long-term management required"
"ICD10:M53.2X2","Spinal instabilities, cervical region","Unlikely","No clear association with long COVID","Variable","Can be acute or chronic depending on context"
"ICD10:M53.2X6","Other and unspecified dorsopathies (M53.2X6)","Unlikely","No clear association with long COVID","Variable","Can be acute or chronic depending on context"
"ICD10:M53.2X8","Other and unspecified dorsopathies (M53.2X8)","Unlikely","No clear association with long COVID","Variable","Can be acute or chronic depending on context"
"ICD10:M48.02","Other spondylopathies (M48.02)","Unlikely","No clear association with long COVID","Chronic","Inherently chronic condition or long-term management required"
"ICD10:M48.03","Other spondylopathies (M48.03)","Unlikely","No clear association with long COVID","Chronic","Inherently chronic condition or long-term management required"
"ICD10:M48.07","Other spondylopathies (M48.07)","Unlikely","No clear association with long COVID","Chronic","Inherently chronic condition or long-term management required"
"ICD10:M48.00","Other spondylopathies (M48.00)","Unlikely","No clear association with long COVID","Chronic","Inherently chronic condition or long-term management required"
"ICD10:M48.04","Other spondylopathies (M48.04)","Unlikely","No clear association with long COVID","Chronic","Inherently chronic condition or long-term management required"
"ICD10:M48.05","Other spondylopathies (M48.05)","Unlikely","No clear association with long COVID","Chronic","Inherently chronic condition or long-term management required"
"ICD10:M43.12","Other deforming dorsopathies (M43.12)","Unlikely","No clear association with long COVID","Variable","Can be acute or chronic depending on context"
"ICD10:M43.13","Other deforming dorsopathies (M43.13)","Unlikely","No clear association with long COVID","Variable","Can be acute or chronic depending on context"
"ICD10:M43.16","Other deforming dorsopathies (M43.16)","Unlikely","No clear association with long COVID","Variable","Can be acute or chronic depending on context"
"ICD10:M43.17","Other deforming dorsopathies (M43.17)","Unlikely","No clear association with long COVID","Variable","Can be acute or chronic depending on context"
"ICD10:M43.10","Other deforming dorsopathies (M43.10)","Unlikely","No clear association with long COVID","Variable","Can be acute or chronic depending on context"
"ICD10:M43.15","Other deforming dorsopathies (M43.15)","Unlikely","No clear association with long COVID","Variable","Can be acute or chronic depending on context"
"ICD10:M43.06","Other deforming dorsopathies (M43.06)","Unlikely","No clear association with long COVID","Variable","Can be acute or chronic depending on context"
"ICD10:M47.812","Spondylosis (M47.812)","Unlikely","No clear association with long COVID","Chronic","Inherently chronic condition or long-term management required"
"ICD10:M47.813","Spondylosis (M47.813)","Unlikely","No clear association with long COVID","Chronic","Inherently chronic condition or long-term management required"
"ICD10:M47.816","Spondylosis (M47.816)","Unlikely","No clear association with long COVID","Chronic","Inherently chronic condition or long-term management required"
"ICD10:M47.817","Spondylosis (M47.817)","Unlikely","No clear association with long COVID","Chronic","Inherently chronic condition or long-term management required"
"ICD10:M47.818","Spondylosis (M47.818)","Unlikely","No clear association with long COVID","Chronic","Inherently chronic condition or long-term management required"
"ICD10:M47.819","Spondylosis (M47.819)","Unlikely","No clear association with long COVID","Chronic","Inherently chronic condition or long-term management required"
"ICD10:M47.814","Spondylosis (M47.814)","Unlikely","No clear association with long COVID","Chronic","Inherently chronic condition or long-term management required"
"ICD10:M47.815","Spondylosis (M47.815)","Unlikely","No clear association with long COVID","Chronic","Inherently chronic condition or long-term management required"
"ICD10:M47.9","Spondylosis (M47.9)","Unlikely","No clear association with long COVID","Chronic","Inherently chronic condition or long-term management required"
"ICD10:M43.6","Other deforming dorsopathies (M43.6)","Unlikely","No clear association with long COVID","Variable","Can be acute or chronic depending on context"
"ICD10:M46.92","Diseases of the musculoskeletal system and connective tissue (M46.92)","Unlikely","No clear association with long COVID","Variable","Can be acute or chronic depending on context"
"ICD10:M46.96","Diseases of the musculoskeletal system and connective tissue (M46.96)","Unlikely","No clear association with long COVID","Variable","Can be acute or chronic depending on context"
"ICD10:M46.97","Diseases of the musculoskeletal system and connective tissue (M46.97)","Unlikely","No clear association with long COVID","Variable","Can be acute or chronic depending on context"
"ICD10:M46.90","Diseases of the musculoskeletal system and connective tissue (M46.90)","Unlikely","No clear association with long COVID","Variable","Can be acute or chronic depending on context"
"ICD10:M46.94","Diseases of the musculoskeletal system and connective tissue (M46.94)","Unlikely","No clear association with long COVID","Variable","Can be acute or chronic depending on context"
"ICD10:M51.9","Diseases of the musculoskeletal system and connective tissue (M51.9)","Unlikely","No clear association with long COVID","Chronic","Inherently chronic condition or long-term management required"
"ICD10:R45.851","Suicidal ideation","Moderate-High","Well-documented secondary long COVID symptoms","Can-be-Chronic","Symptom/condition that can become chronic if persistent"
"ICD10:R45.84","Anhedonia","Moderate-High","Well-documented secondary long COVID symptoms","Can-be-Chronic","Symptom/condition that can become chronic if persistent"
"ICD10:R45.3","Demoralization and apathy","Moderate-High","Well-documented secondary long COVID symptoms","Can-be-Chronic","Symptom/condition that can become chronic if persistent"
"ICD10:R45.86","Emotional lability","Moderate-High","Well-documented secondary long COVID symptoms","Can-be-Chronic","Symptom/condition that can become chronic if persistent"
"ICD10:R45.850","Homicidal ideation","Moderate-High","Well-documented secondary long COVID symptoms","Can-be-Chronic","Symptom/condition that can become chronic if persistent"
"ICD10:R45.87","Impulsiveness","Moderate-High","Well-documented secondary long COVID symptoms","Can-be-Chronic","Symptom/condition that can become chronic if persistent"
"ICD10:R45.4","Irritability and anger","Moderate-High","Well-documented secondary long COVID symptoms","Can-be-Chronic","Symptom/condition that can become chronic if persistent"
"ICD10:R45.81","Low self-esteem","Moderate-High","Well-documented secondary long COVID symptoms","Can-be-Chronic","Symptom/condition that can become chronic if persistent"
"ICD10:R45.0","Nervousness","Moderate-High","Well-documented secondary long COVID symptoms","Can-be-Chronic","Symptom/condition that can become chronic if persistent"
"ICD10:R46.81","Other specified abnormal findings (R46)","Unlikely","No clear association with long COVID","Variable","Can be acute or chronic depending on context"
"ICD10:R46.89","Other specified abnormal findings (R46)","Unlikely","No clear association with long COVID","Variable","Can be acute or chronic depending on context"
"ICD10:R45.89","Other symptoms concerning emotional state","Moderate-High","Well-documented secondary long COVID symptoms","Can-be-Chronic","Symptom/condition that can become chronic if persistent"
"ICD10:R45.1","Restlessness and agitation","Moderate-High","Well-documented secondary long COVID symptoms","Can-be-Chronic","Symptom/condition that can become chronic if persistent"
"ICD10:R46.4","Other specified abnormal findings (R46)","Unlikely","No clear association with long COVID","Variable","Can be acute or chronic depending on context"
"ICD10:R46.2","Other specified abnormal findings (R46)","Unlikely","No clear association with long COVID","Variable","Can be acute or chronic depending on context"
"ICD10:R46.0","Other specified abnormal findings (R46)","Unlikely","No clear association with long COVID","Variable","Can be acute or chronic depending on context"
"ICD10:R45.6","Violent behavior","Moderate-High","Well-documented secondary long COVID symptoms","Can-be-Chronic","Symptom/condition that can become chronic if persistent"
"ICD10:E06.0","Acute thyroiditis","Moderate","Emerging evidence or plausible systemic associations","Chronic","Inherently chronic condition or long-term management required"
"ICD10:E03.4","Atrophy of thyroid (acquired)","Moderate","Emerging evidence or plausible systemic associations","Chronic","Inherently chronic condition or long-term management required"
"ICD10:E06.3","Autoimmune thyroiditis","Moderate","Emerging evidence or plausible systemic associations","Chronic","Inherently chronic condition or long-term management required"
"ICD10:E07.9","Disorder of thyroid, unspecified","Moderate","Emerging evidence or plausible systemic associations","Variable","Can be acute or chronic depending on context"
"ICD10:E03.2","Hypothyroidism due to medicaments and other exogenous substances","Moderate","Emerging evidence or plausible systemic associations","Chronic","Inherently chronic condition or long-term management required"
"ICD10:E03.9","Hypothyroidism, unspecified","Moderate","Emerging evidence or plausible systemic associations","Chronic","Inherently chronic condition or long-term management required"
"ICD10:E01.0","Endocrine, nutritional and metabolic diseases (E01.0)","Unlikely","No clear association with long COVID","Variable","Can be acute or chronic depending on context"
"ICD10:E04.0","Endocrine, nutritional and metabolic diseases (E04.0)","Unlikely","No clear association with long COVID","Chronic","Inherently chronic condition or long-term management required"
"ICD10:E04.9","Endocrine, nutritional and metabolic diseases (E04.9)","Unlikely","No clear association with long COVID","Chronic","Inherently chronic condition or long-term management required"
"ICD10:E04.2","Endocrine, nutritional and metabolic diseases (E04.2)","Unlikely","No clear association with long COVID","Chronic","Inherently chronic condition or long-term management required"
"ICD10:E04.1","Endocrine, nutritional and metabolic diseases (E04.1)","Unlikely","No clear association with long COVID","Chronic","Inherently chronic condition or long-term management required"
"ICD10:E07.89","Other specified disorders of thyroid","Moderate","Emerging evidence or plausible systemic associations","Variable","Can be acute or chronic depending on context"
"ICD10:E03.8","Other specified hypothyroidism","Moderate","Emerging evidence or plausible systemic associations","Chronic","Inherently chronic condition or long-term management required"
"ICD10:E05.80","Other thyrotoxicosis without thyrotoxic crisis or storm","Moderate","Emerging evidence or plausible systemic associations","Chronic","Inherently chronic condition or long-term management required"
"ICD10:E89.0","Postprocedural hypothyroidism","Moderate","Emerging evidence or plausible systemic associations","Variable","Can be acute or chronic depending on context"
"ICD10:E07.81","Sick-euthyroid syndrome","Moderate","Emerging evidence or plausible systemic associations","Variable","Can be acute or chronic depending on context"
"ICD10:E06.1","Subacute thyroiditis","Moderate","Emerging evidence or plausible systemic associations","Chronic","Inherently chronic condition or long-term management required"
"ICD10:E02","Endocrine, nutritional and metabolic diseases (E02)","Unlikely","No clear association with long COVID","Variable","Can be acute or chronic depending on context"
"ICD10:E06.9","Thyroiditis, unspecified","Moderate","Emerging evidence or plausible systemic associations","Chronic","Inherently chronic condition or long-term management required"
"ICD10:E05.00","Thyrotoxicosis with diffuse goiter without thyrotoxic crisis or storm","Moderate","Emerging evidence or plausible systemic associations","Chronic","Inherently chronic condition or long-term management required"
"ICD10:E05.20","Thyrotoxicosis with toxic multinodular goiter without thyrotoxic crisis or storm","Moderate","Emerging evidence or plausible systemic associations","Chronic","Inherently chronic condition or long-term management required"
"ICD10:E05.10","Thyrotoxicosis with toxic single thyroid nodule without thyrotoxic crisis or storm","Moderate","Emerging evidence or plausible systemic associations","Chronic","Inherently chronic condition or long-term management required"
"ICD10:E05.90","Thyrotoxicosis, unspecified without thyrotoxic crisis or storm","Moderate","Emerging evidence or plausible systemic associations","Chronic","Inherently chronic condition or long-term management required"
"ICD10:N30.01","Acute cystitis with hematuria","Moderate-Low","Speculative but biologically plausible connections","Acute","Typically acute condition or intervention"
"ICD10:N30.00","Acute cystitis without hematuria","Moderate-Low","Speculative but biologically plausible connections","Acute","Typically acute condition or intervention"
"ICD10:N10","Acute pyelonephritis","Unlikely","No clear association with long COVID","Acute","Typically acute condition or intervention"
"ICD10:B37.41","Certain infectious and parasitic diseases (B37.41)","Unlikely","No clear association with long COVID","Acute","Typically acute condition or intervention"
"ICD10:N11.1","Chronic tubulo-interstitial nephritis (N11.1)","Unlikely","No clear association with long COVID","Chronic","Inherently chronic condition or long-term management required"
"ICD10:N11.9","Chronic tubulo-interstitial nephritis (N11.9)","Unlikely","No clear association with long COVID","Chronic","Inherently chronic condition or long-term management required"
"ICD10:N30.91","Cystitis, unspecified with hematuria","Moderate-Low","Speculative but biologically plausible connections","Variable","Can be acute or chronic depending on context"
"ICD10:N30.90","Cystitis, unspecified without hematuria","Moderate-Low","Speculative but biologically plausible connections","Variable","Can be acute or chronic depending on context"
"ICD10:A54.01","Certain infectious and parasitic diseases (A54.01)","Unlikely","No clear association with long COVID","Acute","Typically acute condition or intervention"
"ICD10:O23.12","Pregnancy, childbirth and the puerperium (O23.12)","Unlikely","No clear association with long COVID","Acute","Typically acute condition or intervention"
"ICD10:O23.03","Pregnancy, childbirth and the puerperium (O23.03)","Unlikely","No clear association with long COVID","Acute","Typically acute condition or intervention"
"ICD10:O23.00","Pregnancy, childbirth and the puerperium (O23.00)","Unlikely","No clear association with long COVID","Acute","Typically acute condition or intervention"
"ICD10:N30.10","Interstitial cystitis (chronic) without hematuria","Moderate-Low","Speculative but biologically plausible connections","Chronic","Inherently chronic condition or long-term management required"
"ICD10:N30.40","Irradiation cystitis without hematuria","Moderate-Low","Speculative but biologically plausible connections","Variable","Can be acute or chronic depending on context"
"ICD10:N34.1","Diseases of the genitourinary system (N34.1)","Unlikely","No clear association with long COVID","Variable","Can be acute or chronic depending on context"
"ICD10:N30.21","Other chronic cystitis with hematuria","Moderate-Low","Speculative but biologically plausible connections","Chronic","Inherently chronic condition or long-term management required"
"ICD10:N30.20","Other chronic cystitis without hematuria","Moderate-Low","Speculative but biologically plausible connections","Chronic","Inherently chronic condition or long-term management required"
"ICD10:N34.2","Diseases of the genitourinary system (N34.2)","Unlikely","No clear association with long COVID","Variable","Can be acute or chronic depending on context"
"ICD10:B37.49","Certain infectious and parasitic diseases (B37.49)","Unlikely","No clear association with long COVID","Acute","Typically acute condition or intervention"
"ICD10:N13.6","Diseases of the genitourinary system (N13.6)","Unlikely","No clear association with long COVID","Variable","Can be acute or chronic depending on context"
"ICD10:N15.1","Diseases of the genitourinary system (N15.1)","Unlikely","No clear association with long COVID","Variable","Can be acute or chronic depending on context"
"ICD10:N12","Diseases of the genitourinary system (N12)","Unlikely","No clear association with long COVID","Variable","Can be acute or chronic depending on context"
"ICD10:O23.41","Pregnancy, childbirth and the puerperium (O23.41)","Unlikely","No clear association with long COVID","Acute","Typically acute condition or intervention"
"ICD10:O23.42","Pregnancy, childbirth and the puerperium (O23.42)","Unlikely","No clear association with long COVID","Acute","Typically acute condition or intervention"
"ICD10:O23.43","Pregnancy, childbirth and the puerperium (O23.43)","Unlikely","No clear association with long COVID","Acute","Typically acute condition or intervention"
"ICD10:O23.40","Pregnancy, childbirth and the puerperium (O23.40)","Unlikely","No clear association with long COVID","Acute","Typically acute condition or intervention"
"ICD10:O86.20","Pregnancy, childbirth and the puerperium (O86.20)","Unlikely","No clear association with long COVID","Acute","Typically acute condition or intervention"
"ICD10:N39.0","Urinary tract infection, site not specified","Moderate-Low","Speculative but biologically plausible connections","Variable","Can be acute or chronic depending on context"
"ICD10:R10.817","Generalized abdominal tenderness","Low","Possible association based on systemic inflammation patterns","Can-be-Chronic","Symptom/condition that can become chronic if persistent"
"ICD10:R10.827","Generalized rebound abdominal tenderness","Low","Possible association based on systemic inflammation patterns","Can-be-Chronic","Symptom/condition that can become chronic if persistent"
"ICD10:R94.02","Abnormal phonocardiogram","Low","Possible association based on systemic inflammation patterns","Variable","Can be acute or chronic depending on context"
"ICD10:R88.8","Abnormal findings in other body fluids and substances (R88.8)","Low","Possible association based on systemic inflammation patterns","Variable","Can be acute or chronic depending on context"
"ICD10:R79.83","Abnormal findings of blood amino-acid level","Low","Possible association based on systemic inflammation patterns","Variable","Can be acute or chronic depending on context"
"ICD10:R93.89","Abnormal findings on diagnostic imaging of other body structures (R93.89)","Low","Possible association based on systemic inflammation patterns","Variable","Can be acute or chronic depending on context"
"ICD10:R87.7","Abnormal findings in specimens from female genital organs (R87.7)","Low","Possible association based on systemic inflammation patterns","Variable","Can be acute or chronic depending on context"
"ICD10:R83.2","Abnormal findings in cerebrospinal fluid (R83.2)","Low","Possible association based on systemic inflammation patterns","Variable","Can be acute or chronic depending on context"
"ICD10:R89.5","Abnormal findings in specimens from other organs, systems and tissues (R89.5)","Low","Possible association based on systemic inflammation patterns","Variable","Can be acute or chronic depending on context"
"ICD10:R70.1","Abnormal plasma viscosity","Low","Possible association based on systemic inflammation patterns","Variable","Can be acute or chronic depending on context"
"ICD10:R93.41","Abnormal findings on diagnostic imaging of other body structures (R93.41)","Low","Possible association based on systemic inflammation patterns","Variable","Can be acute or chronic depending on context"
"ICD10:R93.421","Abnormal findings on diagnostic imaging of other body structures (R93.421)","Low","Possible association based on systemic inflammation patterns","Variable","Can be acute or chronic depending on context"
"ICD10:R93.429","Abnormal findings on diagnostic imaging of other body structures (R93.429)","Low","Possible association based on systemic inflammation patterns","Variable","Can be acute or chronic depending on context"
"ICD10:R94.130","Abnormal kidney function study","Low","Possible association based on systemic inflammation patterns","Variable","Can be acute or chronic depending on context"
"ICD10:R94.121","Abnormal pulmonary function study NOS","Low","Possible association based on systemic inflammation patterns","Variable","Can be acute or chronic depending on context"
"ICD10:R77.0","Abnormality of albumin","Low","Possible association based on systemic inflammation patterns","Variable","Can be acute or chronic depending on context"
"ICD10:R97.20","Abnormal tumor markers (R97.20)","Low","Possible association based on systemic inflammation patterns","Variable","Can be acute or chronic depending on context"
"ICD10:R74.02","Elevation of levels of lactic acid dehydrogenase","Low","Possible association based on systemic inflammation patterns","Variable","Can be acute or chronic depending on context"
"ICD10:R74.01","Elevation of levels of liver transaminase levels","Low","Possible association based on systemic inflammation patterns","Variable","Can be acute or chronic depending on context"
"ICD10:R85.613","Abnormal findings in specimens from female genital organs (R85.613)","Low","Possible association based on systemic inflammation patterns","Variable","Can be acute or chronic depending on context"
"ICD10:R73.03","Prediabetes","Low","Possible association based on systemic inflammation patterns","Variable","Can be acute or chronic depending on context"
"ICD10:R97.21","Abnormal tumor markers (R97.21)","Low","Possible association based on systemic inflammation patterns","Variable","Can be acute or chronic depending on context"
"ICD10:I26.94","Multiple subsegmental pulmonary emboli without acute cor pulmonale","Moderate","Emerging evidence or plausible systemic associations","Acute","Typically acute condition or intervention"
"ICD10:I26.93","Single subsegmental pulmonary embolism without acute cor pulmonale","Moderate","Emerging evidence or plausible systemic associations","Acute","Typically acute condition or intervention"
"ICD10:F10.180","Alcohol use, unspecified with alcohol-induced anxiety disorder","Low","Possible association based on systemic inflammation patterns","Variable","Can be acute or chronic depending on context"
"ICD10:F40.248","Other specified phobia","Low","Possible association based on systemic inflammation patterns","Variable","Can be acute or chronic depending on context"
"ICD10:K80.31","Calculus of bile duct without cholangitis or cholecystitis, with obstruction","Low","Possible association based on systemic inflammation patterns","Acute","Typically acute condition or intervention"
"ICD10:K80.63","Calculus of gallbladder and bile duct without cholangitis or cholecystitis, with acute cholecystitis, with obstruction","Low","Possible association based on systemic inflammation patterns","Acute","Typically acute condition or intervention"
"ICD10:K80.60","Calculus of gallbladder and bile duct without cholangitis or cholecystitis, without obstruction","Low","Possible association based on systemic inflammation patterns","Acute","Typically acute condition or intervention"
"ICD10:K83.09","Other cholangitis","Low","Possible association based on systemic inflammation patterns","Acute","Typically acute condition or intervention"
"ICD10:H53.042","Scotoma involving central area, left eye","Moderate-High","Well-documented secondary long COVID symptoms","Chronic","Inherently chronic condition or long-term management required"
"ICD10:H54.42A5","Blindness, right eye, category 5","Low","Possible association based on systemic inflammation patterns","Variable","Can be acute or chronic depending on context"
"ICD10:H54.1132","Blindness, left eye, low vision right eye, category 2","Low","Possible association based on systemic inflammation patterns","Variable","Can be acute or chronic depending on context"
"ICD10:H54.414A","Legal blindness, as defined in USA, right eye, category 5","Low","Possible association based on systemic inflammation patterns","Variable","Can be acute or chronic depending on context"
"ICD10:H54.52A1","Low vision, left eye, category 1","Low","Possible association based on systemic inflammation patterns","Variable","Can be acute or chronic depending on context"
"ICD10:H54.511A","Low vision, right eye, category 1","Low","Possible association based on systemic inflammation patterns","Variable","Can be acute or chronic depending on context"
"ICD10:H53.421","Diplopia","Moderate-High","Well-documented secondary long COVID symptoms","Chronic","Inherently chronic condition or long-term management required"
"ICD10:H53.132","Bilateral visual field defect, homonymous bilateral quadrantanopia","Moderate-High","Well-documented secondary long COVID symptoms","Chronic","Inherently chronic condition or long-term management required"
"ICD10:H53.009","Unspecified amblyopia, unspecified eye","Moderate-High","Well-documented secondary long COVID symptoms","Chronic","Inherently chronic condition or long-term management required"
"ICD10:H53.50","Unspecified color vision deficiencies","Moderate-High","Well-documented secondary long COVID symptoms","Chronic","Inherently chronic condition or long-term management required"
"ICD10:H53.15","Visual field defect, unspecified","Moderate-High","Well-documented secondary long COVID symptoms","Chronic","Inherently chronic condition or long-term management required"
"ICD10:I48.20","Chronic atrial fibrillation, unspecified","Moderate-High","Well-documented secondary long COVID symptoms","Chronic","Inherently chronic condition or long-term management required"
"ICD10:I48.11","Longstanding persistent atrial fibrillation","Moderate-High","Well-documented secondary long COVID symptoms","Chronic","Inherently chronic condition or long-term management required"
"ICD10:I48.19","Other persistent atrial fibrillation","Moderate-High","Well-documented secondary long COVID symptoms","Chronic","Inherently chronic condition or long-term management required"
"ICD10:I47.29","Other ventricular tachycardia","Moderate-High","Well-documented secondary long COVID symptoms","Can-be-Chronic","Symptom/condition that can become chronic if persistent"
"ICD10:I47.21","Torsades de pointes","Moderate-High","Well-documented secondary long COVID symptoms","Can-be-Chronic","Symptom/condition that can become chronic if persistent"
"ICD10:I47.20","Ventricular tachycardia, unspecified","Moderate-High","Well-documented secondary long COVID symptoms","Can-be-Chronic","Symptom/condition that can become chronic if persistent"
"ICD10:F32.A","Depression, unspecified","Moderate-High","Well-documented secondary long COVID symptoms","Chronic","Inherently chronic condition or long-term management required"
"ICD10:F32.89","Other specified depressive episodes","Moderate-High","Well-documented secondary long COVID symptoms","Chronic","Inherently chronic condition or long-term management required"
"ICD10:F53.0","Postpartum depression","Low","Possible association based on systemic inflammation patterns","Variable","Can be acute or chronic depending on context"
"ICD10:F32.81","Premenstrual dysphoric disorder","Moderate-High","Well-documented secondary long COVID symptoms","Chronic","Inherently chronic condition or long-term management required"
"ICD10:E08.49","Diabetes mellitus due to underlying condition with hypoglycemia without coma","Low","Possible association based on systemic inflammation patterns","Variable","Can be acute or chronic depending on context"
"ICD10:O24.415","Gestational diabetes mellitus in pregnancy, controlled by oral hypoglycemic drugs","Low","Possible association based on systemic inflammation patterns","Acute","Typically acute condition or intervention"
"ICD10:O24.311","Unspecified pre-existing diabetes mellitus in pregnancy, first trimester","Low","Possible association based on systemic inflammation patterns","Acute","Typically acute condition or intervention"
"ICD10:E11.10","Type 2 diabetes mellitus with ketoacidosis without coma","Low","Possible association based on systemic inflammation patterns","Chronic","Inherently chronic condition or long-term management required"
"ICD10:E78.41","Elevated Lipoprotein(a)","Low","Possible association based on systemic inflammation patterns","Chronic","Inherently chronic condition or long-term management required"
"ICD10:E78.01","Familial hypercholesterolemia","Low","Possible association based on systemic inflammation patterns","Chronic","Inherently chronic condition or long-term management required"
"ICD10:E78.49","Other hyperlipidemia","Low","Possible association based on systemic inflammation patterns","Chronic","Inherently chronic condition or long-term management required"
"ICD10:E78.00","Pure hypercholesterolemia, unspecified","Low","Possible association based on systemic inflammation patterns","Chronic","Inherently chronic condition or long-term management required"
"ICD10:K20.91","Esophagitis, unspecified with bleeding","Low","Possible association based on systemic inflammation patterns","Variable","Can be acute or chronic depending on context"
"ICD10:K20.90","Esophagitis, unspecified without bleeding","Low","Possible association based on systemic inflammation patterns","Variable","Can be acute or chronic depending on context"
"ICD10:K21.01","Gastro-esophageal reflux disease with esophagitis","Low","Possible association based on systemic inflammation patterns","Chronic","Inherently chronic condition or long-term management required"
"ICD10:K21.00","Gastro-esophageal reflux disease without esophagitis","Low","Possible association based on systemic inflammation patterns","Chronic","Inherently chronic condition or long-term management required"
"ICD10:K22.89","Other specified diseases of esophagus","Low","Possible association based on systemic inflammation patterns","Variable","Can be acute or chronic depending on context"
"ICD10:E87.20","Acidosis, unspecified","Moderate-Low","Speculative but biologically plausible connections","Can-be-Chronic","Symptom/condition that can become chronic if persistent"
"ICD10:E87.29","Other acidosis","Moderate-Low","Speculative but biologically plausible connections","Can-be-Chronic","Symptom/condition that can become chronic if persistent"
"ICD10:R82.71","Abnormal echocardiogram","Low","Possible association based on systemic inflammation patterns","Variable","Can be acute or chronic depending on context"
"ICD10:R39.82","Chronic bladder pain","Unlikely","No clear association with long COVID","Chronic","Inherently chronic condition or long-term management required"
"ICD10:R82.994","Hypocitraturia","Low","Possible association based on systemic inflammation patterns","Variable","Can be acute or chronic depending on context"
"ICD10:R82.992","Hyperoxaluria","Low","Possible association based on systemic inflammation patterns","Variable","Can be acute or chronic depending on context"
"ICD10:R82.991","Hypocitraturia","Low","Possible association based on systemic inflammation patterns","Variable","Can be acute or chronic depending on context"
"ICD10:R82.998","Other abnormal findings in urine","Low","Possible association based on systemic inflammation patterns","Variable","Can be acute or chronic depending on context"
"ICD10:R39.198","Other difficulties with micturition","Unlikely","No clear association with long COVID","Variable","Can be acute or chronic depending on context"
"ICD10:R35.89","Other polyuria","Moderate-Low","Speculative but biologically plausible connections","Can-be-Chronic","Symptom/condition that can become chronic if persistent"
"ICD10:R82.81","Pyuria","Low","Possible association based on systemic inflammation patterns","Variable","Can be acute or chronic depending on context"
"ICD10:G44.86","Primary stabbing headache","Moderate","Emerging evidence or plausible systemic associations","Chronic","Inherently chronic condition or long-term management required"
"ICD10:G44.82","Headache associated with sexual activity","Moderate","Emerging evidence or plausible systemic associations","Chronic","Inherently chronic condition or long-term management required"
"ICD10:R51.0","Headache with orthostatic component, not elsewhere classified","Moderate","Emerging evidence or plausible systemic associations","Can-be-Chronic","Symptom/condition that can become chronic if persistent"
"ICD10:R51.9","Headache, unspecified","Moderate","Emerging evidence or plausible systemic associations","Can-be-Chronic","Symptom/condition that can become chronic if persistent"
"ICD10:G44.84","Primary exertional headache","Moderate","Emerging evidence or plausible systemic associations","Chronic","Inherently chronic condition or long-term management required"
"ICD10:H90.A12","Conductive hearing loss, unilateral, left ear with restricted hearing on the contralateral side","Moderate","Emerging evidence or plausible systemic associations","Chronic","Inherently chronic condition or long-term management required"
"ICD10:H90.A32","Mixed conductive and sensorineural hearing loss, unilateral, left ear, with restricted hearing on the contralateral side","Moderate","Emerging evidence or plausible systemic associations","Chronic","Inherently chronic condition or long-term management required"
"ICD10:H90.A31","Mixed conductive and sensorineural hearing loss, unilateral, right ear, with restricted hearing on the contralateral side","Moderate","Emerging evidence or plausible systemic associations","Chronic","Inherently chronic condition or long-term management required"
"ICD10:H91.09","Ototoxic hearing loss, unspecified ear","Moderate","Emerging evidence or plausible systemic associations","Chronic","Inherently chronic condition or long-term management required"
"ICD10:H90.A22","Sensorineural hearing loss, unilateral, left ear, with restricted hearing on the contralateral side","Moderate","Emerging evidence or plausible systemic associations","Chronic","Inherently chronic condition or long-term management required"
"ICD10:H90.A21","Sensorineural hearing loss, unilateral, right ear, with restricted hearing on the contralateral side","Moderate","Emerging evidence or plausible systemic associations","Chronic","Inherently chronic condition or long-term management required"
"ICD10:I50.813","Acute on chronic right heart failure","Moderate","Emerging evidence or plausible systemic associations","Chronic","Inherently chronic condition or long-term management required"
"ICD10:I50.82","Biventricular heart failure","Moderate","Emerging evidence or plausible systemic associations","Chronic","Inherently chronic condition or long-term management required"
"ICD10:I50.810","Right heart failure, unspecified","Moderate","Emerging evidence or plausible systemic associations","Chronic","Inherently chronic condition or long-term management required"
"ICD10:R31.21","Asymptomatic microscopic hematuria","Low","Possible association based on systemic inflammation patterns","Can-be-Chronic","Symptom/condition that can become chronic if persistent"
"ICD10:R31.29","Other microscopic hematuria","Low","Possible association based on systemic inflammation patterns","Can-be-Chronic","Symptom/condition that can become chronic if persistent"
"ICD10:D80.6","Antibody deficiency with near-normal immunoglobulins or with hyperimmunoglobulinemia","Moderate","Emerging evidence or plausible systemic associations","Chronic","Inherently chronic condition or long-term management required"
"ICD10:D89.831","Cytokine release syndrome, grade 1","Moderate","Emerging evidence or plausible systemic associations","Chronic","Inherently chronic condition or long-term management required"
"ICD10:D89.832","Cytokine release syndrome, grade 2","Moderate","Emerging evidence or plausible systemic associations","Chronic","Inherently chronic condition or long-term management required"
"ICD10:D89.833","Cytokine release syndrome, grade 3","Moderate","Emerging evidence or plausible systemic associations","Chronic","Inherently chronic condition or long-term management required"
"ICD10:D89.839","Cytokine release syndrome, grade unspecified","Moderate","Emerging evidence or plausible systemic associations","Chronic","Inherently chronic condition or long-term management required"
"ICD10:D89.44","Hereditary alpha tryptasemia","Moderate","Emerging evidence or plausible systemic associations","Chronic","Inherently chronic condition or long-term management required"
"ICD10:D80.0","Hereditary hypogammaglobulinemia","Moderate","Emerging evidence or plausible systemic associations","Chronic","Inherently chronic condition or long-term management required"
"ICD10:D84.81","Immunodeficiency due to conditions classified elsewhere","Moderate","Emerging evidence or plausible systemic associations","Chronic","Inherently chronic condition or long-term management required"
"ICD10:D84.821","Immunodeficiency due to drugs","Moderate","Emerging evidence or plausible systemic associations","Chronic","Inherently chronic condition or long-term management required"
"ICD10:D84.89","Other immunodeficiencies","Moderate","Emerging evidence or plausible systemic associations","Chronic","Inherently chronic condition or long-term management required"
"ICD10:I42.4","Endocardial fibroelastosis","Moderate-Low","Speculative but biologically plausible connections","Chronic","Inherently chronic condition or long-term management required"
"ICD10:B33.20","Viral carditis, unspecified","Moderate","Emerging evidence or plausible systemic associations","Variable","Can be acute or chronic depending on context"
"ICD10:R11.15","Cyclical vomiting syndrome","Moderate","Emerging evidence or plausible systemic associations","Can-be-Chronic","Symptom/condition that can become chronic if persistent"
"ICD10:G90.522","Complex regional pain syndrome II of lower limb","Moderate","Emerging evidence or plausible systemic associations","Chronic","Inherently chronic condition or long-term management required"
"ICD10:G90.59","Complex regional pain syndrome II, unspecified","Moderate","Emerging evidence or plausible systemic associations","Chronic","Inherently chronic condition or long-term management required"
"ICD10:G90.529","Complex regional pain syndrome II, unspecified limb","Moderate","Emerging evidence or plausible systemic associations","Chronic","Inherently chronic condition or long-term management required"
"ICD10:G90.50","Complex regional pain syndrome I, unspecified","Moderate","Emerging evidence or plausible systemic associations","Chronic","Inherently chronic condition or long-term management required"
"ICD10:R40.2352","Coma scale, best verbal response, inappropriate words, at arrival to emergency department","Low","Possible association based on systemic inflammation patterns","Variable","Can be acute or chronic depending on context"
"ICD10:R40.2212","Coma scale, eyes open, to pain, at arrival to emergency department","Low","Possible association based on systemic inflammation patterns","Variable","Can be acute or chronic depending on context"
"ICD10:R40.2430","Coma scale, best motor response, flexion withdrawal, unspecified time","Low","Possible association based on systemic inflammation patterns","Variable","Can be acute or chronic depending on context"
"ICD10:R41.843","Psychomotor deficit","Moderate","Emerging evidence or plausible systemic associations","Can-be-Chronic","Symptom/condition that can become chronic if persistent"
"ICD10:L97.322","Non-pressure chronic ulcer of left ankle with fat layer exposed","Moderate-Low","Speculative but biologically plausible connections","Chronic","Inherently chronic condition or long-term management required"
"ICD10:L97.328","Non-pressure chronic ulcer of left ankle with other specified severity","Moderate-Low","Speculative but biologically plausible connections","Chronic","Inherently chronic condition or long-term management required"
"ICD10:L97.121","Non-pressure chronic ulcer of right thigh limited to skin breakdown","Moderate-Low","Speculative but biologically plausible connections","Chronic","Inherently chronic condition or long-term management required"
"ICD10:L97.526","Non-pressure chronic ulcer of left heel and midfoot with bone involvement without evidence of necrosis","Moderate-Low","Speculative but biologically plausible connections","Chronic","Inherently chronic condition or long-term management required"
"ICD10:L97.528","Non-pressure chronic ulcer of left heel and midfoot with other specified severity","Moderate-Low","Speculative but biologically plausible connections","Chronic","Inherently chronic condition or long-term management required"
"ICD10:L97.828","Non-pressure chronic ulcer of left calf with other specified severity","Moderate-Low","Speculative but biologically plausible connections","Chronic","Inherently chronic condition or long-term management required"
"ICD10:L97.518","Non-pressure chronic ulcer of other part of right foot with other specified severity","Moderate-Low","Speculative but biologically plausible connections","Chronic","Inherently chronic condition or long-term management required"
"ICD10:L97.818","Non-pressure chronic ulcer of other part of left lower leg with other specified severity","Moderate-Low","Speculative but biologically plausible connections","Chronic","Inherently chronic condition or long-term management required"
"ICD10:L98.495","Non-pressure chronic ulcer of skin of other sites with muscle involvement without evidence of necrosis","Moderate-Low","Speculative but biologically plausible connections","Chronic","Inherently chronic condition or long-term management required"
"ICD10:L98.493","Non-pressure chronic ulcer of skin of other sites with necrosis of bone","Moderate-Low","Speculative but biologically plausible connections","Chronic","Inherently chronic condition or long-term management required"
"ICD10:L97.901","Non-pressure chronic ulcer of unspecified part of unspecified lower leg limited to breakdown of skin","Moderate-Low","Speculative but biologically plausible connections","Chronic","Inherently chronic condition or long-term management required"
"ICD10:E51.11","Dry beriberi","Moderate","Emerging evidence or plausible systemic associations","Variable","Can be acute or chronic depending on context"
"ICD10:E55.0","Rickets, active","Moderate","Emerging evidence or plausible systemic associations","Variable","Can be acute or chronic depending on context"
"ICD10:R62.0","Delayed milestone in childhood","Moderate-Low","Speculative but biologically plausible connections","Can-be-Chronic","Symptom/condition that can become chronic if persistent"
"ICD10:R63.30","Feeding difficulties, unspecified","Moderate-Low","Speculative but biologically plausible connections","Can-be-Chronic","Symptom/condition that can become chronic if persistent"
"ICD10:R68.12","Fussy infant (baby)","Moderate","Emerging evidence or plausible systemic associations","Can-be-Chronic","Symptom/condition that can become chronic if persistent"
"ICD10:R63.39","Other feeding difficulties","Moderate-Low","Speculative but biologically plausible connections","Can-be-Chronic","Symptom/condition that can become chronic if persistent"
"ICD10:R68.19","Other nonspecific symptoms peculiar to infancy","Moderate","Emerging evidence or plausible systemic associations","Can-be-Chronic","Symptom/condition that can become chronic if persistent"
"ICD10:G32.81","Cerebellar ataxia in diseases classified elsewhere","Moderate","Emerging evidence or plausible systemic associations","Chronic","Inherently chronic condition or long-term management required"
"ICD10:G96.00","Cerebrospinal fluid leak, unspecified","Moderate","Emerging evidence or plausible systemic associations","Chronic","Inherently chronic condition or long-term management required"
"ICD10:G96.9","Disorder of central nervous system, unspecified","Moderate","Emerging evidence or plausible systemic associations","Chronic","Inherently chronic condition or long-term management required"
"ICD10:G96.12","Meningeal adhesions (cerebral) (spinal)","Moderate","Emerging evidence or plausible systemic associations","Chronic","Inherently chronic condition or long-term management required"
"ICD10:G93.32","Myalgic encephalomyelitis/chronic fatigue syndrome","Moderate","Emerging evidence or plausible systemic associations","Chronic","Inherently chronic condition or long-term management required"
"ICD10:G96.08","Other cranial cerebrospinal fluid leak","Moderate","Emerging evidence or plausible systemic associations","Chronic","Inherently chronic condition or long-term management required"
"ICD10:G96.198","Other disorders of meninges, not elsewhere classified","Moderate","Emerging evidence or plausible systemic associations","Chronic","Inherently chronic condition or long-term management required"
"ICD10:G98.8","Other disorders of nervous system","Moderate","Emerging evidence or plausible systemic associations","Chronic","Inherently chronic condition or long-term management required"
"ICD10:G93.39","Other post-infection and related fatigue syndromes","Moderate","Emerging evidence or plausible systemic associations","Chronic","Inherently chronic condition or long-term management required"
"ICD10:G25.69","Other tics of organic origin","Moderate","Emerging evidence or plausible systemic associations","Chronic","Inherently chronic condition or long-term management required"
"ICD10:G90.A","Postural orthostatic tachycardia syndrome","Moderate","Emerging evidence or plausible systemic associations","Chronic","Inherently chronic condition or long-term management required"
"ICD10:G93.31","Postviral fatigue syndrome","Moderate","Emerging evidence or plausible systemic associations","Chronic","Inherently chronic condition or long-term management required"
"ICD10:G32.0","Subacute combined degeneration of spinal cord in diseases classified elsewhere","Moderate","Emerging evidence or plausible systemic associations","Chronic","Inherently chronic condition or long-term management required"
"ICD10:G21.4","Vascular parkinsonism","Moderate","Emerging evidence or plausible systemic associations","Chronic","Inherently chronic condition or long-term management required"
"ICD10:I77.82","Thoracic outlet syndrome","Moderate-Low","Speculative but biologically plausible connections","Variable","Can be acute or chronic depending on context"
"ICD10:K59.04","Anal spasm","Moderate","Emerging evidence or plausible systemic associations","Variable","Can be acute or chronic depending on context"
"ICD10:K59.03","Megacolon, not elsewhere classified","Moderate","Emerging evidence or plausible systemic associations","Variable","Can be acute or chronic depending on context"
"ICD10:K58.1","Irritable bowel syndrome with constipation","Moderate-Low","Speculative but biologically plausible connections","Chronic","Inherently chronic condition or long-term management required"
"ICD10:K90.49","Malabsorption due to intolerance, not elsewhere classified","Moderate-Low","Speculative but biologically plausible connections","Chronic","Inherently chronic condition or long-term management required"
"ICD10:K58.2","Mixed irritable bowel syndrome","Moderate-Low","Speculative but biologically plausible connections","Chronic","Inherently chronic condition or long-term management required"
"ICD10:K90.41","Non-celiac gluten sensitivity","Moderate-Low","Speculative but biologically plausible connections","Chronic","Inherently chronic condition or long-term management required"
"ICD10:K58.8","Other irritable bowel syndrome","Moderate-Low","Speculative but biologically plausible connections","Chronic","Inherently chronic condition or long-term management required"
"ICD10:D75.A","Glucose-6-phosphate dehydrogenase (G6PD) deficiency without anemia","Moderate-Low","Speculative but biologically plausible connections","Variable","Can be acute or chronic depending on context"
"ICD10:K74.00","Hepatic fibrosis, unspecified","Moderate-Low","Speculative but biologically plausible connections","Chronic","Inherently chronic condition or long-term management required"
"ICD10:J82.81","Chronic eosinophilic pneumonia","Moderate-Low","Speculative but biologically plausible connections","Chronic","Inherently chronic condition or long-term management required"
"ICD10:L98.7","Excessive and redundant skin and subcutaneous tissue","Moderate-Low","Speculative but biologically plausible connections","Can-be-Chronic","Symptom/condition that can become chronic if persistent"
"ICD10:L74.3","Miliaria, unspecified","Moderate-Low","Speculative but biologically plausible connections","Variable","Can be acute or chronic depending on context"
"ICD10:L72.8","Other follicular cysts of skin and subcutaneous tissue","Moderate-Low","Speculative but biologically plausible connections","Variable","Can be acute or chronic depending on context"
"ICD10:L94.3","Sclerodactyly","Moderate-Low","Speculative but biologically plausible connections","Variable","Can be acute or chronic depending on context"
"ICD10:L90.6","Striae atrophicae","Moderate-Low","Speculative but biologically plausible connections","Variable","Can be acute or chronic depending on context"
"ICD10:L67.1","Variations in hair color","Moderate-Low","Speculative but biologically plausible connections","Variable","Can be acute or chronic depending on context"
"ICD10:J11.08","Influenza due to other identified influenza virus with specified pneumonia","Moderate-Low","Speculative but biologically plausible connections","Variable","Can be acute or chronic depending on context"
"ICD10:J15.5","Pneumonia due to Escherichia coli","Moderate-Low","Speculative but biologically plausible connections","Variable","Can be acute or chronic depending on context"
"ICD10:G61.82","Multifocal motor neuropathy","Moderate-Low","Speculative but biologically plausible connections","Variable","Can be acute or chronic depending on context"
"ICD10:G61.1","Serum neuropathy","Moderate-Low","Speculative but biologically plausible connections","Variable","Can be acute or chronic depending on context"
"ICD10:K51.518","Left sided colitis with other complication","Moderate-Low","Speculative but biologically plausible connections","Chronic","Inherently chronic condition or long-term management required"
"ICD10:R05.1","Acute cough","High","Core long COVID symptoms with strong evidence","Can-be-Chronic","Symptom/condition that can become chronic if persistent"
"ICD10:R05.3","Chronic cough","High","Core long COVID symptoms with strong evidence","Chronic","Inherently chronic condition or long-term management required"
"ICD10:R05.9","Cough, unspecified","High","Core long COVID symptoms with strong evidence","Can-be-Chronic","Symptom/condition that can become chronic if persistent"
"ICD10:R05.8","Other specified cough","High","Core long COVID symptoms with strong evidence","Can-be-Chronic","Symptom/condition that can become chronic if persistent"
"ICD10:R05.2","Subacute cough","High","Core long COVID symptoms with strong evidence","Can-be-Chronic","Symptom/condition that can become chronic if persistent"
"ICD10:G47.22","Idiopathic hypersomnia with long sleep time","Moderate-High","Well-documented secondary long COVID symptoms","Chronic","Inherently chronic condition or long-term management required"
"ICD10:G47.53","Hypnagogic and hypnopompic hallucinations","Moderate-High","Well-documented secondary long COVID symptoms","Chronic","Inherently chronic condition or long-term management required"
"ICD10:M48.14","Ankylosing hyperostosis [Forestier], thoracic region","Moderate-Low","Speculative but biologically plausible connections","Chronic","Inherently chronic condition or long-term management required"
"ICD10:M50.122","Cervical disc disorder with myelopathy, mid-cervical region","Moderate-Low","Speculative but biologically plausible connections","Chronic","Inherently chronic condition or long-term management required"
"ICD10:M50.123","Cervical disc disorder with myelopathy, cervicothoracic region","Moderate-Low","Speculative but biologically plausible connections","Chronic","Inherently chronic condition or long-term management required"
"ICD10:M50.321","Other cervical disc degeneration, at C4-C5 level","Moderate-Low","Speculative but biologically plausible connections","Chronic","Inherently chronic condition or long-term management required"
"ICD10:M50.322","Other cervical disc degeneration, at C5-C6 level","Moderate-Low","Speculative but biologically plausible connections","Chronic","Inherently chronic condition or long-term management required"
"ICD10:M50.80","Other cervical disc disorders, unspecified cervical region","Moderate-Low","Speculative but biologically plausible connections","Chronic","Inherently chronic condition or long-term management required"
"ICD10:M50.221","Other cervical disc displacement, at C4-C5 level","Moderate-Low","Speculative but biologically plausible connections","Chronic","Inherently chronic condition or long-term management required"
"ICD10:M50.222","Other cervical disc displacement, at C5-C6 level","Moderate-Low","Speculative but biologically plausible connections","Chronic","Inherently chronic condition or long-term management required"
"ICD10:M50.223","Other cervical disc displacement, at C6-C7 level","Moderate-Low","Speculative but biologically plausible connections","Chronic","Inherently chronic condition or long-term management required"
"ICD10:M43.8X4","Other specified deforming dorsopathies, thoracic region","Moderate-Low","Speculative but biologically plausible connections","Variable","Can be acute or chronic depending on context"
"ICD10:M53.80","Other specified dorsopathies, site unspecified","Moderate-Low","Speculative but biologically plausible connections","Variable","Can be acute or chronic depending on context"
"ICD10:M47.892","Other spondylosis, cervical region","Moderate-Low","Speculative but biologically plausible connections","Chronic","Inherently chronic condition or long-term management required"
"ICD10:M53.2X4","Spinal instabilities, thoracic region","Moderate-Low","Speculative but biologically plausible connections","Variable","Can be acute or chronic depending on context"
"ICD10:M48.062","Spinal stenosis, lumbar region with neurogenic claudication","Moderate-Low","Speculative but biologically plausible connections","Chronic","Inherently chronic condition or long-term management required"
"ICD10:M48.061","Spinal stenosis, lumbar region without neurogenic claudication","Moderate-Low","Speculative but biologically plausible connections","Chronic","Inherently chronic condition or long-term management required"
"ICD10:M43.00","Spondylolysis, site unspecified","Moderate-Low","Speculative but biologically plausible connections","Variable","Can be acute or chronic depending on context"
"ICD10:M49.80","Spondylopathy in diseases classified elsewhere, site unspecified","Moderate-Low","Speculative but biologically plausible connections","Variable","Can be acute or chronic depending on context"
"ICD10:R45.7","State of emotional shock and stress, unspecified","Moderate-High","Well-documented secondary long COVID symptoms","Can-be-Chronic","Symptom/condition that can become chronic if persistent"
"ICD10:R45.82","Worries","Moderate-High","Well-documented secondary long COVID symptoms","Can-be-Chronic","Symptom/condition that can become chronic if persistent"
"ICD10:E06.2","Chronic thyroiditis with transient thyrotoxicosis","Moderate","Emerging evidence or plausible systemic associations","Chronic","Inherently chronic condition or long-term management required"
"ICD10:E06.5","Other chronic thyroiditis","Moderate","Emerging evidence or plausible systemic associations","Chronic","Inherently chronic condition or long-term management required"
"ICD10:E05.31","Thyrotoxicosis from ectopic thyroid nodule with thyrotoxic crisis or storm","Moderate","Emerging evidence or plausible systemic associations","Chronic","Inherently chronic condition or long-term management required"
"ICD10:N30.41","Irradiation cystitis with hematuria","Moderate-Low","Speculative but biologically plausible connections","Variable","Can be acute or chronic depending on context"
"ICD10:N11.8","Other chronic tubulo-interstitial nephritis","Low","Possible association based on systemic inflammation patterns","Chronic","Inherently chronic condition or long-term management required"
"ICD10:Z45.010","Encounter for checking and testing of cardiac pacemaker pulse generator [battery]","Low","Possible association based on systemic inflammation patterns","Acute","Typically acute condition or intervention"
"ICD10:G90.511","Complex regional pain syndrome I of upper limb","Moderate","Emerging evidence or plausible systemic associations","Chronic","Inherently chronic condition or long-term management required"
"ICD10:R04.9","Other specified abnormal findings (R04)","Low","Possible association based on systemic inflammation patterns","Can-be-Chronic","Symptom/condition that can become chronic if persistent"
"ICD10:N30.80","Other cystitis without hematuria","Moderate-Low","Speculative but biologically plausible connections","Variable","Can be acute or chronic depending on context"
"ICD10:R10.823","Right lower quadrant rebound abdominal tenderness","Low","Possible association based on systemic inflammation patterns","Variable","Can be acute or chronic depending on context"
"ICD10:R87.69","Abnormal cytological findings in specimens from other female genital organs","Low","Possible association based on systemic inflammation patterns","Variable","Can be acute or chronic depending on context"
"ICD10:R83.4","Abnormal immunological findings in cerebrospinal fluid","Low","Possible association based on systemic inflammation patterns","Variable","Can be acute or chronic depending on context"
"ICD10:R93.49","Abnormal radiologic findings on diagnostic imaging of other urinary organs","Low","Possible association based on systemic inflammation patterns","Variable","Can be acute or chronic depending on context"
"ICD10:R94.128","Abnormal results of other function studies of ear and other special senses","Low","Possible association based on systemic inflammation patterns","Variable","Can be acute or chronic depending on context"
"ICD10:R93.9","Diagnostic imaging inconclusive due to excess body fat of patient","Low","Possible association based on systemic inflammation patterns","Variable","Can be acute or chronic depending on context"
"ICD10:R78.79","Finding of abnormal level of heavy metals in blood","Low","Possible association based on systemic inflammation patterns","Variable","Can be acute or chronic depending on context"
"ICD10:R78.9","Finding of unspecified substance, not normally found in blood","Low","Possible association based on systemic inflammation patterns","Variable","Can be acute or chronic depending on context"
"ICD10:R90.0","Intracranial space-occupying lesion found on diagnostic imaging of central nervous system","Low","Possible association based on systemic inflammation patterns","Variable","Can be acute or chronic depending on context"
"ICD10:R83.8","Other abnormal findings in cerebrospinal fluid","Low","Possible association based on systemic inflammation patterns","Variable","Can be acute or chronic depending on context"
"ICD10:R85.89","Other abnormal findings in specimens from digestive organs and abdominal cavity","Low","Possible association based on systemic inflammation patterns","Variable","Can be acute or chronic depending on context"
"ICD10:O90.4","Postpartum acute kidney failure","Moderate-Low","Speculative but biologically plausible connections","Acute","Typically acute condition or intervention"
"ICD10:F40.00","Agoraphobia, unspecified","Low","Possible association based on systemic inflammation patterns","Variable","Can be acute or chronic depending on context"
"ICD10:F14.180","Cocaine abuse with cocaine-induced anxiety disorder","Moderate-High","Well-documented secondary long COVID symptoms","Can-be-Chronic","Symptom/condition that can become chronic if persistent"
"ICD10:F93.0","Separation anxiety disorder of childhood","Moderate-High","Well-documented secondary long COVID symptoms","Can-be-Chronic","Symptom/condition that can become chronic if persistent"
"ICD10:K80.45","Calculus of bile duct with chronic cholecystitis with obstruction","Unlikely","No clear association with long COVID","Chronic","Inherently chronic condition or long-term management required"
"ICD10:K80.61","Calculus of gallbladder and bile duct with cholecystitis, unspecified, with obstruction","Unlikely","No clear association with long COVID","Can-be-Chronic","Symptom/condition that can become chronic if persistent"
"ICD10:K87","Disorders of gallbladder, biliary tract and pancreas in diseases classified elsewhere","Unlikely","No clear association with long COVID","Variable","Can be acute or chronic depending on context"
"ICD10:K80.81","Other cholelithiasis with obstruction","Unlikely","No clear association with long COVID","Can-be-Chronic","Symptom/condition that can become chronic if persistent"
"ICD10:K83.01","Primary sclerosing cholangitis","Low","Possible association based on systemic inflammation patterns","Variable","Can be acute or chronic depending on context"
"ICD10:K83.4","Spasm of sphincter of Oddi","Low","Possible association based on systemic inflammation patterns","Variable","Can be acute or chronic depending on context"
"ICD10:H53.61","Abnormal dark adaptation curve","Low","Possible association based on systemic inflammation patterns","Variable","Can be acute or chronic depending on context"
"ICD10:H53.043","Amblyopia suspect, bilateral","Moderate-Low","Speculative but biologically plausible connections","Variable","Can be acute or chronic depending on context"
"ICD10:H53.041","Amblyopia suspect, right eye","Moderate-Low","Speculative but biologically plausible connections","Variable","Can be acute or chronic depending on context"
"ICD10:H54.1152","Blindness right eye category 5, low vision left eye category 2","Moderate-Low","Speculative but biologically plausible connections","Variable","Can be acute or chronic depending on context"
"ICD10:H54.10","Blindness, one eye, low vision other eye, unspecified eyes","Moderate-Low","Speculative but biologically plausible connections","Variable","Can be acute or chronic depending on context"
"ICD10:H53.012","Deprivation amblyopia, left eye","Moderate-Low","Speculative but biologically plausible connections","Variable","Can be acute or chronic depending on context"
"ICD10:H53.011","Deprivation amblyopia, right eye","Moderate-Low","Speculative but biologically plausible connections","Variable","Can be acute or chronic depending on context"
"ICD10:H53.469","Homonymous bilateral field defects, unspecified side","Low","Possible association based on systemic inflammation patterns","Variable","Can be acute or chronic depending on context"
"ICD10:H54.2X12","Low vision right eye category 1, low vision left eye category 2","Moderate-Low","Speculative but biologically plausible connections","Variable","Can be acute or chronic depending on context"
"ICD10:H53.451","Other localized visual field defect, right eye","Moderate-Low","Speculative but biologically plausible connections","Variable","Can be acute or chronic depending on context"
"ICD10:H53.69","Other night blindness","Moderate-Low","Speculative but biologically plausible connections","Variable","Can be acute or chronic depending on context"
"ICD10:H53.023","Refractive amblyopia, bilateral","Moderate-Low","Speculative but biologically plausible connections","Variable","Can be acute or chronic depending on context"
"ICD10:H53.432","Sector or arcuate defects, left eye","Low","Possible association based on systemic inflammation patterns","Variable","Can be acute or chronic depending on context"
"ICD10:H53.033","Strabismic amblyopia, bilateral","Moderate-Low","Speculative but biologically plausible connections","Variable","Can be acute or chronic depending on context"
"ICD10:H53.031","Strabismic amblyopia, right eye","Moderate-Low","Speculative but biologically plausible connections","Variable","Can be acute or chronic depending on context"
"ICD10:I48.21","Permanent atrial fibrillation","Moderate","Emerging evidence or plausible systemic associations","Chronic","Inherently chronic condition or long-term management required"
"ICD10:J43.0","Unilateral pulmonary emphysema [MacLeod's syndrome]","Moderate","Emerging evidence or plausible systemic associations","Chronic","Inherently chronic condition or long-term management required"
"ICD10:I44.60","Unspecified fascicular block","Low","Possible association based on systemic inflammation patterns","Variable","Can be acute or chronic depending on context"
"ICD10:I25.728","Atherosclerosis of autologous artery coronary artery bypass graft(s) with other forms of angina pectoris","Low","Possible association based on systemic inflammation patterns","Variable","Can be acute or chronic depending on context"
"ICD10:I25.708","Atherosclerosis of coronary artery bypass graft(s), unspecified, with other forms of angina pectoris","Low","Possible association based on systemic inflammation patterns","Variable","Can be acute or chronic depending on context"
"ICD10:I25.798","Atherosclerosis of other coronary artery bypass graft(s) with other forms of angina pectoris","Low","Possible association based on systemic inflammation patterns","Variable","Can be acute or chronic depending on context"
"ICD10:F06.32","Mood disorder due to known physiological condition with major depressive-like episode","Moderate-High","Well-documented secondary long COVID symptoms","Can-be-Chronic","Symptom/condition that can become chronic if persistent"
"ICD10:E09.10","Drug or chemical induced diabetes mellitus with ketoacidosis without coma","Moderate","Emerging evidence or plausible systemic associations","Chronic","Inherently chronic condition or long-term management required"
"ICD10:O24.819","Other pre-existing diabetes mellitus in pregnancy, unspecified trimester","Moderate","Emerging evidence or plausible systemic associations","Chronic","Inherently chronic condition or long-term management required"
"ICD10:E13.59","Other specified diabetes mellitus with other circulatory complications","Moderate","Emerging evidence or plausible systemic associations","Chronic","Inherently chronic condition or long-term management required"
"ICD10:E13.29","Other specified diabetes mellitus with other diabetic kidney complication","Moderate","Emerging evidence or plausible systemic associations","Chronic","Inherently chronic condition or long-term management required"
"ICD10:E13.8","Other specified diabetes mellitus with unspecified complications","Moderate","Emerging evidence or plausible systemic associations","Chronic","Inherently chronic condition or long-term management required"
"ICD10:E11.37X9","Type 2 diabetes mellitus with diabetic macular edema, resolved following treatment, unspecified eye","Moderate","Emerging evidence or plausible systemic associations","Chronic","Inherently chronic condition or long-term management required"
"ICD10:E08.42","Diabetes mellitus due to underlying condition with diabetic polyneuropathy","Moderate","Emerging evidence or plausible systemic associations","Chronic","Inherently chronic condition or long-term management required"
"ICD10:E11.41","Type 2 diabetes mellitus with diabetic mononeuropathy","Moderate","Emerging evidence or plausible systemic associations","Chronic","Inherently chronic condition or long-term management required"
"ICD10:E13.22","Other specified diabetes mellitus with diabetic chronic kidney disease","Moderate","Emerging evidence or plausible systemic associations","Chronic","Inherently chronic condition or long-term management required"
"ICD10:K22.81","Esophageal polyp","Low","Possible association based on systemic inflammation patterns","Variable","Can be acute or chronic depending on context"
"ICD10:K20.80","Other esophagitis without bleeding","Low","Possible association based on systemic inflammation patterns","Variable","Can be acute or chronic depending on context"
"ICD10:E87.21","Acute metabolic acidosis","Low","Possible association based on systemic inflammation patterns","Acute","Typically acute condition or intervention"
"ICD10:R82.993","Hyperuricosuria","Low","Possible association based on systemic inflammation patterns","Variable","Can be acute or chronic depending on context"
"ICD10:R82.89","Other abnormal findings on cytological and histological examination of urine","Low","Possible association based on systemic inflammation patterns","Variable","Can be acute or chronic depending on context"
"ICD10:R82.79","Other abnormal findings on microbiological examination of urine","Low","Possible association based on systemic inflammation patterns","Variable","Can be acute or chronic depending on context"
"ICD10:G43.D0","Abdominal migraine, not intractable","Moderate-High","Well-documented secondary long COVID symptoms","Can-be-Chronic","Symptom/condition that can become chronic if persistent"
"ICD10:G44.021","Chronic cluster headache, intractable","Moderate-High","Well-documented secondary long COVID symptoms","Chronic","Inherently chronic condition or long-term management required"
"ICD10:G44.029","Chronic cluster headache, not intractable","Moderate-High","Well-documented secondary long COVID symptoms","Chronic","Inherently chronic condition or long-term management required"
"ICD10:G43.701","Chronic migraine without aura, not intractable, with status migrainosus","Moderate-High","Well-documented secondary long COVID symptoms","Chronic","Inherently chronic condition or long-term management required"
"ICD10:G43.A0","Cyclical vomiting, in migraine, not intractable","Moderate-High","Well-documented secondary long COVID symptoms","Can-be-Chronic","Symptom/condition that can become chronic if persistent"
"ICD10:G44.211","Episodic tension-type headache, intractable","Moderate-High","Well-documented secondary long COVID symptoms","Can-be-Chronic","Symptom/condition that can become chronic if persistent"
"ICD10:G43.419","Hemiplegic migraine, intractable, without status migrainosus","Moderate-High","Well-documented secondary long COVID symptoms","Can-be-Chronic","Symptom/condition that can become chronic if persistent"
"ICD10:G43.839","Menstrual migraine, intractable, without status migrainosus","Moderate-High","Well-documented secondary long COVID symptoms","Can-be-Chronic","Symptom/condition that can become chronic if persistent"
"ICD10:G43.509","Persistent migraine aura without cerebral infarction, not intractable, without status migrainosus","Moderate-High","Well-documented secondary long COVID symptoms","Chronic","Inherently chronic condition or long-term management required"
"ICD10:P09.6","Abnormal findings on neonatal screening for neonatal hearing loss","Moderate-Low","Speculative but biologically plausible connections","Acute","Typically acute condition or intervention"
"ICD10:H90.A11","Conductive hearing loss, unilateral, right ear with restricted hearing on the contralateral side","Moderate-Low","Speculative but biologically plausible connections","Variable","Can be acute or chronic depending on context"
"ICD10:H91.12","Presbycusis, left ear","Low","Possible association based on systemic inflammation patterns","Variable","Can be acute or chronic depending on context"
"ICD10:I50.811","Acute right heart failure","Moderate","Emerging evidence or plausible systemic associations","Chronic","Inherently chronic condition or long-term management required"
"ICD10:I50.812","Chronic right heart failure","Moderate","Emerging evidence or plausible systemic associations","Chronic","Inherently chronic condition or long-term management required"
"ICD10:I50.84","End stage heart failure","Moderate","Emerging evidence or plausible systemic associations","Chronic","Inherently chronic condition or long-term management required"
"ICD10:I50.83","High output heart failure","Moderate","Emerging evidence or plausible systemic associations","Chronic","Inherently chronic condition or long-term management required"
"ICD10:I50.89","Other heart failure","Moderate","Emerging evidence or plausible systemic associations","Chronic","Inherently chronic condition or long-term management required"
"ICD10:I50.814","Right heart failure due to left heart failure","Moderate","Emerging evidence or plausible systemic associations","Chronic","Inherently chronic condition or long-term management required"
"ICD10:D89.812","Acute on chronic graft-versus-host disease","Low","Possible association based on systemic inflammation patterns","Chronic","Inherently chronic condition or long-term management required"
"ICD10:D84.1","Defects in the complement system","Low","Possible association based on systemic inflammation patterns","Variable","Can be acute or chronic depending on context"
"ICD10:D82.1","Di George's syndrome","Low","Possible association based on systemic inflammation patterns","Variable","Can be acute or chronic depending on context"
"ICD10:D80.5","Immunodeficiency with increased immunoglobulin M [IgM]","Moderate","Emerging evidence or plausible systemic associations","Chronic","Inherently chronic condition or long-term management required"
"ICD10:D89.49","Other mast cell activation disorder","Moderate","Emerging evidence or plausible systemic associations","Variable","Can be acute or chronic depending on context"
"ICD10:D86.3","Sarcoidosis of skin","Moderate-Low","Speculative but biologically plausible connections","Variable","Can be acute or chronic depending on context"
"ICD10:G90.512","Complex regional pain syndrome I of left upper limb","Moderate","Emerging evidence or plausible systemic associations","Can-be-Chronic","Symptom/condition that can become chronic if persistent"
"ICD10:R25.0","Abnormal head movements","Low","Possible association based on systemic inflammation patterns","Variable","Can be acute or chronic depending on context"
"ICD10:R40.2354","Coma scale, best motor response, localizes pain, 24 hours or more after hospital admission","Low","Possible association based on systemic inflammation patterns","Can-be-Chronic","Symptom/condition that can become chronic if persistent"
"ICD10:R40.2243","Coma scale, best verbal response, confused conversation, at hospital admission","Low","Possible association based on systemic inflammation patterns","Variable","Can be acute or chronic depending on context"
"ICD10:R40.2224","Coma scale, best verbal response, incomprehensible words, 24 hours or more after hospital admission","Low","Possible association based on systemic inflammation patterns","Variable","Can be acute or chronic depending on context"
"ICD10:R40.2132","Coma scale, eyes open, to sound, at arrival to emergency department","Low","Possible association based on systemic inflammation patterns","Variable","Can be acute or chronic depending on context"
"ICD10:R47.82","Fluency disorder in conditions classified elsewhere","Low","Possible association based on systemic inflammation patterns","Variable","Can be acute or chronic depending on context"
"ICD10:R40.2412","Glasgow coma scale score 13-15, at arrival to emergency department","Low","Possible association based on systemic inflammation patterns","Variable","Can be acute or chronic depending on context"
"ICD10:R41.2","Retrograde amnesia","Low","Possible association based on systemic inflammation patterns","Variable","Can be acute or chronic depending on context"
"ICD10:R29.0","Tetany","Low","Possible association based on systemic inflammation patterns","Variable","Can be acute or chronic depending on context"
"ICD10:R48.9","Unspecified symbolic dysfunctions","Low","Possible association based on systemic inflammation patterns","Variable","Can be acute or chronic depending on context"
"ICD10:R48.3","Visual agnosia","Moderate-Low","Speculative but biologically plausible connections","Variable","Can be acute or chronic depending on context"
"ICD10:L97.323","Non-pressure chronic ulcer of left ankle with necrosis of muscle","Low","Possible association based on systemic inflammation patterns","Chronic","Inherently chronic condition or long-term management required"
"ICD10:L97.423","Non-pressure chronic ulcer of left heel and midfoot with necrosis of muscle","Low","Possible association based on systemic inflammation patterns","Chronic","Inherently chronic condition or long-term management required"
"ICD10:L97.428","Non-pressure chronic ulcer of left heel and midfoot with other specified severity","Low","Possible association based on systemic inflammation patterns","Chronic","Inherently chronic condition or long-term management required"
"ICD10:L97.525","Non-pressure chronic ulcer of other part of left foot with muscle involvement without evidence of necrosis","Low","Possible association based on systemic inflammation patterns","Chronic","Inherently chronic condition or long-term management required"
"ICD10:L97.823","Non-pressure chronic ulcer of other part of left lower leg with necrosis of muscle","Low","Possible association based on systemic inflammation patterns","Chronic","Inherently chronic condition or long-term management required"
"ICD10:L97.829","Non-pressure chronic ulcer of other part of left lower leg with unspecified severity","Low","Possible association based on systemic inflammation patterns","Chronic","Inherently chronic condition or long-term management required"
"ICD10:L97.811","Non-pressure chronic ulcer of other part of right lower leg limited to breakdown of skin","Moderate-Low","Speculative but biologically plausible connections","Chronic","Inherently chronic condition or long-term management required"
"ICD10:L97.801","Non-pressure chronic ulcer of other part of unspecified lower leg limited to breakdown of skin","Moderate-Low","Speculative but biologically plausible connections","Chronic","Inherently chronic condition or long-term management required"
"ICD10:L97.416","Non-pressure chronic ulcer of right heel and midfoot with bone involvement without evidence of necrosis","Low","Possible association based on systemic inflammation patterns","Chronic","Inherently chronic condition or long-term management required"
"ICD10:L97.418","Non-pressure chronic ulcer of right heel and midfoot with other specified severity","Low","Possible association based on systemic inflammation patterns","Chronic","Inherently chronic condition or long-term management required"
"ICD10:L97.119","Non-pressure chronic ulcer of right thigh with unspecified severity","Low","Possible association based on systemic inflammation patterns","Chronic","Inherently chronic condition or long-term management required"
"ICD10:L97.302","Non-pressure chronic ulcer of unspecified ankle with fat layer exposed","Low","Possible association based on systemic inflammation patterns","Chronic","Inherently chronic condition or long-term management required"
"ICD10:L97.209","Non-pressure chronic ulcer of unspecified calf with unspecified severity","Low","Possible association based on systemic inflammation patterns","Chronic","Inherently chronic condition or long-term management required"
"ICD10:L97.101","Non-pressure chronic ulcer of unspecified thigh limited to breakdown of skin","Moderate-Low","Speculative but biologically plausible connections","Chronic","Inherently chronic condition or long-term management required"
"ICD10:E61.9","Deficiency of nutrient element, unspecified","Low","Possible association based on systemic inflammation patterns","Variable","Can be acute or chronic depending on context"
"ICD10:E56.0","Deficiency of vitamin E","Low","Possible association based on systemic inflammation patterns","Variable","Can be acute or chronic depending on context"
"ICD10:E63.1","Imbalance of constituents of food intake","Low","Possible association based on systemic inflammation patterns","Variable","Can be acute or chronic depending on context"
"ICD10:E53.0","Riboflavin deficiency","Low","Possible association based on systemic inflammation patterns","Variable","Can be acute or chronic depending on context"
"ICD10:R68.13","Apparent life threatening event in infant (ALTE)","Low","Possible association based on systemic inflammation patterns","Variable","Can be acute or chronic depending on context"
"ICD10:R49.21","Hypernasality","Low","Possible association based on systemic inflammation patterns","Variable","Can be acute or chronic depending on context"
"ICD10:G95.11","Acute infarction of spinal cord (embolic) (nonembolic)","Low","Possible association based on systemic inflammation patterns","Acute","Typically acute condition or intervention"
"ICD10:G25.83","Benign shuddering attacks","Low","Possible association based on systemic inflammation patterns","Variable","Can be acute or chronic depending on context"
"ICD10:G11.3","Cerebellar ataxia with defective DNA repair","Low","Possible association based on systemic inflammation patterns","Variable","Can be acute or chronic depending on context"
"ICD10:G10","Huntington's disease","Low","Possible association based on systemic inflammation patterns","Variable","Can be acute or chronic depending on context"
"ICD10:G96.810","Intracranial hypotension, unspecified","Low","Possible association based on systemic inflammation patterns","Variable","Can be acute or chronic depending on context"
"ICD10:G91.8","Other hydrocephalus","Low","Possible association based on systemic inflammation patterns","Variable","Can be acute or chronic depending on context"
"ICD10:G37.8","Other specified demyelinating diseases of central nervous system","Low","Possible association based on systemic inflammation patterns","Variable","Can be acute or chronic depending on context"
"ICD10:G96.09","Other spinal cerebrospinal fluid leak","Low","Possible association based on systemic inflammation patterns","Variable","Can be acute or chronic depending on context"
"ICD10:G12.8","Other spinal muscular atrophies and related syndromes","Low","Possible association based on systemic inflammation patterns","Variable","Can be acute or chronic depending on context"
"ICD10:G96.191","Perineural cyst","Low","Possible association based on systemic inflammation patterns","Variable","Can be acute or chronic depending on context"
"ICD10:G12.25","Progressive spinal muscle atrophy","Low","Possible association based on systemic inflammation patterns","Variable","Can be acute or chronic depending on context"
"ICD10:I77.5","Necrosis of artery","Low","Possible association based on systemic inflammation patterns","Variable","Can be acute or chronic depending on context"
"ICD10:I79.8","Other disorders of arteries, arterioles and capillaries in diseases classified elsewhere","Low","Possible association based on systemic inflammation patterns","Variable","Can be acute or chronic depending on context"
"ICD10:N13.0","Hydronephrosis with ureteropelvic junction obstruction","Moderate-Low","Speculative but biologically plausible connections","Can-be-Chronic","Symptom/condition that can become chronic if persistent"
"ICD10:O26.831","Pregnancy related renal disease, first trimester","Moderate-Low","Speculative but biologically plausible connections","Acute","Typically acute condition or intervention"
"ICD10:O26.839","Pregnancy related renal disease, unspecified trimester","Moderate-Low","Speculative but biologically plausible connections","Acute","Typically acute condition or intervention"
"ICD10:N27.0","Small kidney, unilateral","Moderate-Low","Speculative but biologically plausible connections","Variable","Can be acute or chronic depending on context"
"ICD10:K59.81","Ogilvie syndrome","Low","Possible association based on systemic inflammation patterns","Variable","Can be acute or chronic depending on context"
"ICD10:B67.5","Echinococcus multilocularis infection of liver","Low","Possible association based on systemic inflammation patterns","Variable","Can be acute or chronic depending on context"
"ICD10:K76.82","Hepatic encephalopathy","Low","Possible association based on systemic inflammation patterns","Variable","Can be acute or chronic depending on context"
"ICD10:K74.01","Hepatic fibrosis, early fibrosis","Moderate","Emerging evidence or plausible systemic associations","Chronic","Inherently chronic condition or long-term management required"
"ICD10:J82.83","Eosinophilic asthma","Moderate","Emerging evidence or plausible systemic associations","Variable","Can be acute or chronic depending on context"
"ICD10:J84.178","Other interstitial pulmonary diseases with fibrosis in diseases classified elsewhere","Moderate","Emerging evidence or plausible systemic associations","Chronic","Inherently chronic condition or long-term management required"
"ICD10:J82.89","Other pulmonary eosinophilia, not elsewhere classified","Moderate","Emerging evidence or plausible systemic associations","Variable","Can be acute or chronic depending on context"
"ICD10:F34.81","Disruptive mood dysregulation disorder","Low","Possible association based on systemic inflammation patterns","Variable","Can be acute or chronic depending on context"
"ICD10:F34.89","Other specified persistent mood disorders","Moderate-High","Well-documented secondary long COVID symptoms","Chronic","Inherently chronic condition or long-term management required"
"ICD10:L67.9","Hair color and hair shaft abnormality, unspecified","Moderate-Low","Speculative but biologically plausible connections","Variable","Can be acute or chronic depending on context"
"ICD10:L81.5","Leukoderma, not elsewhere classified","Low","Possible association based on systemic inflammation patterns","Variable","Can be acute or chronic depending on context"
"ICD10:L68.2","Localized hypertrichosis","Low","Possible association based on systemic inflammation patterns","Variable","Can be acute or chronic depending on context"
"ICD10:L74.1","Miliaria crystallina","Low","Possible association based on systemic inflammation patterns","Variable","Can be acute or chronic depending on context"
"ICD10:L57.3","Poikiloderma of Civatte","Low","Possible association based on systemic inflammation patterns","Variable","Can be acute or chronic depending on context"
"ICD10:L74.511","Primary focal hyperhidrosis, face","Moderate-Low","Speculative but biologically plausible connections","Variable","Can be acute or chronic depending on context"
"ICD10:J34.81","Nasal mucositis (ulcerative)","Low","Possible association based on systemic inflammation patterns","Can-be-Chronic","Symptom/condition that can become chronic if persistent"
"ICD10:J94.0","Chylous effusion","Low","Possible association based on systemic inflammation patterns","Variable","Can be acute or chronic depending on context"
"ICD10:J15.3","Pneumonia due to streptococcus, group B","Low","Possible association based on systemic inflammation patterns","Variable","Can be acute or chronic depending on context"
"ICD10:A43.0","Pulmonary nocardiosis","Moderate","Emerging evidence or plausible systemic associations","Variable","Can be acute or chronic depending on context"
"ICD10:G61.89","Other inflammatory polyneuropathies","Moderate","Emerging evidence or plausible systemic associations","Variable","Can be acute or chronic depending on context"
"ICD10:I87.333","Chronic venous hypertension (idiopathic) with ulcer and inflammation of bilateral lower extremity","Moderate-Low","Speculative but biologically plausible connections","Chronic","Inherently chronic condition or long-term management required"
"ICD10:I87.331","Chronic venous hypertension (idiopathic) with ulcer and inflammation of right lower extremity","Moderate-Low","Speculative but biologically plausible connections","Chronic","Inherently chronic condition or long-term management required"
"ICD10:I87.302","Chronic venous hypertension (idiopathic) without complications of left lower extremity","Moderate-Low","Speculative but biologically plausible connections","Chronic","Inherently chronic condition or long-term management required"
"ICD10:I87.092","Postthrombotic syndrome with other complications of left lower extremity","Low","Possible association based on systemic inflammation patterns","Variable","Can be acute or chronic depending on context"
"ICD10:O12.11","Gestational proteinuria, first trimester","Unlikely","No clear association with long COVID","Variable","Can be acute or chronic depending on context"
"ICD10:K50.814","Crohn's disease of both small and large intestine with abscess","Moderate","Emerging evidence or plausible systemic associations","Chronic","Inherently chronic condition or long-term management required"
"ICD10:K50.818","Crohn's disease of both small and large intestine with other complication","Moderate","Emerging evidence or plausible systemic associations","Chronic","Inherently chronic condition or long-term management required"
"ICD10:K50.114","Crohn's disease of large intestine with abscess","Moderate","Emerging evidence or plausible systemic associations","Chronic","Inherently chronic condition or long-term management required"
"ICD10:K50.113","Crohn's disease of large intestine with fistula","Moderate","Emerging evidence or plausible systemic associations","Chronic","Inherently chronic condition or long-term management required"
"ICD10:K50.012","Crohn's disease of small intestine with intestinal obstruction","Moderate","Emerging evidence or plausible systemic associations","Chronic","Inherently chronic condition or long-term management required"
"ICD10:K50.913","Crohn's disease, unspecified, with fistula","Moderate","Emerging evidence or plausible systemic associations","Chronic","Inherently chronic condition or long-term management required"
"ICD10:K51.818","Other ulcerative colitis with other complication","Moderate","Emerging evidence or plausible systemic associations","Chronic","Inherently chronic condition or long-term management required"
"ICD10:K51.018","Ulcerative (chronic) pancolitis with other complication","Moderate","Emerging evidence or plausible systemic associations","Chronic","Inherently chronic condition or long-term management required"
"ICD10:K51.319","Ulcerative (chronic) rectosigmoiditis with unspecified complications","Low","Possible association based on systemic inflammation patterns","Chronic","Inherently chronic condition or long-term management required"
"ICD10:R05.4","Cough syncope","High","Core long COVID symptoms with strong evidence","Can-be-Chronic","Symptom/condition that can become chronic if persistent"
"ICD10:G47.23","Circadian rhythm sleep disorder, irregular sleep wake type","Moderate-High","Well-documented secondary long COVID symptoms","Can-be-Chronic","Symptom/condition that can become chronic if persistent"
"ICD10:G47.11","Idiopathic hypersomnia with long sleep time","Moderate-High","Well-documented secondary long COVID symptoms","Can-be-Chronic","Symptom/condition that can become chronic if persistent"
"ICD10:F51.19","Other hypersomnia not due to a substance or known physiological condition","Moderate-High","Well-documented secondary long COVID symptoms","Can-be-Chronic","Symptom/condition that can become chronic if persistent"
"ICD10:M48.12","Ankylosing hyperostosis [Forestier], cervical region","Low","Possible association based on systemic inflammation patterns","Variable","Can be acute or chronic depending on context"
"ICD10:M50.121","Cervical disc disorder at C4-C5 level with radiculopathy","Moderate-Low","Speculative but biologically plausible connections","Variable","Can be acute or chronic depending on context"
"ICD10:M46.49","Discitis, unspecified, multiple sites in spine","Moderate-Low","Speculative but biologically plausible connections","Variable","Can be acute or chronic depending on context"
"ICD10:M46.44","Discitis, unspecified, thoracic region","Moderate-Low","Speculative but biologically plausible connections","Variable","Can be acute or chronic depending on context"
"ICD10:M46.45","Discitis, unspecified, thoracolumbar region","Moderate-Low","Speculative but biologically plausible connections","Variable","Can be acute or chronic depending on context"
"ICD10:M43.22","Fusion of spine, cervical region","Moderate-Low","Speculative but biologically plausible connections","Variable","Can be acute or chronic depending on context"
"ICD10:M43.25","Fusion of spine, thoracolumbar region","Moderate-Low","Speculative but biologically plausible connections","Variable","Can be acute or chronic depending on context"
"ICD10:M48.26","Kissing spine, lumbar region","Moderate-Low","Speculative but biologically plausible connections","Variable","Can be acute or chronic depending on context"
"ICD10:M50.323","Other cervical disc degeneration at C6-C7 level","Moderate-Low","Speculative but biologically plausible connections","Variable","Can be acute or chronic depending on context"
"ICD10:M50.821","Other cervical disc disorders at C4-C5 level","Moderate-Low","Speculative but biologically plausible connections","Variable","Can be acute or chronic depending on context"
"ICD10:M50.822","Other cervical disc disorders at C5-C6 level","Moderate-Low","Speculative but biologically plausible connections","Variable","Can be acute or chronic depending on context"
"ICD10:M50.823","Other cervical disc disorders at C6-C7 level","Moderate-Low","Speculative but biologically plausible connections","Variable","Can be acute or chronic depending on context"
"ICD10:M50.83","Other cervical disc disorders, cervicothoracic region","Moderate-Low","Speculative but biologically plausible connections","Variable","Can be acute or chronic depending on context"
"ICD10:M50.81","Other cervical disc disorders, high cervical region","Moderate-Low","Speculative but biologically plausible connections","Variable","Can be acute or chronic depending on context"
"ICD10:M51.87","Other intervertebral disc disorders, lumbosacral region","Moderate-Low","Speculative but biologically plausible connections","Variable","Can be acute or chronic depending on context"
"ICD10:M51.84","Other intervertebral disc disorders, thoracic region","Moderate-Low","Speculative but biologically plausible connections","Variable","Can be acute or chronic depending on context"
"ICD10:M51.25","Other intervertebral disc displacement, thoracolumbar region","Moderate-Low","Speculative but biologically plausible connections","Variable","Can be acute or chronic depending on context"
"ICD10:M43.5X6","Other recurrent vertebral dislocation, lumbar region","Moderate-Low","Speculative but biologically plausible connections","Variable","Can be acute or chronic depending on context"
"ICD10:M43.8X2","Other specified deforming dorsopathies, cervical region","Moderate-Low","Speculative but biologically plausible connections","Variable","Can be acute or chronic depending on context"
"ICD10:M43.8X7","Other specified deforming dorsopathies, lumbosacral region","Moderate-Low","Speculative but biologically plausible connections","Variable","Can be acute or chronic depending on context"
"ICD10:M47.25","Other spondylosis with radiculopathy, thoracolumbar region","Moderate-Low","Speculative but biologically plausible connections","Chronic","Inherently chronic condition or long-term management required"
"ICD10:M47.893","Other spondylosis, cervicothoracic region","Moderate-Low","Speculative but biologically plausible connections","Chronic","Inherently chronic condition or long-term management required"
"ICD10:M47.896","Other spondylosis, lumbar region","Moderate-Low","Speculative but biologically plausible connections","Chronic","Inherently chronic condition or long-term management required"
"ICD10:M47.897","Other spondylosis, lumbosacral region","Moderate-Low","Speculative but biologically plausible connections","Chronic","Inherently chronic condition or long-term management required"
"ICD10:M47.899","Other spondylosis, site unspecified","Moderate-Low","Speculative but biologically plausible connections","Chronic","Inherently chronic condition or long-term management required"
"ICD10:M47.894","Other spondylosis, thoracic region","Moderate-Low","Speculative but biologically plausible connections","Chronic","Inherently chronic condition or long-term management required"
"ICD10:L40.53","Psoriatic spondylitis","Moderate-Low","Speculative but biologically plausible connections","Variable","Can be acute or chronic depending on context"
"ICD10:M51.46","Schmorl's nodes, lumbar region","Low","Possible association based on systemic inflammation patterns","Variable","Can be acute or chronic depending on context"
"ICD10:M46.02","Spinal enthesopathy, cervical region","Moderate-Low","Speculative but biologically plausible connections","Variable","Can be acute or chronic depending on context"
"ICD10:M46.06","Spinal enthesopathy, lumbar region","Moderate-Low","Speculative but biologically plausible connections","Variable","Can be acute or chronic depending on context"
"ICD10:M46.04","Spinal enthesopathy, thoracic region","Moderate-Low","Speculative but biologically plausible connections","Variable","Can be acute or chronic depending on context"
"ICD10:M53.2X7","Spinal instabilities, lumbosacral region","Low","Possible association based on systemic inflammation patterns","Variable","Can be acute or chronic depending on context"
"ICD10:M43.14","Spondylolisthesis, thoracic region","Moderate-Low","Speculative but biologically plausible connections","Variable","Can be acute or chronic depending on context"
"ICD10:M43.02","Spondylolysis, cervical region","Moderate-Low","Speculative but biologically plausible connections","Variable","Can be acute or chronic depending on context"
"ICD10:M43.07","Spondylolysis, lumbosacral region","Moderate-Low","Speculative but biologically plausible connections","Variable","Can be acute or chronic depending on context"
"ICD10:M48.9","Spondylopathy, unspecified","Moderate-Low","Speculative but biologically plausible connections","Variable","Can be acute or chronic depending on context"
"ICD10:E03.1","Congenital hypothyroidism without goiter","Moderate","Emerging evidence or plausible systemic associations","Variable","Can be acute or chronic depending on context"
"ICD10:E03.5","Myxedema coma","Low","Possible association based on systemic inflammation patterns","Variable","Can be acute or chronic depending on context"
"ICD10:E05.01","Thyrotoxicosis with diffuse goiter with thyrotoxic crisis or storm","Low","Possible association based on systemic inflammation patterns","Acute","Typically acute condition or intervention"
"ICD10:O23.01","Infections of kidney in pregnancy, first trimester","Moderate-Low","Speculative but biologically plausible connections","Acute","Typically acute condition or intervention"
"ICD10:O23.02","Infections of kidney in pregnancy, second trimester","Moderate-Low","Speculative but biologically plausible connections","Acute","Typically acute condition or intervention"
