Unnamed: 0,concept_cd,ICD_Description,Long_COVID_Likelihood_Speculative,Explanation_Speculative,Chronic_Status,Chronic_Explanation
1,ICD10:R14.0,Abdominal distension (gaseous),Low,Possible association based on systemic inflammation patterns,Can-be-Chronic,Symptom/condition that can become chronic if persistent
2,ICD10:R10.819,"Abdominal tenderness, unspecified site",Low,Possible association based on systemic inflammation patterns,Can-be-Chronic,Symptom/condition that can become chronic if persistent
3,ICD10:R10.0,Acute abdomen,Low,Possible association based on systemic inflammation patterns,Can-be-Chronic,Symptom/condition that can become chronic if persistent
4,ICD10:R13.0,Aphagia,Low,Possible association based on systemic inflammation patterns,Can-be-Chronic,Symptom/condition that can become chronic if persistent
5,ICD10:R19.4,Change in bowel habit,Low,Possible association based on systemic inflammation patterns,Can-be-Chronic,Symptom/condition that can become chronic if persistent
6,ICD10:R10.83,Colic,Low,Possible association based on systemic inflammation patterns,Can-be-Chronic,Symptom/condition that can become chronic if persistent
7,ICD10:R19.7,"Diarrhea, unspecified",Low,Possible association based on systemic inflammation patterns,Can-be-Chronic,Symptom/condition that can become chronic if persistent
8,ICD10:R10.816,Epigastric abdominal tenderness,Low,Possible association based on systemic inflammation patterns,Can-be-Chronic,Symptom/condition that can become chronic if persistent
9,ICD10:R10.13,Epigastric pain,Low,Possible association based on systemic inflammation patterns,Can-be-Chronic,Symptom/condition that can become chronic if persistent
10,ICD10:R19.06,"Epigastric swelling, mass or lump",Low,Possible association based on systemic inflammation patterns,Can-be-Chronic,Symptom/condition that can become chronic if persistent
11,ICD10:R14.2,Eructation,Low,Possible association based on systemic inflammation patterns,Can-be-Chronic,Symptom/condition that can become chronic if persistent
12,ICD10:R15.1,Fecal smearing,Low,Possible association based on systemic inflammation patterns,Can-be-Chronic,Symptom/condition that can become chronic if persistent
13,ICD10:R15.2,Fecal urgency,Low,Possible association based on systemic inflammation patterns,Can-be-Chronic,Symptom/condition that can become chronic if persistent
14,ICD10:R14.3,Flatulence,Low,Possible association based on systemic inflammation patterns,Can-be-Chronic,Symptom/condition that can become chronic if persistent
15,ICD10:R15.9,Full incontinence of feces,Low,Possible association based on systemic inflammation patterns,Can-be-Chronic,Symptom/condition that can become chronic if persistent
16,ICD10:R14.1,Gas pain,Low,Possible association based on systemic inflammation patterns,Can-be-Chronic,Symptom/condition that can become chronic if persistent
17,ICD10:R10.84,Generalized abdominal pain,Low,Possible association based on systemic inflammation patterns,Can-be-Chronic,Symptom/condition that can become chronic if persistent
18,ICD10:R19.07,"Generalized intra-abdominal and pelvic swelling, mass and lump",Low,Possible association based on systemic inflammation patterns,Can-be-Chronic,Symptom/condition that can become chronic if persistent
19,ICD10:R19.6,Halitosis,Low,Possible association based on systemic inflammation patterns,Can-be-Chronic,Symptom/condition that can become chronic if persistent
20,ICD10:R12,Heartburn,Unlikely,No clear association with long COVID,Variable,Can be acute or chronic depending on context
21,ICD10:R16.2,"Hepatomegaly with splenomegaly, not elsewhere classified",Unlikely,No clear association with long COVID,Variable,Can be acute or chronic depending on context
22,ICD10:R16.0,"Hepatomegaly, not elsewhere classified",Unlikely,No clear association with long COVID,Variable,Can be acute or chronic depending on context
23,ICD10:R19.12,Bowel sounds,Low,Possible association based on systemic inflammation patterns,Can-be-Chronic,Symptom/condition that can become chronic if persistent
24,ICD10:R15.0,Incomplete defecation,Low,Possible association based on systemic inflammation patterns,Can-be-Chronic,Symptom/condition that can become chronic if persistent
25,ICD10:R19.00,"Intra-abdominal and pelvic swelling, mass and lump, unspecified site",Low,Possible association based on systemic inflammation patterns,Can-be-Chronic,Symptom/condition that can become chronic if persistent
26,ICD10:R19.04,"Left lower quadrant abdominal swelling, mass and lump",Low,Possible association based on systemic inflammation patterns,Can-be-Chronic,Symptom/condition that can become chronic if persistent
27,ICD10:R10.814,Left lower quadrant abdominal tenderness,Low,Possible association based on systemic inflammation patterns,Can-be-Chronic,Symptom/condition that can become chronic if persistent
28,ICD10:R10.32,Left lower quadrant pain,Low,Possible association based on systemic inflammation patterns,Can-be-Chronic,Symptom/condition that can become chronic if persistent
29,ICD10:R19.02,"Left upper quadrant abdominal swelling, mass and lump",Low,Possible association based on systemic inflammation patterns,Can-be-Chronic,Symptom/condition that can become chronic if persistent
30,ICD10:R10.812,Left upper quadrant abdominal tenderness,Low,Possible association based on systemic inflammation patterns,Can-be-Chronic,Symptom/condition that can become chronic if persistent
31,ICD10:R10.12,Left upper quadrant pain,Low,Possible association based on systemic inflammation patterns,Can-be-Chronic,Symptom/condition that can become chronic if persistent
32,ICD10:R10.822,Left upper quadrant rebound abdominal tenderness,Low,Possible association based on systemic inflammation patterns,Can-be-Chronic,Symptom/condition that can become chronic if persistent
33,ICD10:R10.30,"Lower abdominal pain, unspecified",Low,Possible association based on systemic inflammation patterns,Can-be-Chronic,Symptom/condition that can become chronic if persistent
34,ICD10:R18.8,Other ascites,Unlikely,No clear association with long COVID,Variable,Can be acute or chronic depending on context
35,ICD10:R19.5,Other fecal abnormalities,Low,Possible association based on systemic inflammation patterns,Can-be-Chronic,Symptom/condition that can become chronic if persistent
36,ICD10:R19.09,"Other intra-abdominal and pelvic swelling, mass and lump",Low,Possible association based on systemic inflammation patterns,Can-be-Chronic,Symptom/condition that can become chronic if persistent
37,ICD10:R19.8,Other specified symptoms involving digestive system,Low,Possible association based on systemic inflammation patterns,Can-be-Chronic,Symptom/condition that can become chronic if persistent
38,ICD10:R10.2,Pelvic and perineal pain,Low,Possible association based on systemic inflammation patterns,Can-be-Chronic,Symptom/condition that can become chronic if persistent
39,ICD10:R19.05,"Periumbilic swelling, mass or lump",Low,Possible association based on systemic inflammation patterns,Can-be-Chronic,Symptom/condition that can become chronic if persistent
40,ICD10:R10.33,Periumbilical pain,Low,Possible association based on systemic inflammation patterns,Can-be-Chronic,Symptom/condition that can become chronic if persistent
41,ICD10:R19.03,"Right lower quadrant abdominal swelling, mass and lump",Low,Possible association based on systemic inflammation patterns,Can-be-Chronic,Symptom/condition that can become chronic if persistent
42,ICD10:R10.813,Right lower quadrant abdominal tenderness,Low,Possible association based on systemic inflammation patterns,Can-be-Chronic,Symptom/condition that can become chronic if persistent
43,ICD10:R10.31,Right lower quadrant pain,Low,Possible association based on systemic inflammation patterns,Can-be-Chronic,Symptom/condition that can become chronic if persistent
44,ICD10:R19.01,"Right upper quadrant abdominal swelling, mass and lump",Low,Possible association based on systemic inflammation patterns,Can-be-Chronic,Symptom/condition that can become chronic if persistent
45,ICD10:R10.811,Right upper quadrant abdominal tenderness,Low,Possible association based on systemic inflammation patterns,Can-be-Chronic,Symptom/condition that can become chronic if persistent
46,ICD10:R10.11,Right upper quadrant pain,Low,Possible association based on systemic inflammation patterns,Can-be-Chronic,Symptom/condition that can become chronic if persistent
47,ICD10:R16.1,"Splenomegaly, not elsewhere classified",Unlikely,No clear association with long COVID,Variable,Can be acute or chronic depending on context
48,ICD10:R10.9,Unspecified abdominal pain,Low,Possible association based on systemic inflammation patterns,Can-be-Chronic,Symptom/condition that can become chronic if persistent
49,ICD10:R17,Unspecified jaundice,Unlikely,No clear association with long COVID,Variable,Can be acute or chronic depending on context
50,ICD10:R10.10,"Upper abdominal pain, unspecified",Low,Possible association based on systemic inflammation patterns,Can-be-Chronic,Symptom/condition that can become chronic if persistent
51,ICD10:R19.2,Visible peristalsis,Low,Possible association based on systemic inflammation patterns,Can-be-Chronic,Symptom/condition that can become chronic if persistent
52,ICD10:R94.120,Abnormal pulmonary function study,Unlikely,No clear association with long COVID,Variable,Can be acute or chronic depending on context
53,ICD10:R79.81,Abnormal blood-gas level,Low,Possible association based on systemic inflammation patterns,Variable,Can be acute or chronic depending on context
54,ICD10:R79.1,Abnormal coagulation profile,Low,Possible association based on systemic inflammation patterns,Variable,Can be acute or chronic depending on context
55,ICD10:R83.6,Abnormal findings in cerebrospinal fluid (R83.6),Unlikely,No clear association with long COVID,Variable,Can be acute or chronic depending on context
56,ICD10:R85.69,Abnormal findings in specimens from female genital organs (R85.69),Unlikely,No clear association with long COVID,Variable,Can be acute or chronic depending on context
57,ICD10:R89.6,"Abnormal findings in specimens from other organs, systems and tissues (R89.6)",Unlikely,No clear association with long COVID,Variable,Can be acute or chronic depending on context
58,ICD10:R84.6,Abnormal findings in specimens from respiratory organs and thorax (R84.6),Unlikely,No clear association with long COVID,Variable,Can be acute or chronic depending on context
59,ICD10:R94.31,Abnormal electrocardiogram [ECG] [EKG],Unlikely,No clear association with long COVID,Variable,Can be acute or chronic depending on context
60,ICD10:R94.01,Abnormal electrocardiogram [ECG] [EKG],Unlikely,No clear association with long COVID,Variable,Can be acute or chronic depending on context
61,ICD10:R94.131,Abnormal hepatic function study,Unlikely,No clear association with long COVID,Variable,Can be acute or chronic depending on context
62,ICD10:R79.9,"Abnormal finding of blood chemistry, unspecified",Low,Possible association based on systemic inflammation patterns,Variable,Can be acute or chronic depending on context
63,ICD10:R93.1,Abnormal findings on diagnostic imaging of other body structures (R93.1),Unlikely,No clear association with long COVID,Variable,Can be acute or chronic depending on context
64,ICD10:R93.6,Abnormal findings on diagnostic imaging of other body structures (R93.6),Unlikely,No clear association with long COVID,Variable,Can be acute or chronic depending on context
65,ICD10:R93.2,Abnormal findings on diagnostic imaging of other body structures (R93.2),Unlikely,No clear association with long COVID,Variable,Can be acute or chronic depending on context
66,ICD10:R93.5,Abnormal findings on diagnostic imaging of other body structures (R93.5),Unlikely,No clear association with long COVID,Variable,Can be acute or chronic depending on context
67,ICD10:R93.3,Abnormal findings on diagnostic imaging of other body structures (R93.3),Unlikely,No clear association with long COVID,Variable,Can be acute or chronic depending on context
68,7934,Unknown category (7934),Unlikely,No clear association with long COVID,Variable,Can be acute or chronic depending on context
69,ICD10:R93.7,Abnormal findings on diagnostic imaging of other body structures (R93.7),Unlikely,No clear association with long COVID,Variable,Can be acute or chronic depending on context
70,ICD10:R93.0,Abnormal findings on diagnostic imaging of other body structures (R93.0),Unlikely,No clear association with long COVID,Variable,Can be acute or chronic depending on context
71,ICD10:R85.7,Abnormal findings in specimens from female genital organs (R85.7),Unlikely,No clear association with long COVID,Variable,Can be acute or chronic depending on context
72,ICD10:R76.9,Other specified abnormal findings (R76),Low,Possible association based on systemic inflammation patterns,Variable,Can be acute or chronic depending on context
73,ICD10:R89.4,"Abnormal findings in specimens from other organs, systems and tissues (R89.4)",Unlikely,No clear association with long COVID,Variable,Can be acute or chronic depending on context
74,ICD10:R78.71,Other specified abnormal findings (R78),Unlikely,No clear association with long COVID,Variable,Can be acute or chronic depending on context
75,ICD10:R79.0,Abnormal level of blood mineral,Low,Possible association based on systemic inflammation patterns,Variable,Can be acute or chronic depending on context
76,ICD10:R89.1,"Abnormal findings in specimens from other organs, systems and tissues (R89.1)",Unlikely,No clear association with long COVID,Variable,Can be acute or chronic depending on context
77,ICD10:R89.2,"Abnormal findings in specimens from other organs, systems and tissues (R89.2)",Unlikely,No clear association with long COVID,Variable,Can be acute or chronic depending on context
78,ICD10:R74.8,Abnormal levels of other serum enzymes,Unlikely,No clear association with long COVID,Variable,Can be acute or chronic depending on context
79,ICD10:R87.5,Abnormal findings in specimens from female genital organs (R87.5),Unlikely,No clear association with long COVID,Variable,Can be acute or chronic depending on context
80,ICD10:R84.5,Abnormal findings in specimens from respiratory organs and thorax (R84.5),Unlikely,No clear association with long COVID,Variable,Can be acute or chronic depending on context
81,ICD10:R94.30,"Abnormal result of cardiovascular function study, unspecified",Unlikely,No clear association with long COVID,Variable,Can be acute or chronic depending on context
82,ICD10:R94.39,Abnormal result of other cardiovascular function study,Unlikely,No clear association with long COVID,Variable,Can be acute or chronic depending on context
83,ICD10:R94.8,Abnormal results of function studies of other organs and systems,Unlikely,No clear association with long COVID,Variable,Can be acute or chronic depending on context
84,ICD10:R94.4,Abnormal results of kidney function studies,Unlikely,No clear association with long COVID,Variable,Can be acute or chronic depending on context
85,ICD10:R94.5,Abnormal results of liver function studies,Unlikely,No clear association with long COVID,Variable,Can be acute or chronic depending on context
86,ICD10:R94.7,Abnormal results of other endocrine function studies,Unlikely,No clear association with long COVID,Variable,Can be acute or chronic depending on context
87,ICD10:R94.09,Abnormal result of other cardiovascular function study,Unlikely,No clear association with long COVID,Variable,Can be acute or chronic depending on context
88,ICD10:R94.2,Abnormal results of pulmonary function studies,Unlikely,No clear association with long COVID,Variable,Can be acute or chronic depending on context
89,ICD10:R94.6,Abnormal results of thyroid function studies,Unlikely,No clear association with long COVID,Variable,Can be acute or chronic depending on context
90,ICD10:R74.9,"Abnormal serum enzyme level, unspecified",Unlikely,No clear association with long COVID,Variable,Can be acute or chronic depending on context
91,ICD10:R77.2,Abnormality of alphafetoprotein,Unlikely,No clear association with long COVID,Variable,Can be acute or chronic depending on context
92,ICD10:R77.1,Abnormality of globulin,Unlikely,No clear association with long COVID,Variable,Can be acute or chronic depending on context
93,ICD10:R77.9,"Abnormality of plasma protein, unspecified",Unlikely,No clear association with long COVID,Variable,Can be acute or chronic depending on context
94,ICD10:R85.81,Abnormal findings in specimens from female genital organs (R85.81),Unlikely,No clear association with long COVID,Variable,Can be acute or chronic depending on context
95,ICD10:R85.611,Abnormal findings in specimens from female genital organs (R85.611),Unlikely,No clear association with long COVID,Variable,Can be acute or chronic depending on context
96,ICD10:R87.611,Abnormal findings in specimens from female genital organs (R87.611),Unlikely,No clear association with long COVID,Variable,Can be acute or chronic depending on context
97,ICD10:R85.610,Abnormal findings in specimens from female genital organs (R85.610),Unlikely,No clear association with long COVID,Variable,Can be acute or chronic depending on context
98,ICD10:R87.610,Abnormal findings in specimens from female genital organs (R87.610),Unlikely,No clear association with long COVID,Variable,Can be acute or chronic depending on context
99,ICD10:R87.620,Abnormal findings in specimens from female genital organs (R87.620),Unlikely,No clear association with long COVID,Variable,Can be acute or chronic depending on context
100,ICD10:R78.81,Other specified abnormal findings (R78),Unlikely,No clear association with long COVID,Variable,Can be acute or chronic depending on context
101,ICD10:R87.810,Abnormal findings in specimens from female genital organs (R87.810),Unlikely,No clear association with long COVID,Variable,Can be acute or chronic depending on context
102,ICD10:R87.820,Abnormal findings in specimens from female genital organs (R87.820),Unlikely,No clear association with long COVID,Variable,Can be acute or chronic depending on context
103,ICD10:R79.82,Elevated C-reactive protein (CRP),Low,Possible association based on systemic inflammation patterns,Variable,Can be acute or chronic depending on context
104,ICD10:R97.1,Abnormal tumor markers (R97.1),Unlikely,No clear association with long COVID,Variable,Can be acute or chronic depending on context
105,ICD10:R97.0,Abnormal tumor markers (R97.0),Unlikely,No clear association with long COVID,Variable,Can be acute or chronic depending on context
106,ICD10:R70.0,Elevated erythrocyte sedimentation rate,Low,Possible association based on systemic inflammation patterns,Variable,Can be acute or chronic depending on context
107,ICD10:R78.89,Other specified abnormal findings (R78),Unlikely,No clear association with long COVID,Variable,Can be acute or chronic depending on context
108,ICD10:R81,Other specified abnormal findings (R81),Unlikely,No clear association with long COVID,Variable,Can be acute or chronic depending on context
109,ICD10:R87.613,Abnormal findings in specimens from female genital organs (R87.613),Unlikely,No clear association with long COVID,Variable,Can be acute or chronic depending on context
110,ICD10:R87.623,Abnormal findings in specimens from female genital organs (R87.623),Unlikely,No clear association with long COVID,Variable,Can be acute or chronic depending on context
111,ICD10:R73.9,"Hyperglycemia, unspecified",Low,Possible association based on systemic inflammation patterns,Variable,Can be acute or chronic depending on context
112,ICD10:R73.01,Impaired fasting glucose,Low,Possible association based on systemic inflammation patterns,Variable,Can be acute or chronic depending on context
113,ICD10:R73.02,Impaired glucose tolerance (oral),Low,Possible association based on systemic inflammation patterns,Variable,Can be acute or chronic depending on context
114,ICD10:R75,Other specified abnormal findings (R75),Unlikely,No clear association with long COVID,Variable,Can be acute or chronic depending on context
115,ICD10:R85.612,Abnormal findings in specimens from female genital organs (R85.612),Unlikely,No clear association with long COVID,Variable,Can be acute or chronic depending on context
116,ICD10:R87.612,Abnormal findings in specimens from female genital organs (R87.612),Unlikely,No clear association with long COVID,Variable,Can be acute or chronic depending on context
117,ICD10:R87.622,Abnormal findings in specimens from female genital organs (R87.622),Unlikely,No clear association with long COVID,Variable,Can be acute or chronic depending on context
118,ICD10:R74.0,Nonspecific elevation of levels of transaminase and lactic acid dehydrogenase,Unlikely,No clear association with long COVID,Variable,Can be acute or chronic depending on context
119,ICD10:R76.12,Other specified abnormal findings (R76),Low,Possible association based on systemic inflammation patterns,Variable,Can be acute or chronic depending on context
120,ICD10:R76.11,Other specified abnormal findings (R76),Low,Possible association based on systemic inflammation patterns,Variable,Can be acute or chronic depending on context
121,ICD10:R85.618,Abnormal findings in specimens from female genital organs (R85.618),Unlikely,No clear association with long COVID,Variable,Can be acute or chronic depending on context
122,ICD10:R87.618,Abnormal findings in specimens from female genital organs (R87.618),Unlikely,No clear association with long COVID,Variable,Can be acute or chronic depending on context
123,ICD10:R87.89,Abnormal findings in specimens from female genital organs (R87.89),Unlikely,No clear association with long COVID,Variable,Can be acute or chronic depending on context
124,ICD10:R86.8,Other specified abnormal findings (R86),Unlikely,No clear association with long COVID,Variable,Can be acute or chronic depending on context
125,ICD10:R89.8,"Abnormal findings in specimens from other organs, systems and tissues (R89.8)",Unlikely,No clear association with long COVID,Variable,Can be acute or chronic depending on context
126,ICD10:R84.8,Abnormal findings in specimens from respiratory organs and thorax (R84.8),Unlikely,No clear association with long COVID,Variable,Can be acute or chronic depending on context
127,ICD10:R90.89,Other specified abnormal findings (R90),Unlikely,No clear association with long COVID,Variable,Can be acute or chronic depending on context
128,ICD10:R73.09,Other abnormal glucose,Low,Possible association based on systemic inflammation patterns,Variable,Can be acute or chronic depending on context
129,ICD10:R97.8,Abnormal tumor markers (R97.8),Unlikely,No clear association with long COVID,Variable,Can be acute or chronic depending on context
130,ICD10:R71.8,Other specified abnormal findings (R71),Unlikely,No clear association with long COVID,Variable,Can be acute or chronic depending on context
131,ICD10:R91.8,Other specified abnormal findings (R91),Unlikely,No clear association with long COVID,Variable,Can be acute or chronic depending on context
132,ICD10:R79.89,Other specified abnormal findings of blood chemistry,Low,Possible association based on systemic inflammation patterns,Variable,Can be acute or chronic depending on context
133,ICD10:R76.8,Other specified abnormal findings (R76),Low,Possible association based on systemic inflammation patterns,Variable,Can be acute or chronic depending on context
134,ICD10:R77.8,Other specified abnormalities of plasma proteins,Unlikely,No clear association with long COVID,Variable,Can be acute or chronic depending on context
135,ICD10:R71.0,Other specified abnormal findings (R71),Unlikely,No clear association with long COVID,Variable,Can be acute or chronic depending on context
136,ICD10:R76.0,Other specified abnormal findings (R76),Low,Possible association based on systemic inflammation patterns,Variable,Can be acute or chronic depending on context
137,ICD10:R87.616,Abnormal findings in specimens from female genital organs (R87.616),Unlikely,No clear association with long COVID,Variable,Can be acute or chronic depending on context
138,ICD10:R91.1,Other specified abnormal findings (R91),Unlikely,No clear association with long COVID,Variable,Can be acute or chronic depending on context
139,ICD10:R87.615,Abnormal findings in specimens from female genital organs (R87.615),Unlikely,No clear association with long COVID,Variable,Can be acute or chronic depending on context
140,ICD10:R85.619,Abnormal findings in specimens from female genital organs (R85.619),Unlikely,No clear association with long COVID,Variable,Can be acute or chronic depending on context
141,ICD10:R87.619,Abnormal findings in specimens from female genital organs (R87.619),Unlikely,No clear association with long COVID,Variable,Can be acute or chronic depending on context
142,ICD10:R87.629,Abnormal findings in specimens from female genital organs (R87.629),Unlikely,No clear association with long COVID,Variable,Can be acute or chronic depending on context
143,ICD10:R83.9,Abnormal findings in cerebrospinal fluid (R83.9),Unlikely,No clear association with long COVID,Variable,Can be acute or chronic depending on context
144,ICD10:R86.9,Other specified abnormal findings (R86),Unlikely,No clear association with long COVID,Variable,Can be acute or chronic depending on context
145,ICD10:R89.9,"Abnormal findings in specimens from other organs, systems and tissues (R89.9)",Unlikely,No clear association with long COVID,Variable,Can be acute or chronic depending on context
146,ICD10:R87.811,Abnormal findings in specimens from female genital organs (R87.811),Unlikely,No clear association with long COVID,Variable,Can be acute or chronic depending on context
147,ICD10:R90.82,Other specified abnormal findings (R90),Unlikely,No clear association with long COVID,Variable,Can be acute or chronic depending on context
148,ICD10:N17.0,Acute kidney failure with tubular necrosis,Moderate,Emerging evidence or plausible systemic associations,Acute,Typically acute condition or intervention
149,ICD10:N17.9,"Acute kidney failure, unspecified",Moderate,Emerging evidence or plausible systemic associations,Acute,Typically acute condition or intervention
150,ICD10:N17.8,Other acute kidney failure,Moderate,Emerging evidence or plausible systemic associations,Acute,Typically acute condition or intervention
151,ICD10:N19,Unspecified kidney failure,Moderate,Emerging evidence or plausible systemic associations,Variable,Can be acute or chronic depending on context
152,ICD10:I26.09,Other pulmonary embolism with acute cor pulmonale,Moderate,Emerging evidence or plausible systemic associations,Acute,Typically acute condition or intervention
153,ICD10:I26.99,Other pulmonary embolism without acute cor pulmonale,Moderate,Emerging evidence or plausible systemic associations,Acute,Typically acute condition or intervention
154,ICD10:I26.02,Saddle embolus of pulmonary artery with acute cor pulmonale,Moderate,Emerging evidence or plausible systemic associations,Acute,Typically acute condition or intervention
155,ICD10:I26.92,Saddle embolus of pulmonary artery without acute cor pulmonale,Moderate,Emerging evidence or plausible systemic associations,Acute,Typically acute condition or intervention
156,ICD10:I26.01,Septic pulmonary embolism with acute cor pulmonale,Moderate,Emerging evidence or plausible systemic associations,Acute,Typically acute condition or intervention
157,ICD10:I26.90,Septic pulmonary embolism without acute cor pulmonale,Moderate,Emerging evidence or plausible systemic associations,Acute,Typically acute condition or intervention
158,ICD10:F40.01,Phobic anxiety disorders (F40.01),Unlikely,No clear association with long COVID,Variable,Can be acute or chronic depending on context
159,ICD10:F06.4,Anxiety disorder due to known physiological condition,Moderate-High,Well-documented secondary long COVID symptoms,Chronic,Inherently chronic condition or long-term management required
160,ICD10:F41.9,"Anxiety disorder, unspecified",Moderate-High,Well-documented secondary long COVID symptoms,Chronic,Inherently chronic condition or long-term management required
161,ICD10:F40.240,Claustrophobia,Unlikely,No clear association with long COVID,Variable,Can be acute or chronic depending on context
162,ICD10:F40.243,Fear of blood,Unlikely,No clear association with long COVID,Variable,Can be acute or chronic depending on context
163,ICD10:F40.231,Phobic anxiety disorders (F40.231),Unlikely,No clear association with long COVID,Variable,Can be acute or chronic depending on context
164,ICD10:F41.1,Generalized anxiety disorder,Moderate-High,Well-documented secondary long COVID symptoms,Chronic,Inherently chronic condition or long-term management required
165,ICD10:F41.3,Other mixed anxiety disorders,Moderate-High,Well-documented secondary long COVID symptoms,Chronic,Inherently chronic condition or long-term management required
166,ICD10:F19.980,"Mental, behavioral and neurodevelopmental disorders (F19.980)",Unlikely,No clear association with long COVID,Variable,Can be acute or chronic depending on context
167,ICD10:F41.8,Other specified anxiety disorders,Moderate-High,Well-documented secondary long COVID symptoms,Chronic,Inherently chronic condition or long-term management required
168,ICD10:F40.298,Phobic anxiety disorders (F40.298),Unlikely,No clear association with long COVID,Variable,Can be acute or chronic depending on context
169,ICD10:F41.0,Panic disorder [episodic paroxysmal anxiety],Moderate-High,Well-documented secondary long COVID symptoms,Chronic,Inherently chronic condition or long-term management required
170,ICD10:F40.9,Phobic anxiety disorders (F40.9),Unlikely,No clear association with long COVID,Variable,Can be acute or chronic depending on context
171,ICD10:F94.0,"Mental, behavioral and neurodevelopmental disorders (F94.0)",Unlikely,No clear association with long COVID,Variable,Can be acute or chronic depending on context
172,ICD10:F40.11,Phobic anxiety disorders (F40.11),Unlikely,No clear association with long COVID,Variable,Can be acute or chronic depending on context
173,ICD10:F40.10,Phobic anxiety disorders (F40.10),Unlikely,No clear association with long COVID,Variable,Can be acute or chronic depending on context
174,ICD10:K81.0,Diseases of the digestive system (K81.0),Unlikely,No clear association with long COVID,Acute,Typically acute condition or intervention
175,ICD10:K81.2,Diseases of the digestive system (K81.2),Unlikely,No clear association with long COVID,Variable,Can be acute or chronic depending on context
176,ICD10:K83.5,Other diseases of biliary tract (K83.5),Unlikely,No clear association with long COVID,Variable,Can be acute or chronic depending on context
177,ICD10:K80.46,Cholelithiasis (K80.46),Unlikely,No clear association with long COVID,Acute,Typically acute condition or intervention
178,ICD10:K80.33,Cholelithiasis (K80.33),Unlikely,No clear association with long COVID,Acute,Typically acute condition or intervention
179,ICD10:K80.42,Cholelithiasis (K80.42),Unlikely,No clear association with long COVID,Acute,Typically acute condition or intervention
180,ICD10:K80.30,"Calculus of bile duct without cholangitis or cholecystitis, without obstruction",Unlikely,No clear association with long COVID,Acute,Typically acute condition or intervention
181,ICD10:K80.41,Cholelithiasis (K80.41),Unlikely,No clear association with long COVID,Acute,Typically acute condition or intervention
182,ICD10:K80.40,Cholelithiasis (K80.40),Unlikely,No clear association with long COVID,Acute,Typically acute condition or intervention
183,ICD10:K80.51,Cholelithiasis (K80.51),Unlikely,No clear association with long COVID,Acute,Typically acute condition or intervention
184,ICD10:K80.50,Cholelithiasis (K80.50),Unlikely,No clear association with long COVID,Acute,Typically acute condition or intervention
185,ICD10:K80.66,Cholelithiasis (K80.66),Unlikely,No clear association with long COVID,Acute,Typically acute condition or intervention
186,ICD10:K80.62,Cholelithiasis (K80.62),Unlikely,No clear association with long COVID,Acute,Typically acute condition or intervention
187,ICD10:K80.64,Cholelithiasis (K80.64),Unlikely,No clear association with long COVID,Acute,Typically acute condition or intervention
188,ICD10:K80.71,Cholelithiasis (K80.71),Unlikely,No clear association with long COVID,Acute,Typically acute condition or intervention
189,ICD10:K80.70,Cholelithiasis (K80.70),Unlikely,No clear association with long COVID,Acute,Typically acute condition or intervention
190,ICD10:K80.12,Cholelithiasis (K80.12),Unlikely,No clear association with long COVID,Acute,Typically acute condition or intervention
191,ICD10:K80.01,Cholelithiasis (K80.01),Unlikely,No clear association with long COVID,Acute,Typically acute condition or intervention
192,ICD10:K80.00,Cholelithiasis (K80.00),Unlikely,No clear association with long COVID,Acute,Typically acute condition or intervention
193,ICD10:K80.10,Cholelithiasis (K80.10),Unlikely,No clear association with long COVID,Acute,Typically acute condition or intervention
194,ICD10:K80.18,Cholelithiasis (K80.18),Unlikely,No clear association with long COVID,Acute,Typically acute condition or intervention
195,ICD10:K80.21,Cholelithiasis (K80.21),Unlikely,No clear association with long COVID,Acute,Typically acute condition or intervention
196,ICD10:K80.20,Cholelithiasis (K80.20),Unlikely,No clear association with long COVID,Acute,Typically acute condition or intervention
197,ICD10:K81.9,Diseases of the digestive system (K81.9),Unlikely,No clear association with long COVID,Variable,Can be acute or chronic depending on context
198,ICD10:K82.4,Diseases of the digestive system (K82.4),Unlikely,No clear association with long COVID,Variable,Can be acute or chronic depending on context
199,ICD10:K81.1,Diseases of the digestive system (K81.1),Unlikely,No clear association with long COVID,Variable,Can be acute or chronic depending on context
200,ICD10:K83.9,Other diseases of biliary tract (K83.9),Unlikely,No clear association with long COVID,Variable,Can be acute or chronic depending on context
201,ICD10:K82.9,Diseases of the digestive system (K82.9),Unlikely,No clear association with long COVID,Variable,Can be acute or chronic depending on context
202,ICD10:K83.1,Other diseases of biliary tract (K83.1),Unlikely,No clear association with long COVID,Variable,Can be acute or chronic depending on context
203,ICD10:K82.0,Diseases of the digestive system (K82.0),Unlikely,No clear association with long COVID,Variable,Can be acute or chronic depending on context
204,ICD10:K80.80,Cholelithiasis (K80.80),Unlikely,No clear association with long COVID,Acute,Typically acute condition or intervention
205,ICD10:K83.8,Other diseases of biliary tract (K83.8),Unlikely,No clear association with long COVID,Variable,Can be acute or chronic depending on context
206,ICD10:K82.8,Diseases of the digestive system (K82.8),Unlikely,No clear association with long COVID,Variable,Can be acute or chronic depending on context
207,ICD10:K91.5,Diseases of the digestive system (K91.5),Unlikely,No clear association with long COVID,Variable,Can be acute or chronic depending on context
208,ICD10:H54.40,Blindness and low vision (H54.40),Unlikely,No clear association with long COVID,Variable,Can be acute or chronic depending on context
209,ICD10:H53.013,Visual disturbances (H53.013),Moderate-High,Well-documented secondary long COVID symptoms,Chronic,Inherently chronic condition or long-term management required
210,ICD10:H53.2,Visual disturbances (H53.2),Moderate-High,Well-documented secondary long COVID symptoms,Chronic,Inherently chronic condition or long-term management required
211,ICD10:H53.483,Visual disturbances (H53.483),Moderate-High,Well-documented secondary long COVID symptoms,Chronic,Inherently chronic condition or long-term management required
212,ICD10:H53.482,Visual disturbances (H53.482),Moderate-High,Well-documented secondary long COVID symptoms,Chronic,Inherently chronic condition or long-term management required
213,ICD10:H53.481,Visual disturbances (H53.481),Moderate-High,Well-documented secondary long COVID symptoms,Chronic,Inherently chronic condition or long-term management required
214,ICD10:H53.71,Visual disturbances (H53.71),Moderate-High,Well-documented secondary long COVID symptoms,Chronic,Inherently chronic condition or long-term management required
215,ICD10:H53.47,Visual disturbances (H53.47),Moderate-High,Well-documented secondary long COVID symptoms,Chronic,Inherently chronic condition or long-term management required
216,ICD10:H53.462,Visual disturbances (H53.462),Moderate-High,Well-documented secondary long COVID symptoms,Chronic,Inherently chronic condition or long-term management required
217,ICD10:H53.461,Visual disturbances (H53.461),Moderate-High,Well-documented secondary long COVID symptoms,Chronic,Inherently chronic condition or long-term management required
218,ICD10:H54.8,Blindness and low vision (H54.8),Unlikely,No clear association with long COVID,Variable,Can be acute or chronic depending on context
219,ICD10:H53.453,Visual disturbances (H53.453),Moderate-High,Well-documented secondary long COVID symptoms,Chronic,Inherently chronic condition or long-term management required
220,ICD10:H53.452,Visual disturbances (H53.452),Moderate-High,Well-documented secondary long COVID symptoms,Chronic,Inherently chronic condition or long-term management required
221,ICD10:H53.19,Visual disturbances (H53.19),Moderate-High,Well-documented secondary long COVID symptoms,Chronic,Inherently chronic condition or long-term management required
222,ICD10:H53.8,Visual disturbances (H53.8),Moderate-High,Well-documented secondary long COVID symptoms,Chronic,Inherently chronic condition or long-term management required
223,ICD10:H53.16,Visual disturbances (H53.16),Moderate-High,Well-documented secondary long COVID symptoms,Chronic,Inherently chronic condition or long-term management required
224,ICD10:H53.022,Visual disturbances (H53.022),Moderate-High,Well-documented secondary long COVID symptoms,Chronic,Inherently chronic condition or long-term management required
225,ICD10:H53.021,Visual disturbances (H53.021),Moderate-High,Well-documented secondary long COVID symptoms,Chronic,Inherently chronic condition or long-term management required
226,ICD10:H53.413,Visual disturbances (H53.413),Moderate-High,Well-documented secondary long COVID symptoms,Chronic,Inherently chronic condition or long-term management required
227,ICD10:H53.412,Visual disturbances (H53.412),Moderate-High,Well-documented secondary long COVID symptoms,Chronic,Inherently chronic condition or long-term management required
228,ICD10:H53.411,Visual disturbances (H53.411),Moderate-High,Well-documented secondary long COVID symptoms,Chronic,Inherently chronic condition or long-term management required
229,ICD10:H53.419,Visual disturbances (H53.419),Moderate-High,Well-documented secondary long COVID symptoms,Chronic,Inherently chronic condition or long-term management required
230,ICD10:H53.423,Visual disturbances (H53.423),Moderate-High,Well-documented secondary long COVID symptoms,Chronic,Inherently chronic condition or long-term management required
231,ICD10:H53.433,Visual disturbances (H53.433),Moderate-High,Well-documented secondary long COVID symptoms,Chronic,Inherently chronic condition or long-term management required
232,ICD10:H53.032,Visual disturbances (H53.032),Moderate-High,Well-documented secondary long COVID symptoms,Chronic,Inherently chronic condition or long-term management required
233,ICD10:H53.131,Visual disturbances (H53.131),Moderate-High,Well-documented secondary long COVID symptoms,Chronic,Inherently chronic condition or long-term management required
234,ICD10:H53.139,Visual disturbances (H53.139),Moderate-High,Well-documented secondary long COVID symptoms,Chronic,Inherently chronic condition or long-term management required
235,ICD10:H53.123,Visual disturbances (H53.123),Moderate-High,Well-documented secondary long COVID symptoms,Chronic,Inherently chronic condition or long-term management required
236,ICD10:H53.122,Visual disturbances (H53.122),Moderate-High,Well-documented secondary long COVID symptoms,Chronic,Inherently chronic condition or long-term management required
237,ICD10:H53.121,Visual disturbances (H53.121),Moderate-High,Well-documented secondary long COVID symptoms,Chronic,Inherently chronic condition or long-term management required
238,ICD10:H53.129,Visual disturbances (H53.129),Moderate-High,Well-documented secondary long COVID symptoms,Chronic,Inherently chronic condition or long-term management required
239,ICD10:H54.3,Blindness and low vision (H54.3),Unlikely,No clear association with long COVID,Variable,Can be acute or chronic depending on context
240,ICD10:H54.62,Blindness and low vision (H54.62),Unlikely,No clear association with long COVID,Variable,Can be acute or chronic depending on context
241,ICD10:H54.60,Blindness and low vision (H54.60),Unlikely,No clear association with long COVID,Variable,Can be acute or chronic depending on context
242,ICD10:H54.61,Blindness and low vision (H54.61),Unlikely,No clear association with long COVID,Variable,Can be acute or chronic depending on context
243,ICD10:H53.003,Visual disturbances (H53.003),Moderate-High,Well-documented secondary long COVID symptoms,Chronic,Inherently chronic condition or long-term management required
244,ICD10:H53.002,Visual disturbances (H53.002),Moderate-High,Well-documented secondary long COVID symptoms,Chronic,Inherently chronic condition or long-term management required
245,ICD10:H53.001,Visual disturbances (H53.001),Moderate-High,Well-documented secondary long COVID symptoms,Chronic,Inherently chronic condition or long-term management required
246,ICD10:H53.30,Visual disturbances (H53.30),Moderate-High,Well-documented secondary long COVID symptoms,Chronic,Inherently chronic condition or long-term management required
247,ICD10:H53.60,Visual disturbances (H53.60),Moderate-High,Well-documented secondary long COVID symptoms,Chronic,Inherently chronic condition or long-term management required
248,ICD10:H53.10,Visual disturbances (H53.10),Moderate-High,Well-documented secondary long COVID symptoms,Chronic,Inherently chronic condition or long-term management required
249,ICD10:H53.9,Unspecified visual disturbance,Moderate-High,Well-documented secondary long COVID symptoms,Chronic,Inherently chronic condition or long-term management required
250,ICD10:H53.40,Unspecified visual field defects,Moderate-High,Well-documented secondary long COVID symptoms,Chronic,Inherently chronic condition or long-term management required
251,ICD10:H54.7,Blindness and low vision (H54.7),Unlikely,No clear association with long COVID,Variable,Can be acute or chronic depending on context
252,ICD10:H53.143,"Scotoma involving central area, left eye",Moderate-High,Well-documented secondary long COVID symptoms,Chronic,Inherently chronic condition or long-term management required
253,ICD10:H53.142,"Scotoma involving central area, right eye",Moderate-High,Well-documented secondary long COVID symptoms,Chronic,Inherently chronic condition or long-term management required
254,ICD10:H53.149,"Scotoma involving central area, unspecified eye",Moderate-High,Well-documented secondary long COVID symptoms,Chronic,Inherently chronic condition or long-term management required
255,ICD10:I49.1,Atrial premature depolarization,Moderate-High,Well-documented secondary long COVID symptoms,Can-be-Chronic,Symptom/condition that can become chronic if persistent
256,ICD10:I48.4,Atypical atrial flutter,Moderate-High,Well-documented secondary long COVID symptoms,Chronic,Inherently chronic condition or long-term management required
257,ICD10:I49.9,"Cardiac arrhythmia, unspecified",Moderate-High,Well-documented secondary long COVID symptoms,Can-be-Chronic,Symptom/condition that can become chronic if persistent
258,ICD10:I49.2,Junctional premature depolarization,Moderate-High,Well-documented secondary long COVID symptoms,Can-be-Chronic,Symptom/condition that can become chronic if persistent
259,ICD10:I49.49,Other premature depolarization,Moderate-High,Well-documented secondary long COVID symptoms,Can-be-Chronic,Symptom/condition that can become chronic if persistent
260,ICD10:I49.8,Other specified cardiac arrhythmias,Moderate-High,Well-documented secondary long COVID symptoms,Can-be-Chronic,Symptom/condition that can become chronic if persistent
261,ICD10:I48.0,Paroxysmal atrial fibrillation,Moderate-High,Well-documented secondary long COVID symptoms,Chronic,Inherently chronic condition or long-term management required
262,ICD10:I47.9,"Paroxysmal tachycardia, unspecified",Moderate-High,Well-documented secondary long COVID symptoms,Can-be-Chronic,Symptom/condition that can become chronic if persistent
263,ICD10:I47.0,Re-entry ventricular arrhythmia,Moderate-High,Well-documented secondary long COVID symptoms,Can-be-Chronic,Symptom/condition that can become chronic if persistent
264,ICD10:I49.5,Sick sinus syndrome,Moderate-High,Well-documented secondary long COVID symptoms,Can-be-Chronic,Symptom/condition that can become chronic if persistent
265,ICD10:I47.1,Supraventricular tachycardia,Moderate-High,Well-documented secondary long COVID symptoms,Can-be-Chronic,Symptom/condition that can become chronic if persistent
266,ICD10:I48.3,Typical atrial flutter,Moderate-High,Well-documented secondary long COVID symptoms,Chronic,Inherently chronic condition or long-term management required
267,ICD10:I48.91,Unspecified atrial fibrillation,Moderate-High,Well-documented secondary long COVID symptoms,Chronic,Inherently chronic condition or long-term management required
268,ICD10:I48.92,Unspecified atrial flutter,Moderate-High,Well-documented secondary long COVID symptoms,Chronic,Inherently chronic condition or long-term management required
269,ICD10:I49.40,Unspecified premature depolarization,Moderate-High,Well-documented secondary long COVID symptoms,Can-be-Chronic,Symptom/condition that can become chronic if persistent
270,ICD10:I49.3,Ventricular premature depolarization,Moderate-High,Well-documented secondary long COVID symptoms,Can-be-Chronic,Symptom/condition that can become chronic if persistent
271,ICD10:I47.2,Ventricular tachycardia,Moderate-High,Well-documented secondary long COVID symptoms,Can-be-Chronic,Symptom/condition that can become chronic if persistent
272,ICD10PCS:02HV33Z,Procedure code: PCS: 02HV33Z,Unlikely,No clear association with long COVID,Acute,Typically acute condition or intervention
273,ICD10PCS:02PA0MZ,Procedure code: PCS: 02PA0MZ,Unlikely,No clear association with long COVID,Acute,Typically acute condition or intervention
274,ICD10PCS:0JPT0PZ,Procedure code: PCS: 0JPT0PZ,Unlikely,No clear association with long COVID,Acute,Typically acute condition or intervention
275,ICD10PCS:02H633Z,Procedure code: PCS: 02H633Z,Unlikely,No clear association with long COVID,Acute,Typically acute condition or intervention
276,ICD10PCS:04CK0ZZ,Procedure code: PCS: 04CK0ZZ,Unlikely,No clear association with long COVID,Acute,Typically acute condition or intervention
277,ICD10PCS:04CM0ZZ,Procedure code: PCS: 04CM0ZZ,Unlikely,No clear association with long COVID,Acute,Typically acute condition or intervention
278,ICD10PCS:047M34Z,Procedure code: PCS: 047M34Z,Unlikely,No clear association with long COVID,Acute,Typically acute condition or intervention
279,ICD10PCS:047T3ZZ,Procedure code: PCS: 047T3ZZ,Unlikely,No clear association with long COVID,Acute,Typically acute condition or intervention
280,ICD10PCS:047P3ZZ,Procedure code: PCS: 047P3ZZ,Unlikely,No clear association with long COVID,Acute,Typically acute condition or intervention
281,ICD10PCS:047M3ZZ,Procedure code: PCS: 047M3ZZ,Unlikely,No clear association with long COVID,Acute,Typically acute condition or intervention
282,ICD10PCS:027135Z,Procedure code: PCS: 027135Z,Unlikely,No clear association with long COVID,Acute,Typically acute condition or intervention
283,ICD10PCS:0270346,Procedure code: PCS: 0270346,Unlikely,No clear association with long COVID,Acute,Typically acute condition or intervention
284,ICD10PCS:05HB33Z,Procedure code: PCS: 05HB33Z,Unlikely,No clear association with long COVID,Acute,Typically acute condition or intervention
285,ICD10PCS:0JH608Z,Procedure code: PCS: 0JH608Z,Unlikely,No clear association with long COVID,Acute,Typically acute condition or intervention
286,ICD10PCS:03HY32Z,Procedure code: PCS: 03HY32Z,Unlikely,No clear association with long COVID,Acute,Typically acute condition or intervention
287,ICD10PCS:02583ZZ,Procedure code: PCS: 02583ZZ,Unlikely,No clear association with long COVID,Acute,Typically acute condition or intervention
288,ICD10PCS:027034Z,Procedure code: PCS: 027034Z,Unlikely,No clear association with long COVID,Acute,Typically acute condition or intervention
289,ICD10PCS:02H63JZ,Procedure code: PCS: 02H63JZ,Unlikely,No clear association with long COVID,Acute,Typically acute condition or intervention
290,ICD10PCS:02HK3JZ,Procedure code: PCS: 02HK3JZ,Unlikely,No clear association with long COVID,Acute,Typically acute condition or intervention
291,ICD10PCS:0JH606Z,Procedure code: PCS: 0JH606Z,Unlikely,No clear association with long COVID,Acute,Typically acute condition or intervention
292,ICD10PCS:0JPT0WZ,Procedure code: PCS: 0JPT0WZ,Unlikely,No clear association with long COVID,Acute,Typically acute condition or intervention
293,ICD10PCS:03JY3ZZ,Procedure code: PCS: 03JY3ZZ,Unlikely,No clear association with long COVID,Acute,Typically acute condition or intervention
294,ICD10PCS:03LG3DZ,Procedure code: PCS: 03LG3DZ,Unlikely,No clear association with long COVID,Acute,Typically acute condition or intervention
295,ICD10PCS:04L93DZ,Procedure code: PCS: 04L93DZ,Unlikely,No clear association with long COVID,Acute,Typically acute condition or intervention
296,ICD10PCS:02RF38Z,Procedure code: PCS: 02RF38Z,Unlikely,No clear association with long COVID,Acute,Typically acute condition or intervention
297,ICD10PCS:05HM33Z,Procedure code: PCS: 05HM33Z,Unlikely,No clear association with long COVID,Acute,Typically acute condition or intervention
298,ICD10PCS:037J3DZ,Procedure code: PCS: 037J3DZ,Unlikely,No clear association with long COVID,Acute,Typically acute condition or intervention
299,ICD10PCS:0JH63XZ,Procedure code: PCS: 0JH63XZ,Unlikely,No clear association with long COVID,Acute,Typically acute condition or intervention
300,ICD10PCS:04LE3DZ,Procedure code: PCS: 04LE3DZ,Unlikely,No clear association with long COVID,Acute,Typically acute condition or intervention
301,ICD10PCS:03C23ZZ,Procedure code: PCS: 03C23ZZ,Unlikely,No clear association with long COVID,Acute,Typically acute condition or intervention
302,ICD10PCS:05743DZ,Procedure code: PCS: 05743DZ,Unlikely,No clear association with long COVID,Acute,Typically acute condition or intervention
303,ICD10PCS:0W9D3ZZ,Procedure code: PCS: 0W9D3ZZ,Unlikely,No clear association with long COVID,Acute,Typically acute condition or intervention
304,ICD10PCS:02PYX3Z,Procedure code: PCS: 02PYX3Z,Unlikely,No clear association with long COVID,Acute,Typically acute condition or intervention
305,ICD10PCS:0JPT3WZ,Procedure code: PCS: 0JPT3WZ,Unlikely,No clear association with long COVID,Acute,Typically acute condition or intervention
306,ICD10PCS:025M3ZZ,Procedure code: PCS: 025M3ZZ,Unlikely,No clear association with long COVID,Acute,Typically acute condition or intervention
307,ICD10PCS:X2A5312,Procedure code: PCS: X2A5312,Unlikely,No clear association with long COVID,Acute,Typically acute condition or intervention
308,ICD10PCS:04V93DZ,Procedure code: PCS: 04V93DZ,Unlikely,No clear association with long COVID,Acute,Typically acute condition or intervention
309,ICD10PCS:05HY33Z,Procedure code: PCS: 05HY33Z,Unlikely,No clear association with long COVID,Acute,Typically acute condition or intervention
310,ICD10PCS:03UL0JZ,Procedure code: PCS: 03UL0JZ,Unlikely,No clear association with long COVID,Acute,Typically acute condition or intervention
311,ICD10PCS:03CL0ZZ,Procedure code: PCS: 03CL0ZZ,Unlikely,No clear association with long COVID,Acute,Typically acute condition or intervention
312,ICD10PCS:02RG0JZ,Procedure code: PCS: 02RG0JZ,Unlikely,No clear association with long COVID,Acute,Typically acute condition or intervention
313,ICD10PCS:02RF0JZ,Procedure code: PCS: 02RF0JZ,Unlikely,No clear association with long COVID,Acute,Typically acute condition or intervention
314,ICD10PCS:047M3Z1,Procedure code: PCS: 047M3Z1,Unlikely,No clear association with long COVID,Acute,Typically acute condition or intervention
315,ICD10PCS:047K3Z1,Procedure code: PCS: 047K3Z1,Unlikely,No clear association with long COVID,Acute,Typically acute condition or intervention
316,ICD10PCS:0JH60XZ,Procedure code: PCS: 0JH60XZ,Unlikely,No clear association with long COVID,Acute,Typically acute condition or intervention
317,ICD10PCS:02H63KZ,Procedure code: PCS: 02H63KZ,Unlikely,No clear association with long COVID,Acute,Typically acute condition or intervention
318,ICD10PCS:02HK3KZ,Procedure code: PCS: 02HK3KZ,Unlikely,No clear association with long COVID,Acute,Typically acute condition or intervention
319,ICD10PCS:02H43KZ,Procedure code: PCS: 02H43KZ,Unlikely,No clear association with long COVID,Acute,Typically acute condition or intervention
320,ICD10PCS:027035Z,Procedure code: PCS: 027035Z,Unlikely,No clear association with long COVID,Acute,Typically acute condition or intervention
321,ICD10PCS:0JH60WZ,Procedure code: PCS: 0JH60WZ,Unlikely,No clear association with long COVID,Acute,Typically acute condition or intervention
322,ICD10PCS:04UL3KZ,Procedure code: PCS: 04UL3KZ,Unlikely,No clear association with long COVID,Acute,Typically acute condition or intervention
323,ICD10PCS:04CL0ZZ,Procedure code: PCS: 04CL0ZZ,Unlikely,No clear association with long COVID,Acute,Typically acute condition or intervention
324,ICD10PCS:047J3DZ,Procedure code: PCS: 047J3DZ,Unlikely,No clear association with long COVID,Acute,Typically acute condition or intervention
325,ICD10PCS:05HC33Z,Procedure code: PCS: 05HC33Z,Unlikely,No clear association with long COVID,Acute,Typically acute condition or intervention
326,ICD10PCS:0JPT3XZ,Procedure code: PCS: 0JPT3XZ,Unlikely,No clear association with long COVID,Acute,Typically acute condition or intervention
327,ICD10PCS:05PYX3Z,Procedure code: PCS: 05PYX3Z,Unlikely,No clear association with long COVID,Acute,Typically acute condition or intervention
328,ICD10PCS:06HM33Z,Procedure code: PCS: 06HM33Z,Unlikely,No clear association with long COVID,Acute,Typically acute condition or intervention
329,ICD10PCS:06HN33Z,Procedure code: PCS: 06HN33Z,Unlikely,No clear association with long COVID,Acute,Typically acute condition or intervention
330,ICD10PCS:027F3ZZ,Procedure code: PCS: 027F3ZZ,Unlikely,No clear association with long COVID,Acute,Typically acute condition or intervention
331,ICD10PCS:05QM0ZZ,Procedure code: PCS: 05QM0ZZ,Unlikely,No clear association with long COVID,Acute,Typically acute condition or intervention
332,ICD10PCS:05CM0ZZ,Procedure code: PCS: 05CM0ZZ,Unlikely,No clear association with long COVID,Acute,Typically acute condition or intervention
333,ICD10PCS:04HY32Z,Procedure code: PCS: 04HY32Z,Unlikely,No clear association with long COVID,Acute,Typically acute condition or intervention
334,ICD10PCS:02YA0Z0,Procedure code: PCS: 02YA0Z0,Unlikely,No clear association with long COVID,Acute,Typically acute condition or intervention
335,ICD10PCS:02C00ZZ,Procedure code: PCS: 02C00ZZ,Unlikely,No clear association with long COVID,Acute,Typically acute condition or intervention
336,ICD10PCS:057M3ZZ,Procedure code: PCS: 057M3ZZ,Unlikely,No clear association with long COVID,Acute,Typically acute condition or intervention
337,ICD10PCS:05JYXZZ,Procedure code: PCS: 05JYXZZ,Unlikely,No clear association with long COVID,Acute,Typically acute condition or intervention
338,ICD10PCS:02703ZZ,Procedure code: PCS: 02703ZZ,Unlikely,No clear association with long COVID,Acute,Typically acute condition or intervention
339,ICD10PCS:0272366,Procedure code: PCS: 0272366,Unlikely,No clear association with long COVID,Acute,Typically acute condition or intervention
340,ICD10PCS:0JH607Z,Procedure code: PCS: 0JH607Z,Unlikely,No clear association with long COVID,Acute,Typically acute condition or intervention
341,ICD10PCS:0JH636Z,Procedure code: PCS: 0JH636Z,Unlikely,No clear association with long COVID,Acute,Typically acute condition or intervention
342,ICD10PCS:047R3ZZ,Procedure code: PCS: 047R3ZZ,Unlikely,No clear association with long COVID,Acute,Typically acute condition or intervention
343,ICD10PCS:047K3ZZ,Procedure code: PCS: 047K3ZZ,Unlikely,No clear association with long COVID,Acute,Typically acute condition or intervention
344,ICD10PCS:027036Z,Procedure code: PCS: 027036Z,Unlikely,No clear association with long COVID,Acute,Typically acute condition or intervention
345,ICD10PCS:02HA3RZ,Procedure code: PCS: 02HA3RZ,Unlikely,No clear association with long COVID,Acute,Typically acute condition or intervention
346,ICD10PCS:04LF3DZ,Procedure code: PCS: 04LF3DZ,Unlikely,No clear association with long COVID,Acute,Typically acute condition or intervention
347,ICD10PCS:047L3Z1,Procedure code: PCS: 047L3Z1,Unlikely,No clear association with long COVID,Acute,Typically acute condition or intervention
348,ICD10PCS:047N3Z1,Procedure code: PCS: 047N3Z1,Unlikely,No clear association with long COVID,Acute,Typically acute condition or intervention
349,ICD10PCS:0W9D30Z,Procedure code: PCS: 0W9D30Z,Unlikely,No clear association with long COVID,Acute,Typically acute condition or intervention
350,ICD10PCS:04V43DZ,Procedure code: PCS: 04V43DZ,Unlikely,No clear association with long COVID,Acute,Typically acute condition or intervention
351,ICD10PCS:05753ZZ,Procedure code: PCS: 05753ZZ,Unlikely,No clear association with long COVID,Acute,Typically acute condition or intervention
352,ICD10PCS:02RF08Z,Procedure code: PCS: 02RF08Z,Unlikely,No clear association with long COVID,Acute,Typically acute condition or intervention
353,ICD10PCS:02BK3ZX,Procedure code: PCS: 02BK3ZX,Unlikely,No clear association with long COVID,Acute,Typically acute condition or intervention
354,ICD10PCS:02Q50ZZ,Procedure code: PCS: 02Q50ZZ,Unlikely,No clear association with long COVID,Acute,Typically acute condition or intervention
355,ICD10PCS:02UN08Z,Procedure code: PCS: 02UN08Z,Unlikely,No clear association with long COVID,Acute,Typically acute condition or intervention
356,ICD10PCS:02HA0QZ,Procedure code: PCS: 02HA0QZ,Unlikely,No clear association with long COVID,Acute,Typically acute condition or intervention
357,ICD10PCS:02100Z9,Procedure code: PCS: 02100Z9,Unlikely,No clear association with long COVID,Acute,Typically acute condition or intervention
358,ICD10PCS:021009W,Procedure code: PCS: 021009W,Unlikely,No clear association with long COVID,Acute,Typically acute condition or intervention
359,ICD10PCS:06BQ4ZZ,Procedure code: PCS: 06BQ4ZZ,Unlikely,No clear association with long COVID,Acute,Typically acute condition or intervention
360,ICD10PCS:02UX0JZ,Procedure code: PCS: 02UX0JZ,Unlikely,No clear association with long COVID,Acute,Typically acute condition or intervention
361,ICD10PCS:031H0ZJ,Procedure code: PCS: 031H0ZJ,Unlikely,No clear association with long COVID,Acute,Typically acute condition or intervention
362,ICD10PCS:047C3DZ,Procedure code: PCS: 047C3DZ,Unlikely,No clear association with long COVID,Acute,Typically acute condition or intervention
363,ICD10PCS:047K34Z,Procedure code: PCS: 047K34Z,Unlikely,No clear association with long COVID,Acute,Typically acute condition or intervention
364,ICD10PCS:047T34Z,Procedure code: PCS: 047T34Z,Unlikely,No clear association with long COVID,Acute,Typically acute condition or intervention
365,ICD10PCS:047K3DZ,Procedure code: PCS: 047K3DZ,Unlikely,No clear association with long COVID,Acute,Typically acute condition or intervention
366,ICD10PCS:0JHF3XZ,Procedure code: PCS: 0JHF3XZ,Unlikely,No clear association with long COVID,Acute,Typically acute condition or intervention
367,ICD10PCS:06PYX3Z,Procedure code: PCS: 06PYX3Z,Unlikely,No clear association with long COVID,Acute,Typically acute condition or intervention
368,ICD10PCS:05HN33Z,Procedure code: PCS: 05HN33Z,Unlikely,No clear association with long COVID,Acute,Typically acute condition or intervention
369,ICD10PCS:02703DZ,Procedure code: PCS: 02703DZ,Unlikely,No clear association with long COVID,Acute,Typically acute condition or intervention
370,ICD10PCS:06183J4,Procedure code: PCS: 06183J4,Unlikely,No clear association with long COVID,Acute,Typically acute condition or intervention
371,ICD10PCS:03VN3DZ,Procedure code: PCS: 03VN3DZ,Unlikely,No clear association with long COVID,Acute,Typically acute condition or intervention
372,ICD10PCS:03VM3DZ,Procedure code: PCS: 03VM3DZ,Unlikely,No clear association with long COVID,Acute,Typically acute condition or intervention
373,ICD10PCS:02HP32Z,Procedure code: PCS: 02HP32Z,Unlikely,No clear association with long COVID,Acute,Typically acute condition or intervention
374,ICD10PCS:02Q00ZZ,Procedure code: PCS: 02Q00ZZ,Unlikely,No clear association with long COVID,Acute,Typically acute condition or intervention
375,ICD10PCS:04CL3ZZ,Procedure code: PCS: 04CL3ZZ,Unlikely,No clear association with long COVID,Acute,Typically acute condition or intervention
376,ICD10PCS:067N3ZZ,Procedure code: PCS: 067N3ZZ,Unlikely,No clear association with long COVID,Acute,Typically acute condition or intervention
377,ICD10:J47.1,Diseases of the respiratory system (J47.1),Unlikely,No clear association with long COVID,Chronic,Inherently chronic condition or long-term management required
378,ICD10:J47.0,Diseases of the respiratory system (J47.0),Unlikely,No clear association with long COVID,Chronic,Inherently chronic condition or long-term management required
379,ICD10:J47.9,Diseases of the respiratory system (J47.9),Unlikely,No clear association with long COVID,Chronic,Inherently chronic condition or long-term management required
380,ICD10:J43.2,Diseases of the respiratory system (J43.2),Unlikely,No clear association with long COVID,Variable,Can be acute or chronic depending on context
381,ICD10:J44.1,Diseases of the respiratory system (J44.1),Unlikely,No clear association with long COVID,Chronic,Inherently chronic condition or long-term management required
382,ICD10:J44.0,Diseases of the respiratory system (J44.0),Unlikely,No clear association with long COVID,Chronic,Inherently chronic condition or long-term management required
383,ICD10:J44.9,Diseases of the respiratory system (J44.9),Unlikely,No clear association with long COVID,Chronic,Inherently chronic condition or long-term management required
384,ICD10:J43.9,Diseases of the respiratory system (J43.9),Unlikely,No clear association with long COVID,Variable,Can be acute or chronic depending on context
385,ICD10:J41.8,Diseases of the respiratory system (J41.8),Unlikely,No clear association with long COVID,Variable,Can be acute or chronic depending on context
386,ICD10:J41.1,Diseases of the respiratory system (J41.1),Unlikely,No clear association with long COVID,Variable,Can be acute or chronic depending on context
387,ICD10:J43.8,Diseases of the respiratory system (J43.8),Unlikely,No clear association with long COVID,Variable,Can be acute or chronic depending on context
388,ICD10:J43.1,Diseases of the respiratory system (J43.1),Unlikely,No clear association with long COVID,Variable,Can be acute or chronic depending on context
389,ICD10:J41.0,Diseases of the respiratory system (J41.0),Unlikely,No clear association with long COVID,Variable,Can be acute or chronic depending on context
390,ICD10:J42,Diseases of the respiratory system (J42),Unlikely,No clear association with long COVID,Variable,Can be acute or chronic depending on context
391,ICD10:R01.0,Other specified abnormal findings (R01),Unlikely,No clear association with long COVID,Variable,Can be acute or chronic depending on context
392,ICD10:R00.1,Other specified abnormal findings (R00),Unlikely,No clear association with long COVID,Variable,Can be acute or chronic depending on context
393,ICD10:R01.1,Other specified abnormal findings (R01),Unlikely,No clear association with long COVID,Variable,Can be acute or chronic depending on context
394,ICD10:R03.0,Other specified abnormal findings (R03),Unlikely,No clear association with long COVID,Variable,Can be acute or chronic depending on context
395,ICD10:R58,Other specified abnormal findings (R58),Unlikely,No clear association with long COVID,Variable,Can be acute or chronic depending on context
396,ICD10:R03.1,Other specified abnormal findings (R03),Unlikely,No clear association with long COVID,Variable,Can be acute or chronic depending on context
397,ICD10:R00.8,Other specified abnormal findings (R00),Unlikely,No clear association with long COVID,Variable,Can be acute or chronic depending on context
398,ICD10:R01.2,Other specified abnormal findings (R01),Unlikely,No clear association with long COVID,Variable,Can be acute or chronic depending on context
399,ICD10:R09.89,Other specified symptoms involving circulatory and respiratory systems,High,Core long COVID symptoms with strong evidence,Can-be-Chronic,Symptom/condition that can become chronic if persistent
400,ICD10:R00.2,Other specified abnormal findings (R00),Unlikely,No clear association with long COVID,Variable,Can be acute or chronic depending on context
401,ICD10:R00.0,Other specified abnormal findings (R00),Unlikely,No clear association with long COVID,Variable,Can be acute or chronic depending on context
402,ICD10:R00.9,Other specified abnormal findings (R00),Unlikely,No clear association with long COVID,Variable,Can be acute or chronic depending on context
403,ICD10:I44.2,Diseases of the circulatory system (I44.2),Unlikely,No clear association with long COVID,Variable,Can be acute or chronic depending on context
404,ICD10:I44.0,Diseases of the circulatory system (I44.0),Unlikely,No clear association with long COVID,Variable,Can be acute or chronic depending on context
405,ICD10:I44.1,Diseases of the circulatory system (I44.1),Unlikely,No clear association with long COVID,Variable,Can be acute or chronic depending on context
406,ICD10:I45.2,Diseases of the circulatory system (I45.2),Unlikely,No clear association with long COVID,Variable,Can be acute or chronic depending on context
407,ICD10:I45.9,Diseases of the circulatory system (I45.9),Unlikely,No clear association with long COVID,Variable,Can be acute or chronic depending on context
408,ICD10:Z45.018,Encounter for adjustment and management of implanted device (Z45.018),Unlikely,No clear association with long COVID,Variable,Can be acute or chronic depending on context
409,ICD10:I44.4,Diseases of the circulatory system (I44.4),Unlikely,No clear association with long COVID,Variable,Can be acute or chronic depending on context
410,ICD10:I44.7,Diseases of the circulatory system (I44.7),Unlikely,No clear association with long COVID,Variable,Can be acute or chronic depending on context
411,ICD10:I44.5,Diseases of the circulatory system (I44.5),Unlikely,No clear association with long COVID,Variable,Can be acute or chronic depending on context
412,ICD10:I45.81,Diseases of the circulatory system (I45.81),Unlikely,No clear association with long COVID,Variable,Can be acute or chronic depending on context
413,ICD10:I45.4,Diseases of the circulatory system (I45.4),Unlikely,No clear association with long COVID,Variable,Can be acute or chronic depending on context
414,ICD10:I44.39,Diseases of the circulatory system (I44.39),Unlikely,No clear association with long COVID,Variable,Can be acute or chronic depending on context
415,ICD10:I45.19,Diseases of the circulatory system (I45.19),Unlikely,No clear association with long COVID,Variable,Can be acute or chronic depending on context
416,ICD10:I45.89,Diseases of the circulatory system (I45.89),Unlikely,No clear association with long COVID,Variable,Can be acute or chronic depending on context
417,ICD10:I45.5,Diseases of the circulatory system (I45.5),Unlikely,No clear association with long COVID,Variable,Can be acute or chronic depending on context
418,ICD10:I45.6,Diseases of the circulatory system (I45.6),Unlikely,No clear association with long COVID,Variable,Can be acute or chronic depending on context
419,ICD10:Z95.0,Factors influencing health status and contact with health services (Z95.0),Unlikely,No clear association with long COVID,Variable,Can be acute or chronic depending on context
420,ICD10:I45.0,Diseases of the circulatory system (I45.0),Unlikely,No clear association with long COVID,Variable,Can be acute or chronic depending on context
421,ICD10:I45.3,Diseases of the circulatory system (I45.3),Unlikely,No clear association with long COVID,Variable,Can be acute or chronic depending on context
422,ICD10:I44.30,Diseases of the circulatory system (I44.30),Unlikely,No clear association with long COVID,Variable,Can be acute or chronic depending on context
423,ICD10:I45.10,Diseases of the circulatory system (I45.10),Unlikely,No clear association with long COVID,Variable,Can be acute or chronic depending on context
424,ICD10:I24.0,Diseases of the circulatory system (I24.0),Unlikely,No clear association with long COVID,Variable,Can be acute or chronic depending on context
425,ICD10:I24.9,Diseases of the circulatory system (I24.9),Unlikely,No clear association with long COVID,Variable,Can be acute or chronic depending on context
426,ICD10:I20.1,Diseases of the circulatory system (I20.1),Unlikely,No clear association with long COVID,Variable,Can be acute or chronic depending on context
427,ICD10:I20.9,Diseases of the circulatory system (I20.9),Unlikely,No clear association with long COVID,Variable,Can be acute or chronic depending on context
428,ICD10:I25.768,Diseases of the circulatory system (I25.768),Unlikely,No clear association with long COVID,Chronic,Inherently chronic condition or long-term management required
429,ICD10:I25.812,Diseases of the circulatory system (I25.812),Unlikely,No clear association with long COVID,Chronic,Inherently chronic condition or long-term management required
430,ICD10:I25.810,Diseases of the circulatory system (I25.810),Unlikely,No clear association with long COVID,Chronic,Inherently chronic condition or long-term management required
431,ICD10:I25.709,Diseases of the circulatory system (I25.709),Unlikely,No clear association with long COVID,Chronic,Inherently chronic condition or long-term management required
432,ICD10:I25.750,Diseases of the circulatory system (I25.750),Unlikely,No clear association with long COVID,Chronic,Inherently chronic condition or long-term management required
433,ICD10:I25.811,Diseases of the circulatory system (I25.811),Unlikely,No clear association with long COVID,Chronic,Inherently chronic condition or long-term management required
434,ICD10:I25.111,Diseases of the circulatory system (I25.111),Unlikely,No clear association with long COVID,Chronic,Inherently chronic condition or long-term management required
435,ICD10:I25.118,Diseases of the circulatory system (I25.118),Unlikely,No clear association with long COVID,Chronic,Inherently chronic condition or long-term management required
436,ICD10:I25.119,Diseases of the circulatory system (I25.119),Unlikely,No clear association with long COVID,Chronic,Inherently chronic condition or long-term management required
437,ICD10:I25.110,Diseases of the circulatory system (I25.110),Unlikely,No clear association with long COVID,Chronic,Inherently chronic condition or long-term management required
438,ICD10:I25.10,Diseases of the circulatory system (I25.10),Unlikely,No clear association with long COVID,Chronic,Inherently chronic condition or long-term management required
439,ICD10:I25.9,Diseases of the circulatory system (I25.9),Unlikely,No clear association with long COVID,Chronic,Inherently chronic condition or long-term management required
440,ICD10:I25.82,Diseases of the circulatory system (I25.82),Unlikely,No clear association with long COVID,Chronic,Inherently chronic condition or long-term management required
441,ICD10:Z98.61,Factors influencing health status and contact with health services (Z98.61),Unlikely,No clear association with long COVID,Variable,Can be acute or chronic depending on context
442,ICD10:I25.84,Diseases of the circulatory system (I25.84),Unlikely,No clear association with long COVID,Chronic,Inherently chronic condition or long-term management required
443,ICD10:I25.83,Diseases of the circulatory system (I25.83),Unlikely,No clear association with long COVID,Chronic,Inherently chronic condition or long-term management required
444,ICD10:I25.2,Diseases of the circulatory system (I25.2),Unlikely,No clear association with long COVID,Chronic,Inherently chronic condition or long-term management required
445,ICD10:I24.8,Diseases of the circulatory system (I24.8),Unlikely,No clear association with long COVID,Variable,Can be acute or chronic depending on context
446,ICD10:I20.8,Diseases of the circulatory system (I20.8),Unlikely,No clear association with long COVID,Variable,Can be acute or chronic depending on context
447,ICD10:Z95.1,Factors influencing health status and contact with health services (Z95.1),Unlikely,No clear association with long COVID,Variable,Can be acute or chronic depending on context
448,ICD10:Z95.5,Factors influencing health status and contact with health services (Z95.5),Unlikely,No clear association with long COVID,Variable,Can be acute or chronic depending on context
449,ICD10:I20.0,Diseases of the circulatory system (I20.0),Unlikely,No clear association with long COVID,Variable,Can be acute or chronic depending on context
450,ICD10:F34.1,"Mental, behavioral and neurodevelopmental disorders (F34.1)",Unlikely,No clear association with long COVID,Variable,Can be acute or chronic depending on context
451,ICD10:F33.2,"Mental, behavioral and neurodevelopmental disorders (F33.2)",Unlikely,No clear association with long COVID,Chronic,Inherently chronic condition or long-term management required
452,ICD10:F33.41,"Mental, behavioral and neurodevelopmental disorders (F33.41)",Unlikely,No clear association with long COVID,Chronic,Inherently chronic condition or long-term management required
453,ICD10:F33.0,"Mental, behavioral and neurodevelopmental disorders (F33.0)",Unlikely,No clear association with long COVID,Chronic,Inherently chronic condition or long-term management required
454,ICD10:F33.1,"Mental, behavioral and neurodevelopmental disorders (F33.1)",Unlikely,No clear association with long COVID,Chronic,Inherently chronic condition or long-term management required
455,ICD10:F33.3,"Mental, behavioral and neurodevelopmental disorders (F33.3)",Unlikely,No clear association with long COVID,Chronic,Inherently chronic condition or long-term management required
456,ICD10:F33.9,"Mental, behavioral and neurodevelopmental disorders (F33.9)",Unlikely,No clear association with long COVID,Chronic,Inherently chronic condition or long-term management required
457,ICD10:F32.4,Depressive episode (F32.4),Unlikely,No clear association with long COVID,Chronic,Inherently chronic condition or long-term management required
458,ICD10:F32.0,Depressive episode (F32.0),Unlikely,No clear association with long COVID,Chronic,Inherently chronic condition or long-term management required
459,ICD10:F32.1,Depressive episode (F32.1),Unlikely,No clear association with long COVID,Chronic,Inherently chronic condition or long-term management required
460,ICD10:F32.3,Depressive episode (F32.3),Unlikely,No clear association with long COVID,Chronic,Inherently chronic condition or long-term management required
461,ICD10:F32.2,Depressive episode (F32.2),Unlikely,No clear association with long COVID,Chronic,Inherently chronic condition or long-term management required
462,ICD10:F32.9,Depressive episode (F32.9),Unlikely,No clear association with long COVID,Chronic,Inherently chronic condition or long-term management required
463,ICD10:F06.31,Other mental disorders due to known physiological condition (F06.31),Unlikely,No clear association with long COVID,Variable,Can be acute or chronic depending on context
464,ICD10:F06.34,Other mental disorders due to known physiological condition (F06.34),Unlikely,No clear association with long COVID,Variable,Can be acute or chronic depending on context
465,ICD10:F33.8,"Mental, behavioral and neurodevelopmental disorders (F33.8)",Unlikely,No clear association with long COVID,Chronic,Inherently chronic condition or long-term management required
466,ICD10:O90.6,"Pregnancy, childbirth and the puerperium (O90.6)",Unlikely,No clear association with long COVID,Acute,Typically acute condition or intervention
467,ICD10:O99.810,"Pregnancy, childbirth and the puerperium (O99.810)",Unlikely,No clear association with long COVID,Acute,Typically acute condition or intervention
468,ICD10:E08.51,Diabetes mellitus due to underlying condition (E08.51),Unlikely,No clear association with long COVID,Variable,Can be acute or chronic depending on context
469,ICD10:E08.65,Diabetes mellitus due to underlying condition (E08.65),Unlikely,No clear association with long COVID,Variable,Can be acute or chronic depending on context
470,ICD10:E08.00,Diabetes mellitus due to underlying condition (E08.00),Unlikely,No clear association with long COVID,Variable,Can be acute or chronic depending on context
471,ICD10:E08.649,Diabetes mellitus due to underlying condition (E08.649),Unlikely,No clear association with long COVID,Variable,Can be acute or chronic depending on context
472,ICD10:E08.10,Diabetes mellitus due to underlying condition (E08.10),Unlikely,No clear association with long COVID,Variable,Can be acute or chronic depending on context
473,ICD10:E08.59,Diabetes mellitus due to underlying condition (E08.59),Unlikely,No clear association with long COVID,Variable,Can be acute or chronic depending on context
474,ICD10:E08.29,Diabetes mellitus due to underlying condition (E08.29),Unlikely,No clear association with long COVID,Variable,Can be acute or chronic depending on context
475,ICD10:E08.628,Diabetes mellitus due to underlying condition (E08.628),Unlikely,No clear association with long COVID,Variable,Can be acute or chronic depending on context
476,ICD10:E08.69,Diabetes mellitus due to underlying condition (E08.69),Unlikely,No clear association with long COVID,Variable,Can be acute or chronic depending on context
477,ICD10:E08.8,Diabetes mellitus due to underlying condition (E08.8),Unlikely,No clear association with long COVID,Variable,Can be acute or chronic depending on context
478,ICD10:E08.9,Diabetes mellitus due to underlying condition (E08.9),Unlikely,No clear association with long COVID,Variable,Can be acute or chronic depending on context
479,ICD10:E09.65,"Endocrine, nutritional and metabolic diseases (E09.65)",Unlikely,No clear association with long COVID,Variable,Can be acute or chronic depending on context
480,ICD10:E09.69,"Endocrine, nutritional and metabolic diseases (E09.69)",Unlikely,No clear association with long COVID,Variable,Can be acute or chronic depending on context
481,ICD10:E09.8,"Endocrine, nutritional and metabolic diseases (E09.8)",Unlikely,No clear association with long COVID,Variable,Can be acute or chronic depending on context
482,ICD10:E09.9,"Endocrine, nutritional and metabolic diseases (E09.9)",Unlikely,No clear association with long COVID,Variable,Can be acute or chronic depending on context
483,ICD10:O24.410,"Diabetes mellitus in pregnancy, childbirth, and the puerperium (O24.410)",Unlikely,No clear association with long COVID,Acute,Typically acute condition or intervention
484,ICD10:O24.414,"Diabetes mellitus in pregnancy, childbirth, and the puerperium (O24.414)",Unlikely,No clear association with long COVID,Acute,Typically acute condition or intervention
485,ICD10:O24.419,"Diabetes mellitus in pregnancy, childbirth, and the puerperium (O24.419)",Unlikely,No clear association with long COVID,Acute,Typically acute condition or intervention
486,ICD10:O24.811,"Diabetes mellitus in pregnancy, childbirth, and the puerperium (O24.811)",Unlikely,No clear association with long COVID,Acute,Typically acute condition or intervention
487,ICD10:O24.812,"Diabetes mellitus in pregnancy, childbirth, and the puerperium (O24.812)",Unlikely,No clear association with long COVID,Acute,Typically acute condition or intervention
488,ICD10:E13.51,"Endocrine, nutritional and metabolic diseases (E13.51)",Unlikely,No clear association with long COVID,Variable,Can be acute or chronic depending on context
489,ICD10:E13.65,"Endocrine, nutritional and metabolic diseases (E13.65)",Unlikely,No clear association with long COVID,Variable,Can be acute or chronic depending on context
490,ICD10:E13.649,"Endocrine, nutritional and metabolic diseases (E13.649)",Unlikely,No clear association with long COVID,Variable,Can be acute or chronic depending on context
491,ICD10:E13.10,"Endocrine, nutritional and metabolic diseases (E13.10)",Unlikely,No clear association with long COVID,Variable,Can be acute or chronic depending on context
492,ICD10:E13.49,"Endocrine, nutritional and metabolic diseases (E13.49)",Unlikely,No clear association with long COVID,Variable,Can be acute or chronic depending on context
493,ICD10:E13.69,"Endocrine, nutritional and metabolic diseases (E13.69)",Unlikely,No clear association with long COVID,Variable,Can be acute or chronic depending on context
494,ICD10:E13.9,"Endocrine, nutritional and metabolic diseases (E13.9)",Unlikely,No clear association with long COVID,Variable,Can be acute or chronic depending on context
495,ICD10:E89.1,Postprocedural endocrine and metabolic complications and disorders (E89.1),Moderate,Emerging evidence or plausible systemic associations,Variable,Can be acute or chronic depending on context
496,ICD10:O24.011,"Diabetes mellitus in pregnancy, childbirth, and the puerperium (O24.011)",Unlikely,No clear association with long COVID,Acute,Typically acute condition or intervention
497,ICD10:O24.012,"Diabetes mellitus in pregnancy, childbirth, and the puerperium (O24.012)",Unlikely,No clear association with long COVID,Acute,Typically acute condition or intervention
498,ICD10:O24.019,"Diabetes mellitus in pregnancy, childbirth, and the puerperium (O24.019)",Unlikely,No clear association with long COVID,Acute,Typically acute condition or intervention
499,ICD10:O24.111,"Diabetes mellitus in pregnancy, childbirth, and the puerperium (O24.111)",Unlikely,No clear association with long COVID,Acute,Typically acute condition or intervention
500,ICD10:O24.112,"Diabetes mellitus in pregnancy, childbirth, and the puerperium (O24.112)",Unlikely,No clear association with long COVID,Acute,Typically acute condition or intervention
501,ICD10:O24.113,"Diabetes mellitus in pregnancy, childbirth, and the puerperium (O24.113)",Unlikely,No clear association with long COVID,Acute,Typically acute condition or intervention
502,ICD10:O24.119,"Diabetes mellitus in pregnancy, childbirth, and the puerperium (O24.119)",Unlikely,No clear association with long COVID,Acute,Typically acute condition or intervention
503,ICD10:O24.911,"Diabetes mellitus in pregnancy, childbirth, and the puerperium (O24.911)",Unlikely,No clear association with long COVID,Acute,Typically acute condition or intervention
504,ICD10:O24.912,"Diabetes mellitus in pregnancy, childbirth, and the puerperium (O24.912)",Unlikely,No clear association with long COVID,Acute,Typically acute condition or intervention
505,ICD10:O24.913,"Diabetes mellitus in pregnancy, childbirth, and the puerperium (O24.913)",Unlikely,No clear association with long COVID,Acute,Typically acute condition or intervention
506,ICD10:O24.919,"Diabetes mellitus in pregnancy, childbirth, and the puerperium (O24.919)",Unlikely,No clear association with long COVID,Acute,Typically acute condition or intervention
507,ICD10:O24.319,"Diabetes mellitus in pregnancy, childbirth, and the puerperium (O24.319)",Unlikely,No clear association with long COVID,Acute,Typically acute condition or intervention
508,ICD10:E11.51,Type 2 diabetes mellitus with diabetic peripheral angiopathy without gangrene,Unlikely,No clear association with long COVID,Chronic,Inherently chronic condition or long-term management required
509,ICD10:E11.65,Type 2 diabetes mellitus with hyperglycemia,Unlikely,No clear association with long COVID,Chronic,Inherently chronic condition or long-term management required
510,ICD10:E11.00,Type 2 diabetes mellitus with hyperosmolarity without nonketotic hyperglycemic-hyperosmolar coma,Unlikely,No clear association with long COVID,Chronic,Inherently chronic condition or long-term management required
511,ICD10:E11.649,Type 2 diabetes mellitus with hypoglycemia without coma,Unlikely,No clear association with long COVID,Chronic,Inherently chronic condition or long-term management required
512,ICD10:E11.59,Type 2 diabetes mellitus with other circulatory complications,Unlikely,No clear association with long COVID,Chronic,Inherently chronic condition or long-term management required
513,ICD10:E11.29,Type 2 diabetes mellitus with other diabetic kidney complication,Unlikely,No clear association with long COVID,Chronic,Inherently chronic condition or long-term management required
514,ICD10:E11.49,Type 2 diabetes mellitus with other diabetic neurological complication,Unlikely,No clear association with long COVID,Chronic,Inherently chronic condition or long-term management required
515,ICD10:E11.39,Type 2 diabetes mellitus with other diabetic ophthalmic complication,Unlikely,No clear association with long COVID,Chronic,Inherently chronic condition or long-term management required
516,ICD10:E11.628,Type 2 diabetes mellitus with other skin complications,Unlikely,No clear association with long COVID,Chronic,Inherently chronic condition or long-term management required
517,ICD10:E11.69,Type 2 diabetes mellitus with other specified complication,Unlikely,No clear association with long COVID,Chronic,Inherently chronic condition or long-term management required
518,ICD10:E11.8,Type 2 diabetes mellitus with unspecified complications,Unlikely,No clear association with long COVID,Chronic,Inherently chronic condition or long-term management required
519,ICD10:E11.9,Type 2 diabetes mellitus without complications,Unlikely,No clear association with long COVID,Chronic,Inherently chronic condition or long-term management required
520,ICD10:E13.40,"Endocrine, nutritional and metabolic diseases (E13.40)",Unlikely,No clear association with long COVID,Variable,Can be acute or chronic depending on context
521,ICD10:E13.42,"Endocrine, nutritional and metabolic diseases (E13.42)",Unlikely,No clear association with long COVID,Variable,Can be acute or chronic depending on context
522,ICD10:E10.40,"Type 1 diabetes mellitus with diabetic neuropathy, unspecified",Unlikely,No clear association with long COVID,Chronic,Inherently chronic condition or long-term management required
523,ICD10:E10.42,Type 1 diabetes mellitus with diabetic polyneuropathy,Unlikely,No clear association with long COVID,Chronic,Inherently chronic condition or long-term management required
524,ICD10:E11.43,Type 2 diabetes mellitus with diabetic autonomic (poly)neuropathy,Unlikely,No clear association with long COVID,Chronic,Inherently chronic condition or long-term management required
525,ICD10:E11.40,Type 2 diabetes mellitus (E11.40),Unlikely,No clear association with long COVID,Chronic,Inherently chronic condition or long-term management required
526,ICD10:E11.42,Type 2 diabetes mellitus (E11.42),Unlikely,No clear association with long COVID,Chronic,Inherently chronic condition or long-term management required
527,ICD10:E08.22,Diabetes mellitus due to underlying condition (E08.22),Unlikely,No clear association with long COVID,Variable,Can be acute or chronic depending on context
528,ICD10:E08.21,Diabetes mellitus due to underlying condition (E08.21),Unlikely,No clear association with long COVID,Variable,Can be acute or chronic depending on context
529,ICD10:E09.22,"Endocrine, nutritional and metabolic diseases (E09.22)",Unlikely,No clear association with long COVID,Variable,Can be acute or chronic depending on context
530,ICD10:E10.22,"Endocrine, nutritional and metabolic diseases (E10.22)",Unlikely,No clear association with long COVID,Chronic,Inherently chronic condition or long-term management required
531,ICD10:E11.22,Type 2 diabetes mellitus (E11.22),Unlikely,No clear association with long COVID,Chronic,Inherently chronic condition or long-term management required
532,ICD10:E11.21,Type 2 diabetes mellitus (E11.21),Unlikely,No clear association with long COVID,Chronic,Inherently chronic condition or long-term management required
533,ICD10:E78.3,Disorders of lipoprotein metabolism and other lipidemia (E78.3),Unlikely,No clear association with long COVID,Variable,Can be acute or chronic depending on context
534,ICD10:E78.5,Disorders of lipoprotein metabolism and other lipidemia (E78.5),Unlikely,No clear association with long COVID,Variable,Can be acute or chronic depending on context
535,ICD10:E78.2,Disorders of lipoprotein metabolism and other lipidemia (E78.2),Unlikely,No clear association with long COVID,Variable,Can be acute or chronic depending on context
536,ICD10:E78.1,Disorders of lipoprotein metabolism and other lipidemia (E78.1),Unlikely,No clear association with long COVID,Variable,Can be acute or chronic depending on context
537,ICD10:R13.11,"Dysphagia, oral phase",Low,Possible association based on systemic inflammation patterns,Can-be-Chronic,Symptom/condition that can become chronic if persistent
538,ICD10:R13.12,"Dysphagia, oropharyngeal phase",Low,Possible association based on systemic inflammation patterns,Can-be-Chronic,Symptom/condition that can become chronic if persistent
539,ICD10:R13.13,"Dysphagia, pharyngeal phase",Low,Possible association based on systemic inflammation patterns,Can-be-Chronic,Symptom/condition that can become chronic if persistent
540,ICD10:R13.14,"Dysphagia, pharyngoesophageal phase",Low,Possible association based on systemic inflammation patterns,Can-be-Chronic,Symptom/condition that can become chronic if persistent
541,ICD10:R13.10,"Dysphagia, unspecified",Low,Possible association based on systemic inflammation patterns,Can-be-Chronic,Symptom/condition that can become chronic if persistent
542,ICD10:R13.19,Other dysphagia,Low,Possible association based on systemic inflammation patterns,Can-be-Chronic,Symptom/condition that can become chronic if persistent
543,ICD10:K22.0,Other diseases of esophagus (K22.0),Unlikely,No clear association with long COVID,Variable,Can be acute or chronic depending on context
544,ICD10:K22.719,Other diseases of esophagus (K22.719),Unlikely,No clear association with long COVID,Variable,Can be acute or chronic depending on context
545,ICD10:K22.711,Other diseases of esophagus (K22.711),Unlikely,No clear association with long COVID,Variable,Can be acute or chronic depending on context
546,ICD10:K22.710,Other diseases of esophagus (K22.710),Unlikely,No clear association with long COVID,Variable,Can be acute or chronic depending on context
547,ICD10:K22.70,Other diseases of esophagus (K22.70),Unlikely,No clear association with long COVID,Variable,Can be acute or chronic depending on context
548,ICD10:B37.81,Certain infectious and parasitic diseases (B37.81),Unlikely,No clear association with long COVID,Acute,Typically acute condition or intervention
549,ICD10:K22.9,Other diseases of esophagus (K22.9),Unlikely,No clear association with long COVID,Variable,Can be acute or chronic depending on context
550,ICD10:K22.5,Other diseases of esophagus (K22.5),Unlikely,No clear association with long COVID,Variable,Can be acute or chronic depending on context
551,ICD10:K22.4,Other diseases of esophagus (K22.4),Unlikely,No clear association with long COVID,Variable,Can be acute or chronic depending on context
552,ICD10:K20.0,Esophagitis (K20.0),Unlikely,No clear association with long COVID,Variable,Can be acute or chronic depending on context
553,ICD10:K22.2,Other diseases of esophagus (K22.2),Unlikely,No clear association with long COVID,Variable,Can be acute or chronic depending on context
554,ICD10:K20.9,Esophagitis (K20.9),Unlikely,No clear association with long COVID,Variable,Can be acute or chronic depending on context
555,ICD10:K22.6,Other diseases of esophagus (K22.6),Unlikely,No clear association with long COVID,Variable,Can be acute or chronic depending on context
556,ICD10:K21.0,Gastro-esophageal reflux disease (K21.0),Low,Possible association based on systemic inflammation patterns,Chronic,Inherently chronic condition or long-term management required
557,ICD10:K21.9,Gastro-esophageal reflux disease (K21.9),Low,Possible association based on systemic inflammation patterns,Chronic,Inherently chronic condition or long-term management required
558,ICD10:K22.8,Other diseases of esophagus (K22.8),Unlikely,No clear association with long COVID,Variable,Can be acute or chronic depending on context
559,ICD10:K22.3,Other diseases of esophagus (K22.3),Unlikely,No clear association with long COVID,Variable,Can be acute or chronic depending on context
560,ICD10:K22.11,Other diseases of esophagus (K22.11),Unlikely,No clear association with long COVID,Variable,Can be acute or chronic depending on context
561,ICD10:K22.10,Other diseases of esophagus (K22.10),Unlikely,No clear association with long COVID,Variable,Can be acute or chronic depending on context
562,ICD10:E87.2,"Other disorders of fluid, electrolyte and acid-base balance (E87.2)",Moderate-Low,Speculative but biologically plausible connections,Can-be-Chronic,Symptom/condition that can become chronic if persistent
563,ICD10:E87.3,Alkalosis,Moderate-Low,Speculative but biologically plausible connections,Can-be-Chronic,Symptom/condition that can become chronic if persistent
564,ICD10:E86.0,Dehydration,Moderate-Low,Speculative but biologically plausible connections,Can-be-Chronic,Symptom/condition that can become chronic if persistent
565,ICD10:E87.70,"Fluid overload, unspecified",Moderate-Low,Speculative but biologically plausible connections,Can-be-Chronic,Symptom/condition that can become chronic if persistent
566,ICD10:E87.5,Hyperkalemia,Moderate-Low,Speculative but biologically plausible connections,Can-be-Chronic,Symptom/condition that can become chronic if persistent
567,ICD10:E87.0,Hyperosmolality and hypernatremia,Moderate-Low,Speculative but biologically plausible connections,Can-be-Chronic,Symptom/condition that can become chronic if persistent
568,ICD10:E87.1,Hypo-osmolality and hyponatremia,Moderate-Low,Speculative but biologically plausible connections,Can-be-Chronic,Symptom/condition that can become chronic if persistent
569,ICD10:E87.6,Hypokalemia,Moderate-Low,Speculative but biologically plausible connections,Can-be-Chronic,Symptom/condition that can become chronic if persistent
570,ICD10:E86.1,Hypovolemia,Moderate-Low,Speculative but biologically plausible connections,Can-be-Chronic,Symptom/condition that can become chronic if persistent
571,ICD10:E87.4,"Other disorders of fluid, electrolyte and acid-base balance (E87.4)",Moderate-Low,Speculative but biologically plausible connections,Can-be-Chronic,Symptom/condition that can become chronic if persistent
572,ICD10:E87.8,"Other disorders of fluid, electrolyte and acid-base balance (E87.8)",Moderate-Low,Speculative but biologically plausible connections,Can-be-Chronic,Symptom/condition that can become chronic if persistent
573,ICD10:E87.79,"Other disorders of fluid, electrolyte and acid-base balance (E87.79)",Moderate-Low,Speculative but biologically plausible connections,Can-be-Chronic,Symptom/condition that can become chronic if persistent
574,ICD10:E87.71,"Other disorders of fluid, electrolyte and acid-base balance (E87.71)",Moderate-Low,Speculative but biologically plausible connections,Can-be-Chronic,Symptom/condition that can become chronic if persistent
575,ICD10:E86.9,"Volume depletion, unspecified",Moderate-Low,Speculative but biologically plausible connections,Can-be-Chronic,Symptom/condition that can become chronic if persistent
576,ICD10PCS:0DB68ZX,Procedure code: PCS: 0DB68ZX,Unlikely,No clear association with long COVID,Acute,Typically acute condition or intervention
577,ICD10PCS:0D1B0Z4,Procedure code: PCS: 0D1B0Z4,Unlikely,No clear association with long COVID,Acute,Typically acute condition or intervention
578,ICD10PCS:0DTH0ZZ,Procedure code: PCS: 0DTH0ZZ,Unlikely,No clear association with long COVID,Acute,Typically acute condition or intervention
579,ICD10PCS:0DTM0ZZ,Procedure code: PCS: 0DTM0ZZ,Unlikely,No clear association with long COVID,Acute,Typically acute condition or intervention
580,ICD10PCS:0DTK0ZZ,Procedure code: PCS: 0DTK0ZZ,Unlikely,No clear association with long COVID,Acute,Typically acute condition or intervention
581,ICD10PCS:0DTN0ZZ,Procedure code: PCS: 0DTN0ZZ,Unlikely,No clear association with long COVID,Acute,Typically acute condition or intervention
582,ICD10PCS:0DBP0ZZ,Procedure code: PCS: 0DBP0ZZ,Unlikely,No clear association with long COVID,Acute,Typically acute condition or intervention
583,ICD10PCS:0DH63UZ,Procedure code: PCS: 0DH63UZ,Unlikely,No clear association with long COVID,Acute,Typically acute condition or intervention
584,ICD10PCS:06L38CZ,Procedure code: PCS: 06L38CZ,Unlikely,No clear association with long COVID,Acute,Typically acute condition or intervention
585,ICD10PCS:0D1B4Z4,Procedure code: PCS: 0D1B4Z4,Unlikely,No clear association with long COVID,Acute,Typically acute condition or intervention
586,ICD10PCS:0DBP4ZZ,Procedure code: PCS: 0DBP4ZZ,Unlikely,No clear association with long COVID,Acute,Typically acute condition or intervention
587,ICD10PCS:0DBN4ZZ,Procedure code: PCS: 0DBN4ZZ,Unlikely,No clear association with long COVID,Acute,Typically acute condition or intervention
588,ICD10PCS:0DTF0ZZ,Procedure code: PCS: 0DTF0ZZ,Unlikely,No clear association with long COVID,Acute,Typically acute condition or intervention
589,ICD10PCS:0DTK4ZZ,Procedure code: PCS: 0DTK4ZZ,Unlikely,No clear association with long COVID,Acute,Typically acute condition or intervention
590,ICD10PCS:0DB78ZX,Procedure code: PCS: 0DB78ZX,Unlikely,No clear association with long COVID,Acute,Typically acute condition or intervention
591,ICD10PCS:0DHA4UZ,Procedure code: PCS: 0DHA4UZ,Unlikely,No clear association with long COVID,Acute,Typically acute condition or intervention
592,ICD10PCS:0DX60Z5,Procedure code: PCS: 0DX60Z5,Unlikely,No clear association with long COVID,Acute,Typically acute condition or intervention
593,ICD10PCS:0DT40ZZ,Procedure code: PCS: 0DT40ZZ,Unlikely,No clear association with long COVID,Acute,Typically acute condition or intervention
594,ICD10PCS:0DJ08ZZ,Procedure code: PCS: 0DJ08ZZ,Unlikely,No clear association with long COVID,Acute,Typically acute condition or intervention
595,ICD10PCS:0DB60ZZ,Procedure code: PCS: 0DB60ZZ,Unlikely,No clear association with long COVID,Acute,Typically acute condition or intervention
596,ICD10PCS:0DB30ZZ,Procedure code: PCS: 0DB30ZZ,Unlikely,No clear association with long COVID,Acute,Typically acute condition or intervention
597,ICD10PCS:0D1E0Z4,Procedure code: PCS: 0D1E0Z4,Unlikely,No clear association with long COVID,Acute,Typically acute condition or intervention
598,ICD10PCS:0DNE0ZZ,Procedure code: PCS: 0DNE0ZZ,Unlikely,No clear association with long COVID,Acute,Typically acute condition or intervention
599,ICD10PCS:0DBB0ZZ,Procedure code: PCS: 0DBB0ZZ,Unlikely,No clear association with long COVID,Acute,Typically acute condition or intervention
600,ICD10PCS:0DB58ZX,Procedure code: PCS: 0DB58ZX,Unlikely,No clear association with long COVID,Acute,Typically acute condition or intervention
601,ICD10PCS:0DB98ZX,Procedure code: PCS: 0DB98ZX,Unlikely,No clear association with long COVID,Acute,Typically acute condition or intervention
602,ICD10PCS:0DBN8ZX,Procedure code: PCS: 0DBN8ZX,Unlikely,No clear association with long COVID,Acute,Typically acute condition or intervention
603,ICD10PCS:0D9670Z,Procedure code: PCS: 0D9670Z,Unlikely,No clear association with long COVID,Acute,Typically acute condition or intervention
604,ICD10:R44.0,Other specified abnormal findings (R44),Unlikely,No clear association with long COVID,Variable,Can be acute or chronic depending on context
605,ICD10:R42,Dizziness and giddiness,Moderate,Emerging evidence or plausible systemic associations,Can-be-Chronic,Symptom/condition that can become chronic if persistent
606,ICD10:R44.3,Other specified abnormal findings (R44),Unlikely,No clear association with long COVID,Variable,Can be acute or chronic depending on context
607,ICD10:R44.2,Other specified abnormal findings (R44),Unlikely,No clear association with long COVID,Variable,Can be acute or chronic depending on context
608,ICD10:R44.8,Other specified abnormal findings (R44),Unlikely,No clear association with long COVID,Variable,Can be acute or chronic depending on context
609,ICD10:R44.9,Other specified abnormal findings (R44),Unlikely,No clear association with long COVID,Variable,Can be acute or chronic depending on context
610,ICD10:R44.1,Other specified abnormal findings (R44),Unlikely,No clear association with long COVID,Variable,Can be acute or chronic depending on context
611,ICD10:R82.4,Acetonuria,Unlikely,No clear association with long COVID,Variable,Can be acute or chronic depending on context
612,ICD10:R34,Other specified abnormal findings (R34),Unlikely,No clear association with long COVID,Variable,Can be acute or chronic depending on context
613,ICD10:R82.2,Biliuria,Unlikely,No clear association with long COVID,Variable,Can be acute or chronic depending on context
614,ICD10:N39.9,Diseases of the genitourinary system (N39.9),Moderate-Low,Speculative but biologically plausible connections,Variable,Can be acute or chronic depending on context
615,ICD10:R30.0,Other specified abnormal findings (R30),Unlikely,No clear association with long COVID,Variable,Can be acute or chronic depending on context
616,ICD10:R82.5,"Elevated urine levels of drugs, medicaments and biological substances",Unlikely,No clear association with long COVID,Variable,Can be acute or chronic depending on context
617,ICD10:R39.0,Extravasation of urine,Unlikely,No clear association with long COVID,Variable,Can be acute or chronic depending on context
618,ICD10:R39.14,Feeling of incomplete bladder emptying,Unlikely,No clear association with long COVID,Variable,Can be acute or chronic depending on context
619,ICD10:R35.0,Frequency of micturition,Moderate-Low,Speculative but biologically plausible connections,Can-be-Chronic,Symptom/condition that can become chronic if persistent
620,ICD10:R36.1,Other specified abnormal findings (R36),Unlikely,No clear association with long COVID,Variable,Can be acute or chronic depending on context
621,ICD10:R82.3,Hemoglobinuria,Unlikely,No clear association with long COVID,Variable,Can be acute or chronic depending on context
622,ICD10:R39.11,Hesitancy of micturition,Unlikely,No clear association with long COVID,Variable,Can be acute or chronic depending on context
623,ICD10:R35.1,Nocturia,Moderate-Low,Speculative but biologically plausible connections,Can-be-Chronic,Symptom/condition that can become chronic if persistent
624,ICD10:R35.8,Polyuria (R35.8),Moderate-Low,Speculative but biologically plausible connections,Can-be-Chronic,Symptom/condition that can become chronic if persistent
625,ICD10:R33.8,Other retention of urine,Moderate-Low,Speculative but biologically plausible connections,Can-be-Chronic,Symptom/condition that can become chronic if persistent
626,ICD10:N39.8,Diseases of the genitourinary system (N39.8),Moderate-Low,Speculative but biologically plausible connections,Variable,Can be acute or chronic depending on context
627,ICD10:R39.89,Other symptoms involving genitourinary system,Unlikely,No clear association with long COVID,Variable,Can be acute or chronic depending on context
628,ICD10:R30.9,Other specified abnormal findings (R30),Unlikely,No clear association with long COVID,Variable,Can be acute or chronic depending on context
629,ICD10:R39.12,Poor urinary stream,Unlikely,No clear association with long COVID,Variable,Can be acute or chronic depending on context
630,ICD10:R33.9,"Retention of urine, unspecified",Moderate-Low,Speculative but biologically plausible connections,Can-be-Chronic,Symptom/condition that can become chronic if persistent
631,ICD10:R39.13,Splitting of urinary stream,Unlikely,No clear association with long COVID,Variable,Can be acute or chronic depending on context
632,ICD10:R39.16,Straining to void,Unlikely,No clear association with long COVID,Variable,Can be acute or chronic depending on context
633,ICD10:R82.90,Unspecified abnormal findings in urine,Unlikely,No clear association with long COVID,Variable,Can be acute or chronic depending on context
634,ICD10:R39.9,Unspecified symptoms involving genitourinary system,Unlikely,No clear association with long COVID,Variable,Can be acute or chronic depending on context
635,ICD10:R36.9,Other specified abnormal findings (R36),Unlikely,No clear association with long COVID,Variable,Can be acute or chronic depending on context
636,ICD10:R39.15,Urgency of urination,Unlikely,No clear association with long COVID,Variable,Can be acute or chronic depending on context
637,ICD10:R30.1,Other specified abnormal findings (R30),Unlikely,No clear association with long COVID,Variable,Can be acute or chronic depending on context
638,ICD10:I11.0,Diseases of the circulatory system (I11.0),Unlikely,No clear association with long COVID,Chronic,Inherently chronic condition or long-term management required
639,ICD10:I11.9,Diseases of the circulatory system (I11.9),Unlikely,No clear association with long COVID,Chronic,Inherently chronic condition or long-term management required
640,ICD10:G44.311,"Episodic paroxysmal hemicrania, intractable",Moderate,Emerging evidence or plausible systemic associations,Chronic,Inherently chronic condition or long-term management required
641,ICD10:G44.319,"Episodic paroxysmal hemicrania, not intractable",Moderate,Emerging evidence or plausible systemic associations,Chronic,Inherently chronic condition or long-term management required
642,ICD10:G43.711,Diseases of the nervous system (G43.711),Unlikely,No clear association with long COVID,Chronic,Inherently chronic condition or long-term management required
643,ICD10:G43.719,Diseases of the nervous system (G43.719),Unlikely,No clear association with long COVID,Chronic,Inherently chronic condition or long-term management required
644,ICD10:G43.709,Diseases of the nervous system (G43.709),Unlikely,No clear association with long COVID,Chronic,Inherently chronic condition or long-term management required
645,ICD10:G44.041,"New daily persistent headache, intractable",Moderate,Emerging evidence or plausible systemic associations,Chronic,Inherently chronic condition or long-term management required
646,ICD10:G44.049,"New daily persistent headache, not intractable",Moderate,Emerging evidence or plausible systemic associations,Chronic,Inherently chronic condition or long-term management required
647,ICD10:G44.321,"Chronic paroxysmal hemicrania, intractable",Moderate,Emerging evidence or plausible systemic associations,Chronic,Inherently chronic condition or long-term management required
648,ICD10:G44.329,"Chronic paroxysmal hemicrania, not intractable",Moderate,Emerging evidence or plausible systemic associations,Chronic,Inherently chronic condition or long-term management required
649,ICD10:G44.221,"Chronic cluster headache, intractable",Moderate,Emerging evidence or plausible systemic associations,Chronic,Inherently chronic condition or long-term management required
650,ICD10:G44.229,Other headache syndromes (G44.229),Moderate,Emerging evidence or plausible systemic associations,Chronic,Inherently chronic condition or long-term management required
651,ICD10:G44.001,Other headache syndromes (G44.001),Moderate,Emerging evidence or plausible systemic associations,Chronic,Inherently chronic condition or long-term management required
652,ICD10:G44.009,Other headache syndromes (G44.009),Moderate,Emerging evidence or plausible systemic associations,Chronic,Inherently chronic condition or long-term management required
653,ICD10:G44.011,Other headache syndromes (G44.011),Moderate,Emerging evidence or plausible systemic associations,Chronic,Inherently chronic condition or long-term management required
654,ICD10:G44.019,Other headache syndromes (G44.019),Moderate,Emerging evidence or plausible systemic associations,Chronic,Inherently chronic condition or long-term management required
655,ICD10:G44.031,Other headache syndromes (G44.031),Moderate,Emerging evidence or plausible systemic associations,Chronic,Inherently chronic condition or long-term management required
656,ICD10:G44.039,Other headache syndromes (G44.039),Moderate,Emerging evidence or plausible systemic associations,Chronic,Inherently chronic condition or long-term management required
657,ICD10:G44.219,Other headache syndromes (G44.219),Moderate,Emerging evidence or plausible systemic associations,Chronic,Inherently chronic condition or long-term management required
658,ICD10:R51,Headache (R51),Unlikely,No clear association with long COVID,Variable,Can be acute or chronic depending on context
659,ICD10:G44.51,Other headache syndromes (G44.51),Moderate,Emerging evidence or plausible systemic associations,Chronic,Inherently chronic condition or long-term management required
660,ICD10:G43.409,Diseases of the nervous system (G43.409),Unlikely,No clear association with long COVID,Chronic,Inherently chronic condition or long-term management required
661,ICD10:G44.81,Other headache syndromes (G44.81),Moderate,Emerging evidence or plausible systemic associations,Chronic,Inherently chronic condition or long-term management required
662,ICD10:G43.831,Diseases of the nervous system (G43.831),Unlikely,No clear association with long COVID,Chronic,Inherently chronic condition or long-term management required
663,ICD10:G43.829,Diseases of the nervous system (G43.829),Unlikely,No clear association with long COVID,Chronic,Inherently chronic condition or long-term management required
664,ICD10:G43.111,Diseases of the nervous system (G43.111),Unlikely,No clear association with long COVID,Chronic,Inherently chronic condition or long-term management required
665,ICD10:G43.119,Diseases of the nervous system (G43.119),Unlikely,No clear association with long COVID,Chronic,Inherently chronic condition or long-term management required
666,ICD10:G43.101,Diseases of the nervous system (G43.101),Unlikely,No clear association with long COVID,Chronic,Inherently chronic condition or long-term management required
667,ICD10:G43.109,Diseases of the nervous system (G43.109),Unlikely,No clear association with long COVID,Chronic,Inherently chronic condition or long-term management required
668,ICD10:G43.011,Diseases of the nervous system (G43.011),Unlikely,No clear association with long COVID,Chronic,Inherently chronic condition or long-term management required
669,ICD10:G43.019,Diseases of the nervous system (G43.019),Unlikely,No clear association with long COVID,Chronic,Inherently chronic condition or long-term management required
670,ICD10:G43.001,Diseases of the nervous system (G43.001),Unlikely,No clear association with long COVID,Chronic,Inherently chronic condition or long-term management required
671,ICD10:G43.009,Diseases of the nervous system (G43.009),Unlikely,No clear association with long COVID,Chronic,Inherently chronic condition or long-term management required
672,ICD10:G43.911,Diseases of the nervous system (G43.911),Unlikely,No clear association with long COVID,Chronic,Inherently chronic condition or long-term management required
673,ICD10:G43.919,Diseases of the nervous system (G43.919),Unlikely,No clear association with long COVID,Chronic,Inherently chronic condition or long-term management required
674,ICD10:G43.901,Diseases of the nervous system (G43.901),Unlikely,No clear association with long COVID,Chronic,Inherently chronic condition or long-term management required
675,ICD10:G43.909,Diseases of the nervous system (G43.909),Unlikely,No clear association with long COVID,Chronic,Inherently chronic condition or long-term management required
676,ICD10:G44.52,Other headache syndromes (G44.52),Moderate,Emerging evidence or plausible systemic associations,Chronic,Inherently chronic condition or long-term management required
677,ICD10:G43.B1,Diseases of the nervous system (G43.B1),Unlikely,No clear association with long COVID,Chronic,Inherently chronic condition or long-term management required
678,ICD10:G43.B0,Diseases of the nervous system (G43.B0),Unlikely,No clear association with long COVID,Chronic,Inherently chronic condition or long-term management required
679,ICD10:G44.59,Other headache syndromes (G44.59),Moderate,Emerging evidence or plausible systemic associations,Chronic,Inherently chronic condition or long-term management required
680,ICD10:G44.89,Other headache syndromes (G44.89),Moderate,Emerging evidence or plausible systemic associations,Chronic,Inherently chronic condition or long-term management required
681,ICD10:G43.811,Diseases of the nervous system (G43.811),Unlikely,No clear association with long COVID,Chronic,Inherently chronic condition or long-term management required
682,ICD10:G43.819,Diseases of the nervous system (G43.819),Unlikely,No clear association with long COVID,Chronic,Inherently chronic condition or long-term management required
683,ICD10:G43.801,Diseases of the nervous system (G43.801),Unlikely,No clear association with long COVID,Chronic,Inherently chronic condition or long-term management required
684,ICD10:G43.809,Diseases of the nervous system (G43.809),Unlikely,No clear association with long COVID,Chronic,Inherently chronic condition or long-term management required
685,ICD10:G43.C1,Diseases of the nervous system (G43.C1),Unlikely,No clear association with long COVID,Chronic,Inherently chronic condition or long-term management required
686,ICD10:G43.C0,Diseases of the nervous system (G43.C0),Unlikely,No clear association with long COVID,Chronic,Inherently chronic condition or long-term management required
687,ICD10:G43.519,Diseases of the nervous system (G43.519),Unlikely,No clear association with long COVID,Chronic,Inherently chronic condition or long-term management required
688,ICD10:G43.501,Diseases of the nervous system (G43.501),Unlikely,No clear association with long COVID,Chronic,Inherently chronic condition or long-term management required
689,ICD10:G44.301,Other headache syndromes (G44.301),Moderate,Emerging evidence or plausible systemic associations,Chronic,Inherently chronic condition or long-term management required
690,ICD10:G44.309,Other headache syndromes (G44.309),Moderate,Emerging evidence or plausible systemic associations,Chronic,Inherently chronic condition or long-term management required
691,ICD10:G44.83,Other headache syndromes (G44.83),Moderate,Emerging evidence or plausible systemic associations,Chronic,Inherently chronic condition or long-term management required
692,ICD10:G44.85,Other headache syndromes (G44.85),Moderate,Emerging evidence or plausible systemic associations,Chronic,Inherently chronic condition or long-term management required
693,ICD10:G44.53,Other headache syndromes (G44.53),Moderate,Emerging evidence or plausible systemic associations,Chronic,Inherently chronic condition or long-term management required
694,ICD10:G44.059,Other headache syndromes (G44.059),Moderate,Emerging evidence or plausible systemic associations,Chronic,Inherently chronic condition or long-term management required
695,ICD10:G44.201,Other headache syndromes (G44.201),Moderate,Emerging evidence or plausible systemic associations,Chronic,Inherently chronic condition or long-term management required
696,ICD10:G44.209,Other headache syndromes (G44.209),Moderate,Emerging evidence or plausible systemic associations,Chronic,Inherently chronic condition or long-term management required
697,ICD10:G44.1,Other headache syndromes (G44.1),Moderate,Emerging evidence or plausible systemic associations,Chronic,Inherently chronic condition or long-term management required
698,ICD10:H90.0,Conductive and sensorineural hearing loss (H90.0),Unlikely,No clear association with long COVID,Variable,Can be acute or chronic depending on context
699,ICD10:H90.12,Conductive and sensorineural hearing loss (H90.12),Unlikely,No clear association with long COVID,Variable,Can be acute or chronic depending on context
700,ICD10:H90.11,Conductive and sensorineural hearing loss (H90.11),Unlikely,No clear association with long COVID,Variable,Can be acute or chronic depending on context
701,ICD10:H90.2,Conductive and sensorineural hearing loss (H90.2),Unlikely,No clear association with long COVID,Variable,Can be acute or chronic depending on context
702,ICD10:H90.6,Conductive and sensorineural hearing loss (H90.6),Unlikely,No clear association with long COVID,Variable,Can be acute or chronic depending on context
703,ICD10:H90.72,Conductive and sensorineural hearing loss (H90.72),Unlikely,No clear association with long COVID,Variable,Can be acute or chronic depending on context
704,ICD10:H90.71,Conductive and sensorineural hearing loss (H90.71),Unlikely,No clear association with long COVID,Variable,Can be acute or chronic depending on context
705,ICD10:H90.8,Conductive and sensorineural hearing loss (H90.8),Unlikely,No clear association with long COVID,Variable,Can be acute or chronic depending on context
706,ICD10:H91.8X3,Other and unspecified hearing loss (H91.8X3),Moderate,Emerging evidence or plausible systemic associations,Chronic,Inherently chronic condition or long-term management required
707,ICD10:H91.8X2,Other and unspecified hearing loss (H91.8X2),Moderate,Emerging evidence or plausible systemic associations,Chronic,Inherently chronic condition or long-term management required
708,ICD10:H91.8X1,Other and unspecified hearing loss (H91.8X1),Moderate,Emerging evidence or plausible systemic associations,Chronic,Inherently chronic condition or long-term management required
709,ICD10:H91.8X9,Other and unspecified hearing loss (H91.8X9),Moderate,Emerging evidence or plausible systemic associations,Chronic,Inherently chronic condition or long-term management required
710,ICD10:H91.13,Other and unspecified hearing loss (H91.13),Moderate,Emerging evidence or plausible systemic associations,Chronic,Inherently chronic condition or long-term management required
711,ICD10:H91.10,Other and unspecified hearing loss (H91.10),Moderate,Emerging evidence or plausible systemic associations,Chronic,Inherently chronic condition or long-term management required
712,ICD10:H90.3,Conductive and sensorineural hearing loss (H90.3),Unlikely,No clear association with long COVID,Variable,Can be acute or chronic depending on context
713,ICD10:H90.42,Conductive and sensorineural hearing loss (H90.42),Unlikely,No clear association with long COVID,Variable,Can be acute or chronic depending on context
714,ICD10:H90.41,Conductive and sensorineural hearing loss (H90.41),Unlikely,No clear association with long COVID,Variable,Can be acute or chronic depending on context
715,ICD10:H91.23,Other and unspecified hearing loss (H91.23),Moderate,Emerging evidence or plausible systemic associations,Chronic,Inherently chronic condition or long-term management required
716,ICD10:H91.22,Other and unspecified hearing loss (H91.22),Moderate,Emerging evidence or plausible systemic associations,Chronic,Inherently chronic condition or long-term management required
717,ICD10:H91.21,Other and unspecified hearing loss (H91.21),Moderate,Emerging evidence or plausible systemic associations,Chronic,Inherently chronic condition or long-term management required
718,ICD10:H91.20,Other and unspecified hearing loss (H91.20),Moderate,Emerging evidence or plausible systemic associations,Chronic,Inherently chronic condition or long-term management required
719,ICD10:H91.93,Other and unspecified hearing loss (H91.93),Moderate,Emerging evidence or plausible systemic associations,Chronic,Inherently chronic condition or long-term management required
720,ICD10:H91.92,Other and unspecified hearing loss (H91.92),Moderate,Emerging evidence or plausible systemic associations,Chronic,Inherently chronic condition or long-term management required
721,ICD10:H91.91,Other and unspecified hearing loss (H91.91),Moderate,Emerging evidence or plausible systemic associations,Chronic,Inherently chronic condition or long-term management required
722,ICD10:H91.90,Other and unspecified hearing loss (H91.90),Moderate,Emerging evidence or plausible systemic associations,Chronic,Inherently chronic condition or long-term management required
723,ICD10:H90.5,Conductive and sensorineural hearing loss (H90.5),Unlikely,No clear association with long COVID,Variable,Can be acute or chronic depending on context
724,ICD10:I50.41,Acute combined systolic and diastolic heart failure,Unlikely,No clear association with long COVID,Chronic,Inherently chronic condition or long-term management required
725,ICD10:I50.31,Acute diastolic (congestive) heart failure,Unlikely,No clear association with long COVID,Chronic,Inherently chronic condition or long-term management required
726,ICD10:I50.43,Acute on chronic combined systolic and diastolic heart failure,Unlikely,No clear association with long COVID,Chronic,Inherently chronic condition or long-term management required
727,ICD10:I50.33,Acute on chronic diastolic (congestive) heart failure,Unlikely,No clear association with long COVID,Chronic,Inherently chronic condition or long-term management required
728,ICD10:I50.23,Acute on chronic systolic (congestive) heart failure,Unlikely,No clear association with long COVID,Chronic,Inherently chronic condition or long-term management required
729,ICD10:I50.21,Acute systolic (congestive) heart failure,Unlikely,No clear association with long COVID,Chronic,Inherently chronic condition or long-term management required
730,ICD10:I50.42,Chronic combined systolic and diastolic heart failure,Unlikely,No clear association with long COVID,Chronic,Inherently chronic condition or long-term management required
731,ICD10:I50.32,Chronic diastolic (congestive) heart failure,Unlikely,No clear association with long COVID,Chronic,Inherently chronic condition or long-term management required
732,ICD10:I50.22,Chronic systolic (congestive) heart failure,Unlikely,No clear association with long COVID,Chronic,Inherently chronic condition or long-term management required
733,ICD10:I50.9,"Heart failure, unspecified",Unlikely,No clear association with long COVID,Chronic,Inherently chronic condition or long-term management required
734,ICD10:I50.1,Left ventricular failure,Unlikely,No clear association with long COVID,Chronic,Inherently chronic condition or long-term management required
735,ICD10:Z95.811,Factors influencing health status and contact with health services (Z95.811),Unlikely,No clear association with long COVID,Variable,Can be acute or chronic depending on context
736,ICD10:I50.40,Unspecified combined systolic and diastolic heart failure,Unlikely,No clear association with long COVID,Chronic,Inherently chronic condition or long-term management required
737,ICD10:I50.30,Unspecified diastolic (congestive) heart failure,Unlikely,No clear association with long COVID,Chronic,Inherently chronic condition or long-term management required
738,ICD10:I50.20,Unspecified systolic (congestive) heart failure,Unlikely,No clear association with long COVID,Chronic,Inherently chronic condition or long-term management required
739,ICD10:R31.1,Benign essential microscopic hematuria,Unlikely,No clear association with long COVID,Variable,Can be acute or chronic depending on context
740,ICD10:R31.0,Gross hematuria,Unlikely,No clear association with long COVID,Variable,Can be acute or chronic depending on context
741,ICD10:R31.9,"Hematuria, unspecified",Unlikely,No clear association with long COVID,Variable,Can be acute or chronic depending on context
742,ICD10:D89.810,"Other disorders involving the immune mechanism, not elsewhere classified (D89.810)",Unlikely,No clear association with long COVID,Variable,Can be acute or chronic depending on context
743,ICD10:D89.82,"Other disorders involving the immune mechanism, not elsewhere classified (D89.82)",Unlikely,No clear association with long COVID,Variable,Can be acute or chronic depending on context
744,ICD10:D81.810,Diseases of blood and blood-forming organs and immune disorders (D81.810),Unlikely,No clear association with long COVID,Variable,Can be acute or chronic depending on context
745,ICD10:D89.811,"Other disorders involving the immune mechanism, not elsewhere classified (D89.811)",Unlikely,No clear association with long COVID,Variable,Can be acute or chronic depending on context
746,ICD10:D81.9,Diseases of blood and blood-forming organs and immune disorders (D81.9),Unlikely,No clear association with long COVID,Variable,Can be acute or chronic depending on context
747,ICD10:D83.1,Diseases of blood and blood-forming organs and immune disorders (D83.1),Unlikely,No clear association with long COVID,Variable,Can be acute or chronic depending on context
748,ICD10:D83.9,Diseases of blood and blood-forming organs and immune disorders (D83.9),Unlikely,No clear association with long COVID,Variable,Can be acute or chronic depending on context
749,ICD10:D89.1,"Other disorders involving the immune mechanism, not elsewhere classified (D89.1)",Unlikely,No clear association with long COVID,Variable,Can be acute or chronic depending on context
750,ICD10:D89.9,"Other disorders involving the immune mechanism, not elsewhere classified (D89.9)",Unlikely,No clear association with long COVID,Variable,Can be acute or chronic depending on context
751,ICD10:D89.813,"Other disorders involving the immune mechanism, not elsewhere classified (D89.813)",Unlikely,No clear association with long COVID,Variable,Can be acute or chronic depending on context
752,ICD10:D89.2,"Other disorders involving the immune mechanism, not elsewhere classified (D89.2)",Unlikely,No clear association with long COVID,Variable,Can be acute or chronic depending on context
753,ICD10:D89.42,"Other disorders involving the immune mechanism, not elsewhere classified (D89.42)",Unlikely,No clear association with long COVID,Variable,Can be acute or chronic depending on context
754,ICD10:D80.9,Immunodeficiency with predominantly antibody defects (D80.9),Unlikely,No clear association with long COVID,Variable,Can be acute or chronic depending on context
755,ICD10:D84.9,Other immunodeficiencies (D84.9),Unlikely,No clear association with long COVID,Variable,Can be acute or chronic depending on context
756,ICD10:D89.40,"Other disorders involving the immune mechanism, not elsewhere classified (D89.40)",Unlikely,No clear association with long COVID,Variable,Can be acute or chronic depending on context
757,ICD10:D80.1,Immunodeficiency with predominantly antibody defects (D80.1),Unlikely,No clear association with long COVID,Variable,Can be acute or chronic depending on context
758,ICD10:D83.8,Diseases of blood and blood-forming organs and immune disorders (D83.8),Unlikely,No clear association with long COVID,Variable,Can be acute or chronic depending on context
759,ICD10:D80.8,Immunodeficiency with predominantly antibody defects (D80.8),Unlikely,No clear association with long COVID,Variable,Can be acute or chronic depending on context
760,ICD10:D89.89,"Other disorders involving the immune mechanism, not elsewhere classified (D89.89)",Unlikely,No clear association with long COVID,Variable,Can be acute or chronic depending on context
761,ICD10:D89.0,"Other disorders involving the immune mechanism, not elsewhere classified (D89.0)",Unlikely,No clear association with long COVID,Variable,Can be acute or chronic depending on context
762,ICD10:D86.85,Diseases of blood and blood-forming organs and immune disorders (D86.85),Unlikely,No clear association with long COVID,Variable,Can be acute or chronic depending on context
763,ICD10:D86.0,Diseases of blood and blood-forming organs and immune disorders (D86.0),Unlikely,No clear association with long COVID,Variable,Can be acute or chronic depending on context
764,ICD10:D86.2,Diseases of blood and blood-forming organs and immune disorders (D86.2),Unlikely,No clear association with long COVID,Variable,Can be acute or chronic depending on context
765,ICD10:D86.1,Diseases of blood and blood-forming organs and immune disorders (D86.1),Unlikely,No clear association with long COVID,Variable,Can be acute or chronic depending on context
766,ICD10:D86.89,Diseases of blood and blood-forming organs and immune disorders (D86.89),Unlikely,No clear association with long COVID,Variable,Can be acute or chronic depending on context
767,ICD10:D86.9,Diseases of blood and blood-forming organs and immune disorders (D86.9),Unlikely,No clear association with long COVID,Variable,Can be acute or chronic depending on context
768,ICD10:D80.2,Immunodeficiency with predominantly antibody defects (D80.2),Unlikely,No clear association with long COVID,Variable,Can be acute or chronic depending on context
769,ICD10:D80.3,Immunodeficiency with predominantly antibody defects (D80.3),Unlikely,No clear association with long COVID,Variable,Can be acute or chronic depending on context
770,ICD10:D80.4,Immunodeficiency with predominantly antibody defects (D80.4),Unlikely,No clear association with long COVID,Variable,Can be acute or chronic depending on context
771,ICD10:R53.82,"Chronic fatigue, unspecified",High,Core long COVID symptoms with strong evidence,Chronic,Inherently chronic condition or long-term management required
772,ICD10:R53.83,Other fatigue,High,Core long COVID symptoms with strong evidence,Can-be-Chronic,Symptom/condition that can become chronic if persistent
773,ICD10:R53.81,Other malaise,High,Core long COVID symptoms with strong evidence,Can-be-Chronic,Symptom/condition that can become chronic if persistent
774,ICD10:R53.1,Weakness,High,Core long COVID symptoms with strong evidence,Can-be-Chronic,Symptom/condition that can become chronic if persistent
775,ICD10:I40.9,Diseases of the circulatory system (I40.9),Unlikely,No clear association with long COVID,Variable,Can be acute or chronic depending on context
776,ICD10:I42.6,Cardiomyopathy (I42.6),Unlikely,No clear association with long COVID,Variable,Can be acute or chronic depending on context
777,ICD10:I42.7,Cardiomyopathy (I42.7),Unlikely,No clear association with long COVID,Variable,Can be acute or chronic depending on context
778,ICD10:I43,Diseases of the circulatory system (I43),Unlikely,No clear association with long COVID,Variable,Can be acute or chronic depending on context
779,ICD10:I42.9,Cardiomyopathy (I42.9),Unlikely,No clear association with long COVID,Variable,Can be acute or chronic depending on context
780,ICD10:I42.0,Cardiomyopathy (I42.0),Unlikely,No clear association with long COVID,Variable,Can be acute or chronic depending on context
781,ICD10:I40.0,Diseases of the circulatory system (I40.0),Unlikely,No clear association with long COVID,Variable,Can be acute or chronic depending on context
782,ICD10:I25.5,Diseases of the circulatory system (I25.5),Unlikely,No clear association with long COVID,Chronic,Inherently chronic condition or long-term management required
783,ICD10:I40.1,Diseases of the circulatory system (I40.1),Unlikely,No clear association with long COVID,Variable,Can be acute or chronic depending on context
784,ICD10:I41,Diseases of the circulatory system (I41),Unlikely,No clear association with long COVID,Variable,Can be acute or chronic depending on context
785,ICD10:I51.4,Diseases of the circulatory system (I51.4),Unlikely,No clear association with long COVID,Variable,Can be acute or chronic depending on context
786,ICD10:I42.1,Cardiomyopathy (I42.1),Unlikely,No clear association with long COVID,Variable,Can be acute or chronic depending on context
787,ICD10:I40.8,Diseases of the circulatory system (I40.8),Unlikely,No clear association with long COVID,Variable,Can be acute or chronic depending on context
788,ICD10:I42.8,Cardiomyopathy (I42.8),Unlikely,No clear association with long COVID,Variable,Can be acute or chronic depending on context
789,ICD10:I42.2,Cardiomyopathy (I42.2),Unlikely,No clear association with long COVID,Variable,Can be acute or chronic depending on context
790,ICD10:I42.5,Cardiomyopathy (I42.5),Unlikely,No clear association with long COVID,Variable,Can be acute or chronic depending on context
791,ICD10:O90.3,"Pregnancy, childbirth and the puerperium (O90.3)",Unlikely,No clear association with long COVID,Acute,Typically acute condition or intervention
792,ICD10:B33.24,"Other viral diseases, not elsewhere classified (B33.24)",Unlikely,No clear association with long COVID,Variable,Can be acute or chronic depending on context
793,ICD10:B33.22,"Other viral diseases, not elsewhere classified (B33.22)",Unlikely,No clear association with long COVID,Variable,Can be acute or chronic depending on context
794,ICD10:R11.14,Bilious vomiting,Moderate,Emerging evidence or plausible systemic associations,Can-be-Chronic,Symptom/condition that can become chronic if persistent
795,ICD10:R11.0,Nausea,Moderate,Emerging evidence or plausible systemic associations,Can-be-Chronic,Symptom/condition that can become chronic if persistent
796,ICD10:R11.2,"Nausea with vomiting, unspecified",Moderate,Emerging evidence or plausible systemic associations,Can-be-Chronic,Symptom/condition that can become chronic if persistent
797,ICD10:R11.12,Projectile vomiting,Moderate,Emerging evidence or plausible systemic associations,Can-be-Chronic,Symptom/condition that can become chronic if persistent
798,ICD10:R11.11,Vomiting without nausea,Moderate,Emerging evidence or plausible systemic associations,Can-be-Chronic,Symptom/condition that can become chronic if persistent
799,ICD10:R11.10,"Vomiting, unspecified",Moderate,Emerging evidence or plausible systemic associations,Can-be-Chronic,Symptom/condition that can become chronic if persistent
800,ICD10:G89.11,Diseases of the nervous system (G89.11),Unlikely,No clear association with long COVID,Variable,Can be acute or chronic depending on context
801,ICD10:G89.12,Diseases of the nervous system (G89.12),Unlikely,No clear association with long COVID,Variable,Can be acute or chronic depending on context
802,ICD10:G89.0,Diseases of the nervous system (G89.0),Unlikely,No clear association with long COVID,Variable,Can be acute or chronic depending on context
803,ICD10:G89.21,Diseases of the nervous system (G89.21),Unlikely,No clear association with long COVID,Variable,Can be acute or chronic depending on context
804,ICD10:G89.4,Diseases of the nervous system (G89.4),Unlikely,No clear association with long COVID,Variable,Can be acute or chronic depending on context
805,ICD10:G89.22,Diseases of the nervous system (G89.22),Unlikely,No clear association with long COVID,Variable,Can be acute or chronic depending on context
806,ICD10:G90.521,Complex regional pain syndrome II of upper limb,Unlikely,No clear association with long COVID,Variable,Can be acute or chronic depending on context
807,ICD10:G90.2,Disorders of autonomic nervous system (G90.2),Unlikely,No clear association with long COVID,Variable,Can be acute or chronic depending on context
808,ICD10:G89.18,Diseases of the nervous system (G89.18),Unlikely,No clear association with long COVID,Variable,Can be acute or chronic depending on context
809,ICD10:G89.29,Diseases of the nervous system (G89.29),Unlikely,No clear association with long COVID,Variable,Can be acute or chronic depending on context
810,ICD10:G89.28,Diseases of the nervous system (G89.28),Unlikely,No clear association with long COVID,Variable,Can be acute or chronic depending on context
811,ICD10:R29.2,Other specified abnormal findings (R29),Unlikely,No clear association with long COVID,Variable,Can be acute or chronic depending on context
812,ICD10:R41.81,Other symptoms involving cognitive functions (R41.81),Moderate,Emerging evidence or plausible systemic associations,Can-be-Chronic,Symptom/condition that can become chronic if persistent
813,ICD10:R48.1,Other specified abnormal findings (R48),Unlikely,No clear association with long COVID,Variable,Can be acute or chronic depending on context
814,ICD10:R41.82,"Altered mental status, unspecified",Moderate,Emerging evidence or plausible systemic associations,Can-be-Chronic,Symptom/condition that can become chronic if persistent
815,ICD10:R43.0,Anosmia,Moderate,Emerging evidence or plausible systemic associations,Can-be-Chronic,Symptom/condition that can become chronic if persistent
816,ICD10:R47.01,Other specified abnormal findings (R47),Unlikely,No clear association with long COVID,Variable,Can be acute or chronic depending on context
817,ICD10:R48.2,Other specified abnormal findings (R48),Unlikely,No clear association with long COVID,Variable,Can be acute or chronic depending on context
818,ICD10:R27.0,Other specified abnormal findings (R27),Unlikely,No clear association with long COVID,Variable,Can be acute or chronic depending on context
819,ICD10:R26.0,Other specified abnormal findings (R26),Unlikely,No clear association with long COVID,Variable,Can be acute or chronic depending on context
820,ICD10:R41.840,Attention and concentration deficit,Moderate,Emerging evidence or plausible systemic associations,Can-be-Chronic,Symptom/condition that can become chronic if persistent
821,ICD10:R41.83,Borderline intellectual functioning,Moderate,Emerging evidence or plausible systemic associations,Can-be-Chronic,Symptom/condition that can become chronic if persistent
822,ICD10:R41.841,Cognitive communication deficit,Moderate,Emerging evidence or plausible systemic associations,Can-be-Chronic,Symptom/condition that can become chronic if persistent
823,ICD10:R40.2334,"Somnolence, stupor and coma (R40.2334)",Unlikely,No clear association with long COVID,Variable,Can be acute or chronic depending on context
824,ICD10:R40.2362,"Somnolence, stupor and coma (R40.2362)",Unlikely,No clear association with long COVID,Variable,Can be acute or chronic depending on context
825,ICD10:R40.2363,"Somnolence, stupor and coma (R40.2363)",Unlikely,No clear association with long COVID,Variable,Can be acute or chronic depending on context
826,ICD10:R40.2254,"Somnolence, stupor and coma (R40.2254)",Unlikely,No clear association with long COVID,Variable,Can be acute or chronic depending on context
827,ICD10:R40.2252,"Somnolence, stupor and coma (R40.2252)",Unlikely,No clear association with long COVID,Variable,Can be acute or chronic depending on context
828,ICD10:R40.2253,"Somnolence, stupor and coma (R40.2253)",Unlikely,No clear association with long COVID,Variable,Can be acute or chronic depending on context
829,ICD10:R40.2142,"Somnolence, stupor and coma (R40.2142)",Unlikely,No clear association with long COVID,Variable,Can be acute or chronic depending on context
830,ICD10:R40.2143,"Somnolence, stupor and coma (R40.2143)",Unlikely,No clear association with long COVID,Variable,Can be acute or chronic depending on context
831,ICD10:R40.2134,"Somnolence, stupor and coma (R40.2134)",Unlikely,No clear association with long COVID,Variable,Can be acute or chronic depending on context
832,ICD10:R26.2,Other specified abnormal findings (R26),Unlikely,No clear association with long COVID,Variable,Can be acute or chronic depending on context
833,ICD10:R41.0,"Disorientation, unspecified",Moderate,Emerging evidence or plausible systemic associations,Can-be-Chronic,Symptom/condition that can become chronic if persistent
834,ICD10:R47.1,Other specified abnormal findings (R47),Unlikely,No clear association with long COVID,Variable,Can be acute or chronic depending on context
835,ICD10:R48.0,Other specified abnormal findings (R48),Unlikely,No clear association with long COVID,Variable,Can be acute or chronic depending on context
836,ICD10:R47.02,Other specified abnormal findings (R47),Unlikely,No clear association with long COVID,Variable,Can be acute or chronic depending on context
837,ICD10:R29.810,Other specified abnormal findings (R29),Unlikely,No clear association with long COVID,Variable,Can be acute or chronic depending on context
838,ICD10:R25.3,Other specified abnormal findings (R25),Unlikely,No clear association with long COVID,Variable,Can be acute or chronic depending on context
839,ICD10:R41.844,Frontal lobe and executive function deficit,Moderate,Emerging evidence or plausible systemic associations,Can-be-Chronic,Symptom/condition that can become chronic if persistent
840,ICD10:R53.2,Functional quadriplegia,High,Core long COVID symptoms with strong evidence,Can-be-Chronic,Symptom/condition that can become chronic if persistent
841,ICD10:R41.4,Neurologic neglect syndrome,Moderate,Emerging evidence or plausible systemic associations,Can-be-Chronic,Symptom/condition that can become chronic if persistent
842,ICD10:R25.8,Other specified abnormal findings (R25),Unlikely,No clear association with long COVID,Variable,Can be acute or chronic depending on context
843,ICD10:R26.89,Other specified abnormal findings (R26),Unlikely,No clear association with long COVID,Variable,Can be acute or chronic depending on context
844,ICD10:R41.3,Other amnesia,Moderate,Emerging evidence or plausible systemic associations,Can-be-Chronic,Symptom/condition that can become chronic if persistent
845,ICD10:R43.8,Other disturbances of smell and taste,Moderate,Emerging evidence or plausible systemic associations,Can-be-Chronic,Symptom/condition that can become chronic if persistent
846,ICD10:R27.8,Other specified abnormal findings (R27),Unlikely,No clear association with long COVID,Variable,Can be acute or chronic depending on context
847,ICD10:R47.89,Other specified abnormal findings (R47),Unlikely,No clear association with long COVID,Variable,Can be acute or chronic depending on context
848,ICD10:R48.8,Other specified abnormal findings (R48),Unlikely,No clear association with long COVID,Variable,Can be acute or chronic depending on context
849,ICD10:R41.89,Other symptoms involving cognitive functions,Moderate,Emerging evidence or plausible systemic associations,Can-be-Chronic,Symptom/condition that can become chronic if persistent
850,ICD10:R29.818,Other specified abnormal findings (R29),Unlikely,No clear association with long COVID,Variable,Can be acute or chronic depending on context
851,ICD10:R43.2,Parageusia,Moderate,Emerging evidence or plausible systemic associations,Can-be-Chronic,Symptom/condition that can become chronic if persistent
852,ICD10:R26.1,Other specified abnormal findings (R26),Unlikely,No clear association with long COVID,Variable,Can be acute or chronic depending on context
853,ICD10:R43.1,Parosmia,Moderate,Emerging evidence or plausible systemic associations,Can-be-Chronic,Symptom/condition that can become chronic if persistent
854,ICD10:R47.81,Other specified abnormal findings (R47),Unlikely,No clear association with long COVID,Variable,Can be acute or chronic depending on context
855,ICD10:R40.4,Transient alteration of awareness,Unlikely,No clear association with long COVID,Variable,Can be acute or chronic depending on context
856,ICD10:R25.1,Other specified abnormal findings (R25),Unlikely,No clear association with long COVID,Variable,Can be acute or chronic depending on context
857,ICD10:R25.9,Other specified abnormal findings (R25),Unlikely,No clear association with long COVID,Variable,Can be acute or chronic depending on context
858,ICD10:R26.9,Other specified abnormal findings (R26),Unlikely,No clear association with long COVID,Variable,Can be acute or chronic depending on context
859,ICD10:R43.9,Unspecified disturbances of smell and taste,Moderate,Emerging evidence or plausible systemic associations,Can-be-Chronic,Symptom/condition that can become chronic if persistent
860,ICD10:R27.9,Other specified abnormal findings (R27),Unlikely,No clear association with long COVID,Variable,Can be acute or chronic depending on context
861,ICD10:R47.9,Other specified abnormal findings (R47),Unlikely,No clear association with long COVID,Variable,Can be acute or chronic depending on context
862,ICD10:R41.9,Unspecified symptoms involving cognitive functions,Moderate,Emerging evidence or plausible systemic associations,Can-be-Chronic,Symptom/condition that can become chronic if persistent
863,ICD10:R29.90,Other specified abnormal findings (R29),Unlikely,No clear association with long COVID,Variable,Can be acute or chronic depending on context
864,ICD10:R26.81,Other specified abnormal findings (R26),Unlikely,No clear association with long COVID,Variable,Can be acute or chronic depending on context
865,ICD10:L98.421,"Other disorders of skin and subcutaneous tissue, not elsewhere classified (L98.421)",Unlikely,No clear association with long COVID,Variable,Can be acute or chronic depending on context
866,ICD10:L98.422,"Other disorders of skin and subcutaneous tissue, not elsewhere classified (L98.422)",Unlikely,No clear association with long COVID,Variable,Can be acute or chronic depending on context
867,ICD10:L98.429,"Other disorders of skin and subcutaneous tissue, not elsewhere classified (L98.429)",Unlikely,No clear association with long COVID,Variable,Can be acute or chronic depending on context
868,ICD10:L98.411,"Other disorders of skin and subcutaneous tissue, not elsewhere classified (L98.411)",Unlikely,No clear association with long COVID,Variable,Can be acute or chronic depending on context
869,ICD10:L98.419,"Other disorders of skin and subcutaneous tissue, not elsewhere classified (L98.419)",Unlikely,No clear association with long COVID,Variable,Can be acute or chronic depending on context
870,ICD10:L97.321,"Non-pressure chronic ulcer of lower limb, not elsewhere classified (L97.321)",Unlikely,No clear association with long COVID,Chronic,Inherently chronic condition or long-term management required
871,ICD10:L97.329,"Non-pressure chronic ulcer of lower limb, not elsewhere classified (L97.329)",Unlikely,No clear association with long COVID,Chronic,Inherently chronic condition or long-term management required
872,ICD10:L97.221,"Non-pressure chronic ulcer of lower limb, not elsewhere classified (L97.221)",Unlikely,No clear association with long COVID,Chronic,Inherently chronic condition or long-term management required
873,ICD10:L97.222,"Non-pressure chronic ulcer of lower limb, not elsewhere classified (L97.222)",Unlikely,No clear association with long COVID,Chronic,Inherently chronic condition or long-term management required
874,ICD10:L97.229,"Non-pressure chronic ulcer of lower limb, not elsewhere classified (L97.229)",Unlikely,No clear association with long COVID,Chronic,Inherently chronic condition or long-term management required
875,ICD10:L97.421,"Non-pressure chronic ulcer of lower limb, not elsewhere classified (L97.421)",Unlikely,No clear association with long COVID,Chronic,Inherently chronic condition or long-term management required
876,ICD10:L97.422,"Non-pressure chronic ulcer of lower limb, not elsewhere classified (L97.422)",Unlikely,No clear association with long COVID,Chronic,Inherently chronic condition or long-term management required
877,ICD10:L97.429,"Non-pressure chronic ulcer of lower limb, not elsewhere classified (L97.429)",Unlikely,No clear association with long COVID,Chronic,Inherently chronic condition or long-term management required
878,ICD10:L97.122,"Non-pressure chronic ulcer of lower limb, not elsewhere classified (L97.122)",Unlikely,No clear association with long COVID,Chronic,Inherently chronic condition or long-term management required
879,ICD10:L97.129,"Non-pressure chronic ulcer of lower limb, not elsewhere classified (L97.129)",Unlikely,No clear association with long COVID,Chronic,Inherently chronic condition or long-term management required
880,ICD10:L97.521,"Non-pressure chronic ulcer of lower limb, not elsewhere classified (L97.521)",Unlikely,No clear association with long COVID,Chronic,Inherently chronic condition or long-term management required
881,ICD10:L97.522,"Non-pressure chronic ulcer of lower limb, not elsewhere classified (L97.522)",Unlikely,No clear association with long COVID,Chronic,Inherently chronic condition or long-term management required
882,ICD10:L97.523,"Non-pressure chronic ulcer of lower limb, not elsewhere classified (L97.523)",Unlikely,No clear association with long COVID,Chronic,Inherently chronic condition or long-term management required
883,ICD10:L97.529,"Non-pressure chronic ulcer of lower limb, not elsewhere classified (L97.529)",Unlikely,No clear association with long COVID,Chronic,Inherently chronic condition or long-term management required
884,ICD10:L97.821,"Non-pressure chronic ulcer of lower limb, not elsewhere classified (L97.821)",Unlikely,No clear association with long COVID,Chronic,Inherently chronic condition or long-term management required
885,ICD10:L97.822,"Non-pressure chronic ulcer of lower limb, not elsewhere classified (L97.822)",Unlikely,No clear association with long COVID,Chronic,Inherently chronic condition or long-term management required
886,ICD10:L97.511,"Non-pressure chronic ulcer of lower limb, not elsewhere classified (L97.511)",Unlikely,No clear association with long COVID,Chronic,Inherently chronic condition or long-term management required
887,ICD10:L97.512,"Non-pressure chronic ulcer of lower limb, not elsewhere classified (L97.512)",Unlikely,No clear association with long COVID,Chronic,Inherently chronic condition or long-term management required
888,ICD10:L97.513,"Non-pressure chronic ulcer of lower limb, not elsewhere classified (L97.513)",Unlikely,No clear association with long COVID,Chronic,Inherently chronic condition or long-term management required
889,ICD10:L97.519,"Non-pressure chronic ulcer of lower limb, not elsewhere classified (L97.519)",Unlikely,No clear association with long COVID,Chronic,Inherently chronic condition or long-term management required
890,ICD10:L97.812,"Non-pressure chronic ulcer of lower limb, not elsewhere classified (L97.812)",Unlikely,No clear association with long COVID,Chronic,Inherently chronic condition or long-term management required
891,ICD10:L97.819,"Non-pressure chronic ulcer of lower limb, not elsewhere classified (L97.819)",Unlikely,No clear association with long COVID,Chronic,Inherently chronic condition or long-term management required
892,ICD10:L97.501,"Non-pressure chronic ulcer of lower limb, not elsewhere classified (L97.501)",Unlikely,No clear association with long COVID,Chronic,Inherently chronic condition or long-term management required
893,ICD10:L97.502,"Non-pressure chronic ulcer of lower limb, not elsewhere classified (L97.502)",Unlikely,No clear association with long COVID,Chronic,Inherently chronic condition or long-term management required
894,ICD10:L97.509,"Non-pressure chronic ulcer of lower limb, not elsewhere classified (L97.509)",Unlikely,No clear association with long COVID,Chronic,Inherently chronic condition or long-term management required
895,ICD10:L97.809,"Non-pressure chronic ulcer of lower limb, not elsewhere classified (L97.809)",Unlikely,No clear association with long COVID,Chronic,Inherently chronic condition or long-term management required
896,ICD10:L97.311,"Non-pressure chronic ulcer of lower limb, not elsewhere classified (L97.311)",Unlikely,No clear association with long COVID,Chronic,Inherently chronic condition or long-term management required
897,ICD10:L97.312,"Non-pressure chronic ulcer of lower limb, not elsewhere classified (L97.312)",Unlikely,No clear association with long COVID,Chronic,Inherently chronic condition or long-term management required
898,ICD10:L97.319,"Non-pressure chronic ulcer of lower limb, not elsewhere classified (L97.319)",Unlikely,No clear association with long COVID,Chronic,Inherently chronic condition or long-term management required
899,ICD10:L97.211,"Non-pressure chronic ulcer of lower limb, not elsewhere classified (L97.211)",Unlikely,No clear association with long COVID,Chronic,Inherently chronic condition or long-term management required
900,ICD10:L97.212,"Non-pressure chronic ulcer of lower limb, not elsewhere classified (L97.212)",Unlikely,No clear association with long COVID,Chronic,Inherently chronic condition or long-term management required
901,ICD10:L97.411,"Non-pressure chronic ulcer of lower limb, not elsewhere classified (L97.411)",Unlikely,No clear association with long COVID,Chronic,Inherently chronic condition or long-term management required
902,ICD10:L97.412,"Non-pressure chronic ulcer of lower limb, not elsewhere classified (L97.412)",Unlikely,No clear association with long COVID,Chronic,Inherently chronic condition or long-term management required
903,ICD10:L97.413,"Non-pressure chronic ulcer of lower limb, not elsewhere classified (L97.413)",Unlikely,No clear association with long COVID,Chronic,Inherently chronic condition or long-term management required
904,ICD10:L97.419,"Non-pressure chronic ulcer of lower limb, not elsewhere classified (L97.419)",Unlikely,No clear association with long COVID,Chronic,Inherently chronic condition or long-term management required
905,ICD10:L97.112,"Non-pressure chronic ulcer of lower limb, not elsewhere classified (L97.112)",Unlikely,No clear association with long COVID,Chronic,Inherently chronic condition or long-term management required
906,ICD10:L98.491,"Other disorders of skin and subcutaneous tissue, not elsewhere classified (L98.491)",Unlikely,No clear association with long COVID,Variable,Can be acute or chronic depending on context
907,ICD10:L98.492,"Other disorders of skin and subcutaneous tissue, not elsewhere classified (L98.492)",Unlikely,No clear association with long COVID,Variable,Can be acute or chronic depending on context
908,ICD10:L98.499,"Other disorders of skin and subcutaneous tissue, not elsewhere classified (L98.499)",Unlikely,No clear association with long COVID,Variable,Can be acute or chronic depending on context
909,ICD10:L97.309,"Non-pressure chronic ulcer of lower limb, not elsewhere classified (L97.309)",Unlikely,No clear association with long COVID,Chronic,Inherently chronic condition or long-term management required
910,ICD10:L97.201,"Non-pressure chronic ulcer of lower limb, not elsewhere classified (L97.201)",Unlikely,No clear association with long COVID,Chronic,Inherently chronic condition or long-term management required
911,ICD10:L97.202,"Non-pressure chronic ulcer of lower limb, not elsewhere classified (L97.202)",Unlikely,No clear association with long COVID,Chronic,Inherently chronic condition or long-term management required
912,ICD10:L97.402,"Non-pressure chronic ulcer of lower limb, not elsewhere classified (L97.402)",Unlikely,No clear association with long COVID,Chronic,Inherently chronic condition or long-term management required
913,ICD10:L97.409,"Non-pressure chronic ulcer of lower limb, not elsewhere classified (L97.409)",Unlikely,No clear association with long COVID,Chronic,Inherently chronic condition or long-term management required
914,ICD10:L97.921,"Non-pressure chronic ulcer of lower limb, not elsewhere classified (L97.921)",Unlikely,No clear association with long COVID,Chronic,Inherently chronic condition or long-term management required
915,ICD10:L97.922,"Non-pressure chronic ulcer of lower limb, not elsewhere classified (L97.922)",Unlikely,No clear association with long COVID,Chronic,Inherently chronic condition or long-term management required
916,ICD10:L97.929,"Non-pressure chronic ulcer of lower limb, not elsewhere classified (L97.929)",Unlikely,No clear association with long COVID,Chronic,Inherently chronic condition or long-term management required
917,ICD10:L97.911,"Non-pressure chronic ulcer of lower limb, not elsewhere classified (L97.911)",Unlikely,No clear association with long COVID,Chronic,Inherently chronic condition or long-term management required
918,ICD10:L97.912,"Non-pressure chronic ulcer of lower limb, not elsewhere classified (L97.912)",Unlikely,No clear association with long COVID,Chronic,Inherently chronic condition or long-term management required
919,ICD10:L97.913,"Non-pressure chronic ulcer of lower limb, not elsewhere classified (L97.913)",Unlikely,No clear association with long COVID,Chronic,Inherently chronic condition or long-term management required
920,ICD10:L97.919,"Non-pressure chronic ulcer of lower limb, not elsewhere classified (L97.919)",Unlikely,No clear association with long COVID,Chronic,Inherently chronic condition or long-term management required
921,ICD10:L97.902,"Non-pressure chronic ulcer of lower limb, not elsewhere classified (L97.902)",Unlikely,No clear association with long COVID,Chronic,Inherently chronic condition or long-term management required
922,ICD10:L97.909,"Non-pressure chronic ulcer of lower limb, not elsewhere classified (L97.909)",Unlikely,No clear association with long COVID,Chronic,Inherently chronic condition or long-term management required
923,ICD10:R07.9,"Chest pain, unspecified",Moderate-High,Well-documented secondary long COVID symptoms,Can-be-Chronic,Symptom/condition that can become chronic if persistent
924,ICD10:R07.89,Other chest pain,Moderate-High,Well-documented secondary long COVID symptoms,Can-be-Chronic,Symptom/condition that can become chronic if persistent
925,ICD10:R07.2,Pain in throat and chest (R07.2),Moderate-High,Well-documented secondary long COVID symptoms,Can-be-Chronic,Symptom/condition that can become chronic if persistent
926,ICD10:E54,"Endocrine, nutritional and metabolic diseases (E54)",Unlikely,No clear association with long COVID,Variable,Can be acute or chronic depending on context
927,ICD10:E61.0,"Endocrine, nutritional and metabolic diseases (E61.0)",Unlikely,No clear association with long COVID,Variable,Can be acute or chronic depending on context
928,ICD10:E53.8,"Endocrine, nutritional and metabolic diseases (E53.8)",Unlikely,No clear association with long COVID,Variable,Can be acute or chronic depending on context
929,ICD10:E61.8,"Endocrine, nutritional and metabolic diseases (E61.8)",Unlikely,No clear association with long COVID,Variable,Can be acute or chronic depending on context
930,ICD10:E58,"Endocrine, nutritional and metabolic diseases (E58)",Unlikely,No clear association with long COVID,Variable,Can be acute or chronic depending on context
931,ICD10:E59,"Endocrine, nutritional and metabolic diseases (E59)",Unlikely,No clear association with long COVID,Variable,Can be acute or chronic depending on context
932,ICD10:E60,"Endocrine, nutritional and metabolic diseases (E60)",Unlikely,No clear association with long COVID,Variable,Can be acute or chronic depending on context
933,ICD10:E61.1,"Endocrine, nutritional and metabolic diseases (E61.1)",Unlikely,No clear association with long COVID,Variable,Can be acute or chronic depending on context
934,ICD10:E61.2,"Endocrine, nutritional and metabolic diseases (E61.2)",Unlikely,No clear association with long COVID,Variable,Can be acute or chronic depending on context
935,ICD10:E63.9,"Endocrine, nutritional and metabolic diseases (E63.9)",Unlikely,No clear association with long COVID,Variable,Can be acute or chronic depending on context
936,ICD10:E50.7,"Endocrine, nutritional and metabolic diseases (E50.7)",Unlikely,No clear association with long COVID,Variable,Can be acute or chronic depending on context
937,ICD10:E63.8,"Endocrine, nutritional and metabolic diseases (E63.8)",Unlikely,No clear association with long COVID,Variable,Can be acute or chronic depending on context
938,ICD10:E53.1,"Endocrine, nutritional and metabolic diseases (E53.1)",Unlikely,No clear association with long COVID,Variable,Can be acute or chronic depending on context
939,ICD10:E51.9,Thiamine deficiency (E51.9),Unlikely,No clear association with long COVID,Variable,Can be acute or chronic depending on context
940,ICD10:E50.9,"Endocrine, nutritional and metabolic diseases (E50.9)",Unlikely,No clear association with long COVID,Variable,Can be acute or chronic depending on context
941,ICD10:E53.9,"Endocrine, nutritional and metabolic diseases (E53.9)",Unlikely,No clear association with long COVID,Variable,Can be acute or chronic depending on context
942,ICD10:E55.9,Vitamin D deficiency (E55.9),Unlikely,No clear association with long COVID,Variable,Can be acute or chronic depending on context
943,ICD10:E56.9,"Endocrine, nutritional and metabolic diseases (E56.9)",Unlikely,No clear association with long COVID,Variable,Can be acute or chronic depending on context
944,ICD10:E51.2,Thiamine deficiency (E51.2),Unlikely,No clear association with long COVID,Variable,Can be acute or chronic depending on context
945,ICD10:R29.3,Other specified abnormal findings (R29),Unlikely,No clear association with long COVID,Variable,Can be acute or chronic depending on context
946,ICD10:R63.5,Abnormal weight gain,Unlikely,No clear association with long COVID,Variable,Can be acute or chronic depending on context
947,ICD10:R63.4,Abnormal weight loss,Unlikely,No clear association with long COVID,Variable,Can be acute or chronic depending on context
948,ICD10:R62.7,Adult failure to thrive,Unlikely,No clear association with long COVID,Variable,Can be acute or chronic depending on context
949,ICD10:R54,Other specified abnormal findings (R54),Unlikely,No clear association with long COVID,Variable,Can be acute or chronic depending on context
950,ICD10:R63.0,Anorexia,Unlikely,No clear association with long COVID,Variable,Can be acute or chronic depending on context
951,ICD10:R49.1,Other specified abnormal findings (R49),Unlikely,No clear association with long COVID,Variable,Can be acute or chronic depending on context
952,ICD10:R64,Other specified abnormal findings (R64),Unlikely,No clear association with long COVID,Variable,Can be acute or chronic depending on context
953,ICD10:R68.83,Chills (without fever),Moderate,Emerging evidence or plausible systemic associations,Variable,Can be acute or chronic depending on context
954,ICD10:R29.4,Other specified abnormal findings (R29),Unlikely,No clear association with long COVID,Variable,Can be acute or chronic depending on context
955,ICD10:R68.3,Clubbing of fingers,Moderate,Emerging evidence or plausible systemic associations,Variable,Can be acute or chronic depending on context
956,ICD10:R25.2,Other specified abnormal findings (R25),Unlikely,No clear association with long COVID,Variable,Can be acute or chronic depending on context
957,ICD10:R68.82,Decreased libido,Moderate,Emerging evidence or plausible systemic associations,Variable,Can be acute or chronic depending on context
958,ICD10:R49.0,Other specified abnormal findings (R49),Unlikely,No clear association with long COVID,Variable,Can be acute or chronic depending on context
959,ICD10:R68.81,Early satiety,Moderate,Emerging evidence or plausible systemic associations,Variable,Can be acute or chronic depending on context
960,ICD10:R60.9,Other specified abnormal findings (R60),Moderate-Low,Speculative but biologically plausible connections,Variable,Can be acute or chronic depending on context
961,ICD10:R59.9,Other specified abnormal findings (R59),Unlikely,No clear association with long COVID,Variable,Can be acute or chronic depending on context
962,ICD10:R62.51,Failure to thrive in child,Unlikely,No clear association with long COVID,Variable,Can be acute or chronic depending on context
963,ICD10:R63.3,Symptoms concerning food and fluid intake (R63.3),Unlikely,No clear association with long COVID,Variable,Can be acute or chronic depending on context
964,ICD10:R60.1,Other specified abnormal findings (R60),Moderate-Low,Speculative but biologically plausible connections,Variable,Can be acute or chronic depending on context
965,ICD10:R59.1,Other specified abnormal findings (R59),Unlikely,No clear association with long COVID,Variable,Can be acute or chronic depending on context
966,ICD10:R61,Other specified abnormal findings (R61),Unlikely,No clear association with long COVID,Variable,Can be acute or chronic depending on context
967,ICD10:R68.0,"Hypothermia, not associated with low environmental temperature",Moderate,Emerging evidence or plausible systemic associations,Variable,Can be acute or chronic depending on context
968,ICD10:R99,Other specified abnormal findings (R99),Unlikely,No clear association with long COVID,Variable,Can be acute or chronic depending on context
969,ICD10:R69,Other specified abnormal findings (R69),Unlikely,No clear association with long COVID,Variable,Can be acute or chronic depending on context
970,ICD10:R60.0,Other specified abnormal findings (R60),Moderate-Low,Speculative but biologically plausible connections,Variable,Can be acute or chronic depending on context
971,ICD10:R59.0,Other specified abnormal findings (R59),Unlikely,No clear association with long COVID,Variable,Can be acute or chronic depending on context
972,ICD10:R29.890,Other specified abnormal findings (R29),Unlikely,No clear association with long COVID,Variable,Can be acute or chronic depending on context
973,ICD10:R68.89,Other general symptoms,Moderate,Emerging evidence or plausible systemic associations,Variable,Can be acute or chronic depending on context
974,ICD10:R62.59,Other lack of expected normal physiological development in childhood,Unlikely,No clear association with long COVID,Variable,Can be acute or chronic depending on context
975,ICD10:R63.8,Other symptoms concerning food and fluid intake,Unlikely,No clear association with long COVID,Variable,Can be acute or chronic depending on context
976,ICD10:R29.898,Other specified abnormal findings (R29),Unlikely,No clear association with long COVID,Variable,Can be acute or chronic depending on context
977,ICD10:R49.8,Other specified abnormal findings (R49),Unlikely,No clear association with long COVID,Variable,Can be acute or chronic depending on context
978,ICD10:R52,Other specified abnormal findings (R52),Unlikely,No clear association with long COVID,Variable,Can be acute or chronic depending on context
979,ICD10:R63.1,Polydipsia,Unlikely,No clear association with long COVID,Variable,Can be acute or chronic depending on context
980,ICD10:R63.2,Polyphagia,Unlikely,No clear association with long COVID,Variable,Can be acute or chronic depending on context
981,ICD10:R29.6,Other specified abnormal findings (R29),Unlikely,No clear association with long COVID,Variable,Can be acute or chronic depending on context
982,ICD10:R62.52,Short stature (child),Unlikely,No clear association with long COVID,Variable,Can be acute or chronic depending on context
983,ICD10:R65.11,Other specified abnormal findings (R65),Unlikely,No clear association with long COVID,Variable,Can be acute or chronic depending on context
984,ICD10:R65.10,Other specified abnormal findings (R65),Unlikely,No clear association with long COVID,Variable,Can be acute or chronic depending on context
985,ICD10:R63.6,Underweight,Unlikely,No clear association with long COVID,Variable,Can be acute or chronic depending on context
986,ICD10:R62.50,Unspecified lack of expected normal physiological development in childhood,Unlikely,No clear association with long COVID,Variable,Can be acute or chronic depending on context
987,ICD10:R29.91,Other specified abnormal findings (R29),Unlikely,No clear association with long COVID,Variable,Can be acute or chronic depending on context
988,ICD10:R49.9,Other specified abnormal findings (R49),Unlikely,No clear association with long COVID,Variable,Can be acute or chronic depending on context
989,ICD10:G91.2,Diseases of the nervous system (G91.2),Unlikely,No clear association with long COVID,Variable,Can be acute or chronic depending on context
990,ICD10:G37.3,Diseases of the nervous system (G37.3),Unlikely,No clear association with long COVID,Variable,Can be acute or chronic depending on context
991,ICD10:G12.21,Diseases of the nervous system (G12.21),Unlikely,No clear association with long COVID,Variable,Can be acute or chronic depending on context
992,ICD10:G90.4,Disorders of autonomic nervous system (G90.4),Unlikely,No clear association with long COVID,Variable,Can be acute or chronic depending on context
993,ICD10:G93.2,Other disorders of brain (G93.2),Unlikely,No clear association with long COVID,Variable,Can be acute or chronic depending on context
994,ICD10:G24.5,Diseases of the nervous system (G24.5),Unlikely,No clear association with long COVID,Variable,Can be acute or chronic depending on context
995,ICD10:G90.01,Disorders of autonomic nervous system (G90.01),Unlikely,No clear association with long COVID,Variable,Can be acute or chronic depending on context
996,ICD10:G93.0,Other disorders of brain (G93.0),Unlikely,No clear association with long COVID,Variable,Can be acute or chronic depending on context
997,ICD10:G93.6,Other disorders of brain (G93.6),Unlikely,No clear association with long COVID,Variable,Can be acute or chronic depending on context
998,ICD10:G91.0,Diseases of the nervous system (G91.0),Unlikely,No clear association with long COVID,Variable,Can be acute or chronic depending on context
999,ICD10:G93.5,Other disorders of brain (G93.5),Unlikely,No clear association with long COVID,Variable,Can be acute or chronic depending on context
1000,ICD10:G95.81,Diseases of the nervous system (G95.81),Unlikely,No clear association with long COVID,Variable,Can be acute or chronic depending on context
1001,ICD10:G31.9,Diseases of the nervous system (G31.9),Unlikely,No clear association with long COVID,Variable,Can be acute or chronic depending on context
1002,ICD10:G37.9,Diseases of the nervous system (G37.9),Unlikely,No clear association with long COVID,Variable,Can be acute or chronic depending on context
1003,ICD10:G95.9,Diseases of the nervous system (G95.9),Unlikely,No clear association with long COVID,Variable,Can be acute or chronic depending on context
1004,ICD10:G93.9,Other disorders of brain (G93.9),Unlikely,No clear association with long COVID,Variable,Can be acute or chronic depending on context
1005,ICD10:G90.9,Disorders of autonomic nervous system (G90.9),Unlikely,No clear association with long COVID,Variable,Can be acute or chronic depending on context
1006,ICD10:G96.11,Dural tear,Unlikely,No clear association with long COVID,Variable,Can be acute or chronic depending on context
1007,ICD10:G24.9,Diseases of the nervous system (G24.9),Unlikely,No clear association with long COVID,Variable,Can be acute or chronic depending on context
1008,ICD10:G93.40,Other disorders of brain (G93.40),Unlikely,No clear association with long COVID,Variable,Can be acute or chronic depending on context
1009,ICD10:G25.0,Other extrapyramidal and movement disorders (G25.0),Unlikely,No clear association with long COVID,Variable,Can be acute or chronic depending on context
1010,ICD10:G25.9,Other extrapyramidal and movement disorders (G25.9),Unlikely,No clear association with long COVID,Variable,Can be acute or chronic depending on context
1011,ICD10:G90.1,Disorders of autonomic nervous system (G90.1),Unlikely,No clear association with long COVID,Variable,Can be acute or chronic depending on context
1012,ICD10:G11.9,Diseases of the nervous system (G11.9),Unlikely,No clear association with long COVID,Variable,Can be acute or chronic depending on context
1013,ICD10:G11.4,Diseases of the nervous system (G11.4),Unlikely,No clear association with long COVID,Variable,Can be acute or chronic depending on context
1014,ICD10:G91.9,Diseases of the nervous system (G91.9),Unlikely,No clear association with long COVID,Variable,Can be acute or chronic depending on context
1015,ICD10:G24.4,Diseases of the nervous system (G24.4),Unlikely,No clear association with long COVID,Variable,Can be acute or chronic depending on context
1016,ICD10:J10.81,Diseases of the respiratory system (J10.81),Unlikely,No clear association with long COVID,Variable,Can be acute or chronic depending on context
1017,ICD10:G08,Diseases of the nervous system (G08),Unlikely,No clear association with long COVID,Variable,Can be acute or chronic depending on context
1018,ICD10:G93.41,Other disorders of brain (G93.41),Unlikely,No clear association with long COVID,Variable,Can be acute or chronic depending on context
1019,ICD10:G31.84,Diseases of the nervous system (G31.84),Unlikely,No clear association with long COVID,Variable,Can be acute or chronic depending on context
1020,ICD10:G12.20,Diseases of the nervous system (G12.20),Unlikely,No clear association with long COVID,Variable,Can be acute or chronic depending on context
1021,ICD10:G90.3,Disorders of autonomic nervous system (G90.3),Unlikely,No clear association with long COVID,Variable,Can be acute or chronic depending on context
1022,ICD10:G99.2,Diseases of the nervous system (G99.2),Unlikely,No clear association with long COVID,Variable,Can be acute or chronic depending on context
1023,ICD10:G25.3,Other extrapyramidal and movement disorders (G25.3),Unlikely,No clear association with long COVID,Variable,Can be acute or chronic depending on context
1024,ICD10:G36.0,Diseases of the nervous system (G36.0),Unlikely,No clear association with long COVID,Variable,Can be acute or chronic depending on context
1025,ICD10:G91.1,Diseases of the nervous system (G91.1),Unlikely,No clear association with long COVID,Variable,Can be acute or chronic depending on context
1026,ICD10:G25.5,Other extrapyramidal and movement disorders (G25.5),Unlikely,No clear association with long COVID,Variable,Can be acute or chronic depending on context
1027,ICD10:G95.29,Diseases of the nervous system (G95.29),Unlikely,No clear association with long COVID,Variable,Can be acute or chronic depending on context
1028,ICD10:G90.8,Disorders of autonomic nervous system (G90.8),Unlikely,No clear association with long COVID,Variable,Can be acute or chronic depending on context
1029,ICD10:G64,Diseases of the nervous system (G64),Unlikely,No clear association with long COVID,Variable,Can be acute or chronic depending on context
1030,ICD10:G24.8,Diseases of the nervous system (G24.8),Unlikely,No clear association with long COVID,Variable,Can be acute or chronic depending on context
1031,ICD10:G93.49,Other disorders of brain (G93.49),Unlikely,No clear association with long COVID,Variable,Can be acute or chronic depending on context
1032,ICD10:G90.09,Disorders of autonomic nervous system (G90.09),Unlikely,No clear association with long COVID,Variable,Can be acute or chronic depending on context
1033,ICD10:G12.29,Diseases of the nervous system (G12.29),Unlikely,No clear association with long COVID,Variable,Can be acute or chronic depending on context
1034,ICD10:G31.89,Diseases of the nervous system (G31.89),Unlikely,No clear association with long COVID,Variable,Can be acute or chronic depending on context
1035,ICD10:G95.89,Diseases of the nervous system (G95.89),Unlikely,No clear association with long COVID,Variable,Can be acute or chronic depending on context
1036,ICD10:G93.89,Other disorders of brain (G93.89),Unlikely,No clear association with long COVID,Variable,Can be acute or chronic depending on context
1037,ICD10:G25.89,Other extrapyramidal and movement disorders (G25.89),Unlikely,No clear association with long COVID,Variable,Can be acute or chronic depending on context
1038,ICD10:G25.2,Other extrapyramidal and movement disorders (G25.2),Unlikely,No clear association with long COVID,Variable,Can be acute or chronic depending on context
1039,ICD10:G95.19,Diseases of the nervous system (G95.19),Unlikely,No clear association with long COVID,Variable,Can be acute or chronic depending on context
1040,ICD10:G13.0,Diseases of the nervous system (G13.0),Unlikely,No clear association with long COVID,Variable,Can be acute or chronic depending on context
1041,ICD10:G93.3,Other disorders of brain (G93.3),Unlikely,No clear association with long COVID,Variable,Can be acute or chronic depending on context
1042,ICD10:G23.1,Diseases of the nervous system (G23.1),Unlikely,No clear association with long COVID,Variable,Can be acute or chronic depending on context
1043,ICD10:G25.81,Other extrapyramidal and movement disorders (G25.81),Unlikely,No clear association with long COVID,Variable,Can be acute or chronic depending on context
1044,ICD10:G21.9,Secondary parkinsonism (G21.9),Unlikely,No clear association with long COVID,Variable,Can be acute or chronic depending on context
1045,ICD10:G24.3,Diseases of the nervous system (G24.3),Unlikely,No clear association with long COVID,Variable,Can be acute or chronic depending on context
1046,ICD10:G12.9,Diseases of the nervous system (G12.9),Unlikely,No clear association with long COVID,Variable,Can be acute or chronic depending on context
1047,ICD10:G25.82,Other extrapyramidal and movement disorders (G25.82),Unlikely,No clear association with long COVID,Variable,Can be acute or chronic depending on context
1048,ICD10:G95.0,Diseases of the nervous system (G95.0),Unlikely,No clear association with long COVID,Variable,Can be acute or chronic depending on context
1049,ICD10:G93.81,Other disorders of brain (G93.81),Unlikely,No clear association with long COVID,Variable,Can be acute or chronic depending on context
1050,ICD10:G95.20,Diseases of the nervous system (G95.20),Unlikely,No clear association with long COVID,Variable,Can be acute or chronic depending on context
1051,ICD10:I77.811,Other disorders of arteries and arterioles (I77.811),Unlikely,No clear association with long COVID,Variable,Can be acute or chronic depending on context
1052,ICD10:I77.819,Other disorders of arteries and arterioles (I77.819),Unlikely,No clear association with long COVID,Variable,Can be acute or chronic depending on context
1053,ICD10:I77.3,Other disorders of arteries and arterioles (I77.3),Unlikely,No clear association with long COVID,Variable,Can be acute or chronic depending on context
1054,ICD10:I77.0,Other disorders of arteries and arterioles (I77.0),Unlikely,No clear association with long COVID,Variable,Can be acute or chronic depending on context
1055,ICD10:I77.4,Other disorders of arteries and arterioles (I77.4),Unlikely,No clear association with long COVID,Variable,Can be acute or chronic depending on context
1056,ICD10:I78.9,Diseases of the circulatory system (I78.9),Unlikely,No clear association with long COVID,Variable,Can be acute or chronic depending on context
1057,ICD10:I77.9,Other disorders of arteries and arterioles (I77.9),Unlikely,No clear association with long COVID,Variable,Can be acute or chronic depending on context
1058,ICD10:I78.0,Diseases of the circulatory system (I78.0),Unlikely,No clear association with long COVID,Variable,Can be acute or chronic depending on context
1059,ICD10:I78.1,Diseases of the circulatory system (I78.1),Unlikely,No clear association with long COVID,Variable,Can be acute or chronic depending on context
1060,ICD10:I78.8,Diseases of the circulatory system (I78.8),Unlikely,No clear association with long COVID,Variable,Can be acute or chronic depending on context
1061,ICD10:I99.8,Diseases of the circulatory system (I99.8),Unlikely,No clear association with long COVID,Variable,Can be acute or chronic depending on context
1062,ICD10:I77.89,Other disorders of arteries and arterioles (I77.89),Unlikely,No clear association with long COVID,Variable,Can be acute or chronic depending on context
1063,ICD10:I77.2,Other disorders of arteries and arterioles (I77.2),Unlikely,No clear association with long COVID,Variable,Can be acute or chronic depending on context
1064,ICD10:I77.1,Other disorders of arteries and arterioles (I77.1),Unlikely,No clear association with long COVID,Variable,Can be acute or chronic depending on context
1065,ICD10:I77.810,Other disorders of arteries and arterioles (I77.810),Unlikely,No clear association with long COVID,Variable,Can be acute or chronic depending on context
1066,ICD10:I99.9,Diseases of the circulatory system (I99.9),Unlikely,No clear association with long COVID,Variable,Can be acute or chronic depending on context
1067,ICD10:N26.1,Diseases of the genitourinary system (N26.1),Unlikely,No clear association with long COVID,Variable,Can be acute or chronic depending on context
1068,ICD10:N13.5,Diseases of the genitourinary system (N13.5),Unlikely,No clear association with long COVID,Variable,Can be acute or chronic depending on context
1069,ICD10:N28.1,Diseases of the genitourinary system (N28.1),Unlikely,No clear association with long COVID,Variable,Can be acute or chronic depending on context
1070,ICD10:N28.9,Diseases of the genitourinary system (N28.9),Unlikely,No clear association with long COVID,Variable,Can be acute or chronic depending on context
1071,ICD10:N13.1,Diseases of the genitourinary system (N13.1),Unlikely,No clear association with long COVID,Variable,Can be acute or chronic depending on context
1072,ICD10:N13.4,Diseases of the genitourinary system (N13.4),Unlikely,No clear association with long COVID,Variable,Can be acute or chronic depending on context
1073,ICD10:N28.81,Diseases of the genitourinary system (N28.81),Unlikely,No clear association with long COVID,Variable,Can be acute or chronic depending on context
1074,ICD10:N28.0,Diseases of the genitourinary system (N28.0),Unlikely,No clear association with long COVID,Variable,Can be acute or chronic depending on context
1075,ICD10:N28.82,Diseases of the genitourinary system (N28.82),Unlikely,No clear association with long COVID,Variable,Can be acute or chronic depending on context
1076,ICD10:N25.1,Diseases of the genitourinary system (N25.1),Unlikely,No clear association with long COVID,Variable,Can be acute or chronic depending on context
1077,ICD10:N13.9,Diseases of the genitourinary system (N13.9),Unlikely,No clear association with long COVID,Variable,Can be acute or chronic depending on context
1078,ICD10:N29,Diseases of the genitourinary system (N29),Unlikely,No clear association with long COVID,Variable,Can be acute or chronic depending on context
1079,ICD10:N25.89,Diseases of the genitourinary system (N25.89),Unlikely,No clear association with long COVID,Variable,Can be acute or chronic depending on context
1080,ICD10:N13.39,Diseases of the genitourinary system (N13.39),Unlikely,No clear association with long COVID,Variable,Can be acute or chronic depending on context
1081,ICD10:N13.8,Diseases of the genitourinary system (N13.8),Unlikely,No clear association with long COVID,Variable,Can be acute or chronic depending on context
1082,ICD10:N28.89,Diseases of the genitourinary system (N28.89),Unlikely,No clear association with long COVID,Variable,Can be acute or chronic depending on context
1083,ICD10:O26.832,"Pregnancy, childbirth and the puerperium (O26.832)",Unlikely,No clear association with long COVID,Acute,Typically acute condition or intervention
1084,ICD10:O26.833,"Pregnancy, childbirth and the puerperium (O26.833)",Unlikely,No clear association with long COVID,Acute,Typically acute condition or intervention
1085,ICD10:N25.0,Diseases of the genitourinary system (N25.0),Unlikely,No clear association with long COVID,Variable,Can be acute or chronic depending on context
1086,ICD10:N25.81,Diseases of the genitourinary system (N25.81),Unlikely,No clear association with long COVID,Variable,Can be acute or chronic depending on context
1087,ICD10:A18.11,Certain infectious and parasitic diseases (A18.11),Unlikely,No clear association with long COVID,Variable,Can be acute or chronic depending on context
1088,ICD10:N13.30,Diseases of the genitourinary system (N13.30),Unlikely,No clear association with long COVID,Variable,Can be acute or chronic depending on context
1089,ICD10:N23,Diseases of the genitourinary system (N23),Unlikely,No clear association with long COVID,Variable,Can be acute or chronic depending on context
1090,ICD10:K90.0,Intestinal malabsorption (K90.0),Unlikely,No clear association with long COVID,Variable,Can be acute or chronic depending on context
1091,ICD10:K59.00,Other functional intestinal disorders (K59.00),Moderate,Emerging evidence or plausible systemic associations,Variable,Can be acute or chronic depending on context
1092,ICD10:K92.9,Diseases of the digestive system (K92.9),Low,Possible association based on systemic inflammation patterns,Variable,Can be acute or chronic depending on context
1093,ICD10:K63.9,Diseases of the digestive system (K63.9),Unlikely,No clear association with long COVID,Variable,Can be acute or chronic depending on context
1094,ICD10:K66.9,Diseases of the digestive system (K66.9),Unlikely,No clear association with long COVID,Variable,Can be acute or chronic depending on context
1095,ICD10:K63.2,Diseases of the digestive system (K63.2),Unlikely,No clear association with long COVID,Variable,Can be acute or chronic depending on context
1096,ICD10:K59.1,Other functional intestinal disorders (K59.1),Moderate,Emerging evidence or plausible systemic associations,Variable,Can be acute or chronic depending on context
1097,ICD10:K59.9,Other functional intestinal disorders (K59.9),Moderate,Emerging evidence or plausible systemic associations,Variable,Can be acute or chronic depending on context
1098,ICD10:K66.1,Diseases of the digestive system (K66.1),Unlikely,No clear association with long COVID,Variable,Can be acute or chronic depending on context
1099,ICD10:K90.9,Intestinal malabsorption (K90.9),Unlikely,No clear association with long COVID,Variable,Can be acute or chronic depending on context
1100,ICD10:K58.0,Irritable bowel syndrome (K58.0),Low,Possible association based on systemic inflammation patterns,Chronic,Inherently chronic condition or long-term management required
1101,ICD10:K58.9,Irritable bowel syndrome (K58.9),Low,Possible association based on systemic inflammation patterns,Chronic,Inherently chronic condition or long-term management required
1102,ICD10:K59.2,Other functional intestinal disorders (K59.2),Moderate,Emerging evidence or plausible systemic associations,Variable,Can be acute or chronic depending on context
1103,ICD10:K59.09,Other functional intestinal disorders (K59.09),Moderate,Emerging evidence or plausible systemic associations,Variable,Can be acute or chronic depending on context
1104,ICD10:K68.9,Diseases of the digestive system (K68.9),Unlikely,No clear association with long COVID,Variable,Can be acute or chronic depending on context
1105,ICD10:K90.89,Intestinal malabsorption (K90.89),Unlikely,No clear association with long COVID,Variable,Can be acute or chronic depending on context
1106,ICD10:K63.89,Diseases of the digestive system (K63.89),Unlikely,No clear association with long COVID,Variable,Can be acute or chronic depending on context
1107,ICD10:K92.89,Diseases of the digestive system (K92.89),Low,Possible association based on systemic inflammation patterns,Variable,Can be acute or chronic depending on context
1108,ICD10:K66.8,Diseases of the digestive system (K66.8),Unlikely,No clear association with long COVID,Variable,Can be acute or chronic depending on context
1109,ICD10:K59.8,Other functional intestinal disorders (K59.8),Moderate,Emerging evidence or plausible systemic associations,Variable,Can be acute or chronic depending on context
1110,ICD10:K55.8,Diseases of the digestive system (K55.8),Unlikely,No clear association with long COVID,Variable,Can be acute or chronic depending on context
1111,ICD10:K59.02,Other functional intestinal disorders (K59.02),Moderate,Emerging evidence or plausible systemic associations,Variable,Can be acute or chronic depending on context
1112,ICD10:K66.0,Diseases of the digestive system (K66.0),Unlikely,No clear association with long COVID,Variable,Can be acute or chronic depending on context
1113,ICD10:K59.01,Other functional intestinal disorders (K59.01),Moderate,Emerging evidence or plausible systemic associations,Variable,Can be acute or chronic depending on context
1114,ICD10:K90.1,Intestinal malabsorption (K90.1),Unlikely,No clear association with long COVID,Variable,Can be acute or chronic depending on context
1115,ICD10:K63.3,Diseases of the digestive system (K63.3),Unlikely,No clear association with long COVID,Variable,Can be acute or chronic depending on context
1116,ICD10:K55.9,Diseases of the digestive system (K55.9),Unlikely,No clear association with long COVID,Variable,Can be acute or chronic depending on context
1117,ICD10:D73.3,Diseases of blood and blood-forming organs and immune disorders (D73.3),Unlikely,No clear association with long COVID,Variable,Can be acute or chronic depending on context
1118,ICD10:D73.2,Diseases of blood and blood-forming organs and immune disorders (D73.2),Unlikely,No clear association with long COVID,Variable,Can be acute or chronic depending on context
1119,ICD10:D73.4,Diseases of blood and blood-forming organs and immune disorders (D73.4),Unlikely,No clear association with long COVID,Variable,Can be acute or chronic depending on context
1120,ICD10:D75.9,Other and unspecified diseases of blood and blood-forming organs (D75.9),Unlikely,No clear association with long COVID,Variable,Can be acute or chronic depending on context
1121,ICD10:D73.9,Diseases of blood and blood-forming organs and immune disorders (D73.9),Unlikely,No clear association with long COVID,Variable,Can be acute or chronic depending on context
1122,ICD10:D75.0,Other and unspecified diseases of blood and blood-forming organs (D75.0),Unlikely,No clear association with long COVID,Variable,Can be acute or chronic depending on context
1123,ICD10:D73.1,Diseases of blood and blood-forming organs and immune disorders (D73.1),Unlikely,No clear association with long COVID,Variable,Can be acute or chronic depending on context
1124,ICD10:D73.0,Diseases of blood and blood-forming organs and immune disorders (D73.0),Unlikely,No clear association with long COVID,Variable,Can be acute or chronic depending on context
1125,ICD10:D73.5,Diseases of blood and blood-forming organs and immune disorders (D73.5),Unlikely,No clear association with long COVID,Variable,Can be acute or chronic depending on context
1126,ICD10:D75.81,Other and unspecified diseases of blood and blood-forming organs (D75.81),Unlikely,No clear association with long COVID,Variable,Can be acute or chronic depending on context
1127,ICD10:D73.89,Diseases of blood and blood-forming organs and immune disorders (D73.89),Unlikely,No clear association with long COVID,Variable,Can be acute or chronic depending on context
1128,ICD10:D75.89,Other and unspecified diseases of blood and blood-forming organs (D75.89),Unlikely,No clear association with long COVID,Variable,Can be acute or chronic depending on context
1129,ICD10:D75.1,Other and unspecified diseases of blood and blood-forming organs (D75.1),Unlikely,No clear association with long COVID,Variable,Can be acute or chronic depending on context
1130,ICD10:K70.31,Diseases of the digestive system (K70.31),Unlikely,No clear association with long COVID,Variable,Can be acute or chronic depending on context
1131,ICD10:K70.30,Diseases of the digestive system (K70.30),Unlikely,No clear association with long COVID,Variable,Can be acute or chronic depending on context
1132,ICD10:K70.0,Diseases of the digestive system (K70.0),Unlikely,No clear association with long COVID,Variable,Can be acute or chronic depending on context
1133,ICD10:K70.9,Diseases of the digestive system (K70.9),Unlikely,No clear association with long COVID,Variable,Can be acute or chronic depending on context
1134,ICD10:K76.1,Diseases of the digestive system (K76.1),Unlikely,No clear association with long COVID,Variable,Can be acute or chronic depending on context
1135,ICD10:K76.0,Diseases of the digestive system (K76.0),Unlikely,No clear association with long COVID,Variable,Can be acute or chronic depending on context
1136,ICD10:K76.5,Diseases of the digestive system (K76.5),Unlikely,No clear association with long COVID,Variable,Can be acute or chronic depending on context
1137,ICD10:K76.81,Diseases of the digestive system (K76.81),Unlikely,No clear association with long COVID,Variable,Can be acute or chronic depending on context
1138,ICD10:K76.7,Diseases of the digestive system (K76.7),Unlikely,No clear association with long COVID,Variable,Can be acute or chronic depending on context
1139,ICD10:K76.3,Diseases of the digestive system (K76.3),Unlikely,No clear association with long COVID,Variable,Can be acute or chronic depending on context
1140,ICD10:K75.9,Diseases of the digestive system (K75.9),Unlikely,No clear association with long COVID,Variable,Can be acute or chronic depending on context
1141,ICD10:O26.62,"Pregnancy, childbirth and the puerperium (O26.62)",Unlikely,No clear association with long COVID,Acute,Typically acute condition or intervention
1142,ICD10:O26.611,"Pregnancy, childbirth and the puerperium (O26.611)",Unlikely,No clear association with long COVID,Acute,Typically acute condition or intervention
1143,ICD10:O26.612,"Pregnancy, childbirth and the puerperium (O26.612)",Unlikely,No clear association with long COVID,Acute,Typically acute condition or intervention
1144,ICD10:O26.613,"Pregnancy, childbirth and the puerperium (O26.613)",Unlikely,No clear association with long COVID,Acute,Typically acute condition or intervention
1145,ICD10:O26.619,"Pregnancy, childbirth and the puerperium (O26.619)",Unlikely,No clear association with long COVID,Acute,Typically acute condition or intervention
1146,ICD10:K76.9,Diseases of the digestive system (K76.9),Unlikely,No clear association with long COVID,Variable,Can be acute or chronic depending on context
1147,ICD10:K74.69,Fibrosis and cirrhosis of liver (K74.69),Unlikely,No clear association with long COVID,Variable,Can be acute or chronic depending on context
1148,ICD10:K76.89,Diseases of the digestive system (K76.89),Unlikely,No clear association with long COVID,Variable,Can be acute or chronic depending on context
1149,ICD10:K75.89,Diseases of the digestive system (K75.89),Unlikely,No clear association with long COVID,Variable,Can be acute or chronic depending on context
1150,ICD10:K75.1,Diseases of the digestive system (K75.1),Unlikely,No clear association with long COVID,Variable,Can be acute or chronic depending on context
1151,ICD10:K76.6,Diseases of the digestive system (K76.6),Unlikely,No clear association with long COVID,Variable,Can be acute or chronic depending on context
1152,ICD10:K74.3,Fibrosis and cirrhosis of liver (K74.3),Unlikely,No clear association with long COVID,Variable,Can be acute or chronic depending on context
1153,ICD10:K71.0,Diseases of the digestive system (K71.0),Unlikely,No clear association with long COVID,Variable,Can be acute or chronic depending on context
1154,ICD10:K71.9,Diseases of the digestive system (K71.9),Unlikely,No clear association with long COVID,Variable,Can be acute or chronic depending on context
1155,ICD10:K74.60,Fibrosis and cirrhosis of liver (K74.60),Unlikely,No clear association with long COVID,Variable,Can be acute or chronic depending on context
1156,ICD10:J85.2,Diseases of the respiratory system (J85.2),Unlikely,No clear association with long COVID,Variable,Can be acute or chronic depending on context
1157,ICD10:J98.01,Diseases of the respiratory system (J98.01),Unlikely,No clear association with long COVID,Variable,Can be acute or chronic depending on context
1158,ICD10:J84.114,Diseases of the respiratory system (J84.114),Unlikely,No clear association with long COVID,Variable,Can be acute or chronic depending on context
1159,ICD10:J81.0,Diseases of the respiratory system (J81.0),Unlikely,No clear association with long COVID,Variable,Can be acute or chronic depending on context
1160,ICD10:J84.82,Diseases of the respiratory system (J84.82),Unlikely,No clear association with long COVID,Variable,Can be acute or chronic depending on context
1161,ICD10:J81.1,Diseases of the respiratory system (J81.1),Unlikely,No clear association with long COVID,Variable,Can be acute or chronic depending on context
1162,ICD10:J84.116,Diseases of the respiratory system (J84.116),Unlikely,No clear association with long COVID,Variable,Can be acute or chronic depending on context
1163,ICD10:J98.6,Diseases of the respiratory system (J98.6),Unlikely,No clear association with long COVID,Variable,Can be acute or chronic depending on context
1164,ICD10:J84.111,Diseases of the respiratory system (J84.111),Unlikely,No clear association with long COVID,Variable,Can be acute or chronic depending on context
1165,ICD10:J84.112,Diseases of the respiratory system (J84.112),Unlikely,No clear association with long COVID,Variable,Can be acute or chronic depending on context
1166,ICD10:J84.9,Diseases of the respiratory system (J84.9),Unlikely,No clear association with long COVID,Variable,Can be acute or chronic depending on context
1167,ICD10:J84.81,Diseases of the respiratory system (J84.81),Unlikely,No clear association with long COVID,Variable,Can be acute or chronic depending on context
1168,ICD10:J84.09,Diseases of the respiratory system (J84.09),Unlikely,No clear association with long COVID,Variable,Can be acute or chronic depending on context
1169,ICD10:J98.09,Diseases of the respiratory system (J98.09),Unlikely,No clear association with long COVID,Variable,Can be acute or chronic depending on context
1170,ICD10:J98.4,Diseases of the respiratory system (J98.4),Unlikely,No clear association with long COVID,Variable,Can be acute or chronic depending on context
1171,ICD10:J84.89,Diseases of the respiratory system (J84.89),Unlikely,No clear association with long COVID,Variable,Can be acute or chronic depending on context
1172,ICD10:J98.8,Diseases of the respiratory system (J98.8),Unlikely,No clear association with long COVID,Variable,Can be acute or chronic depending on context
1173,ICD10:J84.10,Diseases of the respiratory system (J84.10),Unlikely,No clear association with long COVID,Variable,Can be acute or chronic depending on context
1174,ICD10:J84.115,Diseases of the respiratory system (J84.115),Unlikely,No clear association with long COVID,Variable,Can be acute or chronic depending on context
1175,ICD10:J98.9,Diseases of the respiratory system (J98.9),Unlikely,No clear association with long COVID,Variable,Can be acute or chronic depending on context
1176,ICD10:J99,Diseases of the respiratory system (J99),Unlikely,No clear association with long COVID,Variable,Can be acute or chronic depending on context
1177,ICD10:J22,Diseases of the respiratory system (J22),Unlikely,No clear association with long COVID,Variable,Can be acute or chronic depending on context
1178,ICD10:F06.30,Other mental disorders due to known physiological condition (F06.30),Unlikely,No clear association with long COVID,Variable,Can be acute or chronic depending on context
1179,ICD10:F34.9,"Mental, behavioral and neurodevelopmental disorders (F34.9)",Unlikely,No clear association with long COVID,Variable,Can be acute or chronic depending on context
1180,ICD10:F39,"Mental, behavioral and neurodevelopmental disorders (F39)",Unlikely,No clear association with long COVID,Variable,Can be acute or chronic depending on context
1181,29690,Unknown category (29690),Unlikely,No clear association with long COVID,Variable,Can be acute or chronic depending on context
1182,ICD10:L83,Diseases of the skin and subcutaneous tissue (L83),Unlikely,No clear association with long COVID,Variable,Can be acute or chronic depending on context
1183,ICD10:L73.0,Diseases of the skin and subcutaneous tissue (L73.0),Unlikely,No clear association with long COVID,Variable,Can be acute or chronic depending on context
1184,ICD10:L85.1,Diseases of the skin and subcutaneous tissue (L85.1),Unlikely,No clear association with long COVID,Variable,Can be acute or chronic depending on context
1185,ICD10:L57.0,Diseases of the skin and subcutaneous tissue (L57.0),Unlikely,No clear association with long COVID,Variable,Can be acute or chronic depending on context
1186,ICD10:L63.9,Diseases of the skin and subcutaneous tissue (L63.9),Moderate,Emerging evidence or plausible systemic associations,Chronic,Inherently chronic condition or long-term management required
1187,ICD10:L64.9,Diseases of the skin and subcutaneous tissue (L64.9),Unlikely,No clear association with long COVID,Variable,Can be acute or chronic depending on context
1188,ICD10:L90.9,Atrophic disorders of skin (L90.9),Unlikely,No clear association with long COVID,Variable,Can be acute or chronic depending on context
1189,ICD10:L60.4,Diseases of the skin and subcutaneous tissue (L60.4),Unlikely,No clear association with long COVID,Variable,Can be acute or chronic depending on context
1190,ICD10:L75.0,Diseases of the skin and subcutaneous tissue (L75.0),Unlikely,No clear association with long COVID,Variable,Can be acute or chronic depending on context
1191,ICD10:L81.3,Diseases of the skin and subcutaneous tissue (L81.3),Unlikely,No clear association with long COVID,Variable,Can be acute or chronic depending on context
1192,ICD10:L94.2,Other localized connective tissue disorders (L94.2),Unlikely,No clear association with long COVID,Variable,Can be acute or chronic depending on context
1193,ICD10:L81.1,Diseases of the skin and subcutaneous tissue (L81.1),Unlikely,No clear association with long COVID,Variable,Can be acute or chronic depending on context
1194,ICD10:L66.9,Diseases of the skin and subcutaneous tissue (L66.9),Unlikely,No clear association with long COVID,Variable,Can be acute or chronic depending on context
1195,ICD10:L84,Diseases of the skin and subcutaneous tissue (L84),Unlikely,No clear association with long COVID,Variable,Can be acute or chronic depending on context
1196,ICD10:L57.4,Diseases of the skin and subcutaneous tissue (L57.4),Unlikely,No clear association with long COVID,Variable,Can be acute or chronic depending on context
1197,ICD10:L81.9,Diseases of the skin and subcutaneous tissue (L81.9),Unlikely,No clear association with long COVID,Variable,Can be acute or chronic depending on context
1198,ICD10:L98.9,"Other disorders of skin and subcutaneous tissue, not elsewhere classified (L98.9)",Unlikely,No clear association with long COVID,Variable,Can be acute or chronic depending on context
1199,ICD10:L56.5,Diseases of the skin and subcutaneous tissue (L56.5),Unlikely,No clear association with long COVID,Variable,Can be acute or chronic depending on context
1200,ICD10:L30.1,Diseases of the skin and subcutaneous tissue (L30.1),Moderate,Emerging evidence or plausible systemic associations,Chronic,Inherently chronic condition or long-term management required
1201,ICD10:L74.9,Eccrine sweat disorders (L74.9),Unlikely,No clear association with long COVID,Variable,Can be acute or chronic depending on context
1202,ICD10:L72.0,Follicular cysts of skin and subcutaneous tissue (L72.0),Unlikely,No clear association with long COVID,Variable,Can be acute or chronic depending on context
1203,ICD10:L85.9,Diseases of the skin and subcutaneous tissue (L85.9),Unlikely,No clear association with long COVID,Variable,Can be acute or chronic depending on context
1204,ICD10:L72.9,Follicular cysts of skin and subcutaneous tissue (L72.9),Unlikely,No clear association with long COVID,Variable,Can be acute or chronic depending on context
1205,ICD10:L73.9,Diseases of the skin and subcutaneous tissue (L73.9),Unlikely,No clear association with long COVID,Variable,Can be acute or chronic depending on context
1206,ICD10:L92.3,Diseases of the skin and subcutaneous tissue (L92.3),Unlikely,No clear association with long COVID,Variable,Can be acute or chronic depending on context
1207,ICD10:L81.2,Diseases of the skin and subcutaneous tissue (L81.2),Unlikely,No clear association with long COVID,Variable,Can be acute or chronic depending on context
1208,ICD10:L92.2,Diseases of the skin and subcutaneous tissue (L92.2),Unlikely,No clear association with long COVID,Variable,Can be acute or chronic depending on context
1209,ICD10:L92.9,Diseases of the skin and subcutaneous tissue (L92.9),Unlikely,No clear association with long COVID,Variable,Can be acute or chronic depending on context
1210,ICD10:L68.0,Diseases of the skin and subcutaneous tissue (L68.0),Unlikely,No clear association with long COVID,Variable,Can be acute or chronic depending on context
1211,ICD10:L68.9,Diseases of the skin and subcutaneous tissue (L68.9),Unlikely,No clear association with long COVID,Variable,Can be acute or chronic depending on context
1212,ICD10:L91.9,Diseases of the skin and subcutaneous tissue (L91.9),Unlikely,No clear association with long COVID,Variable,Can be acute or chronic depending on context
1213,ICD10:L91.0,Diseases of the skin and subcutaneous tissue (L91.0),Unlikely,No clear association with long COVID,Variable,Can be acute or chronic depending on context
1214,ICD10:L82.0,Diseases of the skin and subcutaneous tissue (L82.0),Unlikely,No clear association with long COVID,Variable,Can be acute or chronic depending on context
1215,ICD10:L60.0,Diseases of the skin and subcutaneous tissue (L60.0),Unlikely,No clear association with long COVID,Variable,Can be acute or chronic depending on context
1216,ICD10:L90.0,Atrophic disorders of skin (L90.0),Unlikely,No clear association with long COVID,Variable,Can be acute or chronic depending on context
1217,ICD10:L94.0,Other localized connective tissue disorders (L94.0),Unlikely,No clear association with long COVID,Variable,Can be acute or chronic depending on context
1218,ICD10:L74.0,Eccrine sweat disorders (L74.0),Unlikely,No clear association with long COVID,Variable,Can be acute or chronic depending on context
1219,ICD10:L60.9,Diseases of the skin and subcutaneous tissue (L60.9),Unlikely,No clear association with long COVID,Variable,Can be acute or chronic depending on context
1220,ICD10:L60.3,Diseases of the skin and subcutaneous tissue (L60.3),Unlikely,No clear association with long COVID,Variable,Can be acute or chronic depending on context
1221,ICD10:L65.9,Diseases of the skin and subcutaneous tissue (L65.9),Unlikely,No clear association with long COVID,Variable,Can be acute or chronic depending on context
1222,ICD10:L60.2,Diseases of the skin and subcutaneous tissue (L60.2),Unlikely,No clear association with long COVID,Variable,Can be acute or chronic depending on context
1223,ICD10:L60.1,Diseases of the skin and subcutaneous tissue (L60.1),Unlikely,No clear association with long COVID,Variable,Can be acute or chronic depending on context
1224,ICD10:L64.8,Diseases of the skin and subcutaneous tissue (L64.8),Unlikely,No clear association with long COVID,Variable,Can be acute or chronic depending on context
1225,ICD10:L90.8,Atrophic disorders of skin (L90.8),Unlikely,No clear association with long COVID,Variable,Can be acute or chronic depending on context
1226,ICD10:L66.8,Diseases of the skin and subcutaneous tissue (L66.8),Unlikely,No clear association with long COVID,Variable,Can be acute or chronic depending on context
1227,ICD10:L81.6,Diseases of the skin and subcutaneous tissue (L81.6),Unlikely,No clear association with long COVID,Variable,Can be acute or chronic depending on context
1228,ICD10:L99,Diseases of the skin and subcutaneous tissue (L99),Unlikely,No clear association with long COVID,Variable,Can be acute or chronic depending on context
1229,ICD10:L74.8,Eccrine sweat disorders (L74.8),Unlikely,No clear association with long COVID,Variable,Can be acute or chronic depending on context
1230,ICD10:L92.8,Diseases of the skin and subcutaneous tissue (L92.8),Unlikely,No clear association with long COVID,Variable,Can be acute or chronic depending on context
1231,ICD10:L67.8,Hair color and hair shaft abnormalities (L67.8),Unlikely,No clear association with long COVID,Variable,Can be acute or chronic depending on context
1232,ICD10:L91.8,Diseases of the skin and subcutaneous tissue (L91.8),Unlikely,No clear association with long COVID,Variable,Can be acute or chronic depending on context
1233,ICD10:L98.6,"Other disorders of skin and subcutaneous tissue, not elsewhere classified (L98.6)",Unlikely,No clear association with long COVID,Variable,Can be acute or chronic depending on context
1234,ICD10:L81.4,Diseases of the skin and subcutaneous tissue (L81.4),Unlikely,No clear association with long COVID,Variable,Can be acute or chronic depending on context
1235,ICD10:L60.8,Diseases of the skin and subcutaneous tissue (L60.8),Unlikely,No clear association with long COVID,Variable,Can be acute or chronic depending on context
1236,ICD10:L82.1,Diseases of the skin and subcutaneous tissue (L82.1),Unlikely,No clear association with long COVID,Variable,Can be acute or chronic depending on context
1237,ICD10:L81.8,Diseases of the skin and subcutaneous tissue (L81.8),Unlikely,No clear association with long COVID,Variable,Can be acute or chronic depending on context
1238,ICD10:L98.8,"Other disorders of skin and subcutaneous tissue, not elsewhere classified (L98.8)",Unlikely,No clear association with long COVID,Variable,Can be acute or chronic depending on context
1239,ICD10:L85.8,Diseases of the skin and subcutaneous tissue (L85.8),Unlikely,No clear association with long COVID,Variable,Can be acute or chronic depending on context
1240,ICD10:L65.8,Diseases of the skin and subcutaneous tissue (L65.8),Unlikely,No clear association with long COVID,Variable,Can be acute or chronic depending on context
1241,ICD10:L81.7,Diseases of the skin and subcutaneous tissue (L81.7),Unlikely,No clear association with long COVID,Variable,Can be acute or chronic depending on context
1242,ICD10:L72.11,Follicular cysts of skin and subcutaneous tissue (L72.11),Unlikely,No clear association with long COVID,Variable,Can be acute or chronic depending on context
1243,ICD10:L81.0,Diseases of the skin and subcutaneous tissue (L81.0),Unlikely,No clear association with long COVID,Variable,Can be acute or chronic depending on context
1244,ICD10:L74.510,Eccrine sweat disorders (L74.510),Unlikely,No clear association with long COVID,Variable,Can be acute or chronic depending on context
1245,ICD10:L74.512,Eccrine sweat disorders (L74.512),Unlikely,No clear association with long COVID,Variable,Can be acute or chronic depending on context
1246,ICD10:L74.513,Eccrine sweat disorders (L74.513),Unlikely,No clear association with long COVID,Variable,Can be acute or chronic depending on context
1247,ICD10:L73.1,Diseases of the skin and subcutaneous tissue (L73.1),Unlikely,No clear association with long COVID,Variable,Can be acute or chronic depending on context
1248,ICD10:L98.0,"Other disorders of skin and subcutaneous tissue, not elsewhere classified (L98.0)",Unlikely,No clear association with long COVID,Variable,Can be acute or chronic depending on context
1249,ICD10:L90.5,Atrophic disorders of skin (L90.5),Unlikely,No clear association with long COVID,Variable,Can be acute or chronic depending on context
1250,ICD10:L72.3,Follicular cysts of skin and subcutaneous tissue (L72.3),Unlikely,No clear association with long COVID,Variable,Can be acute or chronic depending on context
1251,ICD10:L65.0,Diseases of the skin and subcutaneous tissue (L65.0),Unlikely,No clear association with long COVID,Variable,Can be acute or chronic depending on context
1252,ICD10:L80,Diseases of the skin and subcutaneous tissue (L80),Unlikely,No clear association with long COVID,Variable,Can be acute or chronic depending on context
1253,ICD10:L85.3,Diseases of the skin and subcutaneous tissue (L85.3),Unlikely,No clear association with long COVID,Variable,Can be acute or chronic depending on context
1254,ICD10:L60.5,Diseases of the skin and subcutaneous tissue (L60.5),Unlikely,No clear association with long COVID,Variable,Can be acute or chronic depending on context
1255,ICD10:J34.0,Diseases of the respiratory system (J34.0),Unlikely,No clear association with long COVID,Variable,Can be acute or chronic depending on context
1256,ICD10:J37.0,Diseases of the respiratory system (J37.0),Unlikely,No clear association with long COVID,Variable,Can be acute or chronic depending on context
1257,ICD10:J31.1,Diseases of the respiratory system (J31.1),Unlikely,No clear association with long COVID,Variable,Can be acute or chronic depending on context
1258,ICD10:J31.2,Diseases of the respiratory system (J31.2),Unlikely,No clear association with long COVID,Variable,Can be acute or chronic depending on context
1259,ICD10:J31.0,Diseases of the respiratory system (J31.0),Unlikely,No clear association with long COVID,Variable,Can be acute or chronic depending on context
1260,ICD10:J34.1,Diseases of the respiratory system (J34.1),Unlikely,No clear association with long COVID,Variable,Can be acute or chronic depending on context
1261,ICD10:J34.2,Diseases of the respiratory system (J34.2),Unlikely,No clear association with long COVID,Variable,Can be acute or chronic depending on context
1262,ICD10:J39.9,Diseases of the respiratory system (J39.9),Unlikely,No clear association with long COVID,Variable,Can be acute or chronic depending on context
1263,ICD10:J38.4,Diseases of the respiratory system (J38.4),Unlikely,No clear association with long COVID,Variable,Can be acute or chronic depending on context
1264,ICD10:J34.3,Diseases of the respiratory system (J34.3),Unlikely,No clear association with long COVID,Variable,Can be acute or chronic depending on context
1265,ICD10:J38.5,Diseases of the respiratory system (J38.5),Unlikely,No clear association with long COVID,Variable,Can be acute or chronic depending on context
1266,ICD10:J33.9,Diseases of the respiratory system (J33.9),Unlikely,No clear association with long COVID,Variable,Can be acute or chronic depending on context
1267,ICD10:J38.2,Diseases of the respiratory system (J38.2),Unlikely,No clear association with long COVID,Variable,Can be acute or chronic depending on context
1268,ICD10:J38.7,Diseases of the respiratory system (J38.7),Unlikely,No clear association with long COVID,Variable,Can be acute or chronic depending on context
1269,ICD10:J39.2,Diseases of the respiratory system (J39.2),Unlikely,No clear association with long COVID,Variable,Can be acute or chronic depending on context
1270,ICD10:J38.3,Diseases of the respiratory system (J38.3),Unlikely,No clear association with long COVID,Variable,Can be acute or chronic depending on context
1271,ICD10:J33.8,Diseases of the respiratory system (J33.8),Unlikely,No clear association with long COVID,Variable,Can be acute or chronic depending on context
1272,ICD10:J39.8,Diseases of the respiratory system (J39.8),Unlikely,No clear association with long COVID,Variable,Can be acute or chronic depending on context
1273,ICD10:J34.89,Diseases of the respiratory system (J34.89),Unlikely,No clear association with long COVID,Variable,Can be acute or chronic depending on context
1274,ICD10:J38.02,Diseases of the respiratory system (J38.02),Unlikely,No clear association with long COVID,Variable,Can be acute or chronic depending on context
1275,ICD10:J38.01,Diseases of the respiratory system (J38.01),Unlikely,No clear association with long COVID,Variable,Can be acute or chronic depending on context
1276,ICD10:J38.00,Diseases of the respiratory system (J38.00),Unlikely,No clear association with long COVID,Variable,Can be acute or chronic depending on context
1277,ICD10:J33.0,Diseases of the respiratory system (J33.0),Unlikely,No clear association with long COVID,Variable,Can be acute or chronic depending on context
1278,ICD10:J38.1,Diseases of the respiratory system (J38.1),Unlikely,No clear association with long COVID,Variable,Can be acute or chronic depending on context
1279,ICD10:J38.6,Diseases of the respiratory system (J38.6),Unlikely,No clear association with long COVID,Variable,Can be acute or chronic depending on context
1280,ICD10:J34.9,Diseases of the respiratory system (J34.9),Unlikely,No clear association with long COVID,Variable,Can be acute or chronic depending on context
1281,ICD10:J39.3,Diseases of the respiratory system (J39.3),Unlikely,No clear association with long COVID,Variable,Can be acute or chronic depending on context
1282,ICD10:J30.0,Diseases of the respiratory system (J30.0),Unlikely,No clear association with long COVID,Variable,Can be acute or chronic depending on context
1283,ICD10:J98.11,Diseases of the respiratory system (J98.11),Unlikely,No clear association with long COVID,Variable,Can be acute or chronic depending on context
1284,ICD10:J94.2,Diseases of the respiratory system (J94.2),Unlikely,No clear association with long COVID,Variable,Can be acute or chronic depending on context
1285,ICD10:J98.2,Diseases of the respiratory system (J98.2),Unlikely,No clear association with long COVID,Variable,Can be acute or chronic depending on context
1286,ICD10:J98.19,Diseases of the respiratory system (J98.19),Unlikely,No clear association with long COVID,Variable,Can be acute or chronic depending on context
1287,ICD10:J94.8,Diseases of the respiratory system (J94.8),Unlikely,No clear association with long COVID,Variable,Can be acute or chronic depending on context
1288,ICD10:J94.9,Diseases of the respiratory system (J94.9),Unlikely,No clear association with long COVID,Variable,Can be acute or chronic depending on context
1289,ICD10:J91.8,Diseases of the respiratory system (J91.8),Unlikely,No clear association with long COVID,Variable,Can be acute or chronic depending on context
1290,ICD10:J90,Diseases of the respiratory system (J90),Unlikely,No clear association with long COVID,Variable,Can be acute or chronic depending on context
1291,ICD10:J92.0,Diseases of the respiratory system (J92.0),Unlikely,No clear association with long COVID,Variable,Can be acute or chronic depending on context
1292,ICD10:J92.9,Diseases of the respiratory system (J92.9),Unlikely,No clear association with long COVID,Variable,Can be acute or chronic depending on context
1293,ICD10:R09.1,Pleurisy,High,Core long COVID symptoms with strong evidence,Can-be-Chronic,Symptom/condition that can become chronic if persistent
1294,ICD10:J86.0,Diseases of the respiratory system (J86.0),Unlikely,No clear association with long COVID,Variable,Can be acute or chronic depending on context
1295,ICD10:J86.9,Diseases of the respiratory system (J86.9),Unlikely,No clear association with long COVID,Variable,Can be acute or chronic depending on context
1296,ICD10:J85.1,Diseases of the respiratory system (J85.1),Unlikely,No clear association with long COVID,Variable,Can be acute or chronic depending on context
1297,ICD10:J18.0,Diseases of the respiratory system (J18.0),Unlikely,No clear association with long COVID,Variable,Can be acute or chronic depending on context
1298,ICD10:J09.X1,Diseases of the respiratory system (J09.X1),Unlikely,No clear association with long COVID,Variable,Can be acute or chronic depending on context
1299,ICD10:J10.08,Diseases of the respiratory system (J10.08),Unlikely,No clear association with long COVID,Variable,Can be acute or chronic depending on context
1300,ICD10:J10.01,Diseases of the respiratory system (J10.01),Unlikely,No clear association with long COVID,Variable,Can be acute or chronic depending on context
1301,ICD10:J10.00,Diseases of the respiratory system (J10.00),Unlikely,No clear association with long COVID,Variable,Can be acute or chronic depending on context
1302,ICD10:J11.00,Influenza due to other identified influenza virus (J11.00),Unlikely,No clear association with long COVID,Variable,Can be acute or chronic depending on context
1303,ICD10:A48.1,Certain infectious and parasitic diseases (A48.1),Unlikely,No clear association with long COVID,Variable,Can be acute or chronic depending on context
1304,ICD10:J18.1,Diseases of the respiratory system (J18.1),Unlikely,No clear association with long COVID,Variable,Can be acute or chronic depending on context
1305,ICD10:J18.8,Diseases of the respiratory system (J18.8),Unlikely,No clear association with long COVID,Variable,Can be acute or chronic depending on context
1306,ICD10:J14,Diseases of the respiratory system (J14),Unlikely,No clear association with long COVID,Variable,Can be acute or chronic depending on context
1307,ICD10:J15.0,"Bacterial pneumonia, not elsewhere classified (J15.0)",Unlikely,No clear association with long COVID,Variable,Can be acute or chronic depending on context
1308,ICD10:J15.212,"Bacterial pneumonia, not elsewhere classified (J15.212)",Unlikely,No clear association with long COVID,Variable,Can be acute or chronic depending on context
1309,ICD10:J15.211,"Bacterial pneumonia, not elsewhere classified (J15.211)",Unlikely,No clear association with long COVID,Variable,Can be acute or chronic depending on context
1310,ICD10:J15.7,"Bacterial pneumonia, not elsewhere classified (J15.7)",Unlikely,No clear association with long COVID,Variable,Can be acute or chronic depending on context
1311,ICD10:J15.1,"Bacterial pneumonia, not elsewhere classified (J15.1)",Unlikely,No clear association with long COVID,Variable,Can be acute or chronic depending on context
1312,ICD10:J13,Diseases of the respiratory system (J13),Unlikely,No clear association with long COVID,Variable,Can be acute or chronic depending on context
1313,ICD10:J15.6,"Bacterial pneumonia, not elsewhere classified (J15.6)",Unlikely,No clear association with long COVID,Variable,Can be acute or chronic depending on context
1314,ICD10:J15.8,"Bacterial pneumonia, not elsewhere classified (J15.8)",Unlikely,No clear association with long COVID,Variable,Can be acute or chronic depending on context
1315,ICD10:J16.8,Diseases of the respiratory system (J16.8),Unlikely,No clear association with long COVID,Variable,Can be acute or chronic depending on context
1316,ICD10:J15.29,"Bacterial pneumonia, not elsewhere classified (J15.29)",Unlikely,No clear association with long COVID,Variable,Can be acute or chronic depending on context
1317,ICD10:J17,Diseases of the respiratory system (J17),Unlikely,No clear association with long COVID,Variable,Can be acute or chronic depending on context
1318,ICD10:J18.9,Diseases of the respiratory system (J18.9),Unlikely,No clear association with long COVID,Variable,Can be acute or chronic depending on context
1319,ICD10:A31.0,Certain infectious and parasitic diseases (A31.0),Unlikely,No clear association with long COVID,Variable,Can be acute or chronic depending on context
1320,ICD10:J15.9,"Bacterial pneumonia, not elsewhere classified (J15.9)",Unlikely,No clear association with long COVID,Variable,Can be acute or chronic depending on context
1321,ICD10:J95.851,Diseases of the respiratory system (J95.851),Unlikely,No clear association with long COVID,Variable,Can be acute or chronic depending on context
1322,ICD10:G61.81,Inflammatory polyneuropathy (G61.81),Unlikely,No clear association with long COVID,Variable,Can be acute or chronic depending on context
1323,ICD10:G62.81,Diseases of the nervous system (G62.81),Unlikely,No clear association with long COVID,Variable,Can be acute or chronic depending on context
1324,ICD10:G61.0,Inflammatory polyneuropathy (G61.0),Unlikely,No clear association with long COVID,Variable,Can be acute or chronic depending on context
1325,ICD10:G60.9,Diseases of the nervous system (G60.9),Unlikely,No clear association with long COVID,Variable,Can be acute or chronic depending on context
1326,ICD10:G60.0,Diseases of the nervous system (G60.0),Unlikely,No clear association with long COVID,Variable,Can be acute or chronic depending on context
1327,ICD10:G60.3,Diseases of the nervous system (G60.3),Unlikely,No clear association with long COVID,Variable,Can be acute or chronic depending on context
1328,ICD10:G61.9,Inflammatory polyneuropathy (G61.9),Unlikely,No clear association with long COVID,Variable,Can be acute or chronic depending on context
1329,ICD10:G60.8,Diseases of the nervous system (G60.8),Unlikely,No clear association with long COVID,Variable,Can be acute or chronic depending on context
1330,ICD10:G62.89,Diseases of the nervous system (G62.89),Unlikely,No clear association with long COVID,Variable,Can be acute or chronic depending on context
1331,ICD10:G63,Diseases of the nervous system (G63),Unlikely,No clear association with long COVID,Variable,Can be acute or chronic depending on context
1332,ICD10:G62.9,Diseases of the nervous system (G62.9),Unlikely,No clear association with long COVID,Variable,Can be acute or chronic depending on context
1333,ICD10:G62.82,Diseases of the nervous system (G62.82),Unlikely,No clear association with long COVID,Variable,Can be acute or chronic depending on context
1334,ICD10:I87.322,Diseases of the circulatory system (I87.322),Moderate,Emerging evidence or plausible systemic associations,Variable,Can be acute or chronic depending on context
1335,ICD10:I87.321,Diseases of the circulatory system (I87.321),Moderate,Emerging evidence or plausible systemic associations,Variable,Can be acute or chronic depending on context
1336,ICD10:I87.393,Diseases of the circulatory system (I87.393),Moderate,Emerging evidence or plausible systemic associations,Variable,Can be acute or chronic depending on context
1337,ICD10:I87.392,Diseases of the circulatory system (I87.392),Moderate,Emerging evidence or plausible systemic associations,Variable,Can be acute or chronic depending on context
1338,ICD10:I87.399,Diseases of the circulatory system (I87.399),Moderate,Emerging evidence or plausible systemic associations,Variable,Can be acute or chronic depending on context
1339,ICD10:I87.332,Diseases of the circulatory system (I87.332),Moderate,Emerging evidence or plausible systemic associations,Variable,Can be acute or chronic depending on context
1340,ICD10:I87.339,Diseases of the circulatory system (I87.339),Moderate,Emerging evidence or plausible systemic associations,Variable,Can be acute or chronic depending on context
1341,ICD10:I87.313,Diseases of the circulatory system (I87.313),Moderate,Emerging evidence or plausible systemic associations,Variable,Can be acute or chronic depending on context
1342,ICD10:I87.312,Diseases of the circulatory system (I87.312),Moderate,Emerging evidence or plausible systemic associations,Variable,Can be acute or chronic depending on context
1343,ICD10:I87.311,Diseases of the circulatory system (I87.311),Moderate,Emerging evidence or plausible systemic associations,Variable,Can be acute or chronic depending on context
1344,ICD10:I87.319,Diseases of the circulatory system (I87.319),Moderate,Emerging evidence or plausible systemic associations,Variable,Can be acute or chronic depending on context
1345,ICD10:I87.303,Diseases of the circulatory system (I87.303),Moderate,Emerging evidence or plausible systemic associations,Variable,Can be acute or chronic depending on context
1346,ICD10:I87.301,Diseases of the circulatory system (I87.301),Moderate,Emerging evidence or plausible systemic associations,Variable,Can be acute or chronic depending on context
1347,ICD10:I87.309,Diseases of the circulatory system (I87.309),Moderate,Emerging evidence or plausible systemic associations,Variable,Can be acute or chronic depending on context
1348,ICD10:I87.1,Diseases of the circulatory system (I87.1),Moderate,Emerging evidence or plausible systemic associations,Variable,Can be acute or chronic depending on context
1349,ICD10:I87.091,Diseases of the circulatory system (I87.091),Moderate,Emerging evidence or plausible systemic associations,Variable,Can be acute or chronic depending on context
1350,ICD10:I87.002,Diseases of the circulatory system (I87.002),Moderate,Emerging evidence or plausible systemic associations,Variable,Can be acute or chronic depending on context
1351,ICD10:I87.001,Diseases of the circulatory system (I87.001),Moderate,Emerging evidence or plausible systemic associations,Variable,Can be acute or chronic depending on context
1352,ICD10:I87.009,Diseases of the circulatory system (I87.009),Moderate,Emerging evidence or plausible systemic associations,Variable,Can be acute or chronic depending on context
1353,ICD10:I86.8,Diseases of the circulatory system (I86.8),Unlikely,No clear association with long COVID,Variable,Can be acute or chronic depending on context
1354,ICD10:I87.2,Diseases of the circulatory system (I87.2),Moderate,Emerging evidence or plausible systemic associations,Variable,Can be acute or chronic depending on context
1355,ICD10:R80.3,Other specified abnormal findings (R80),Moderate,Emerging evidence or plausible systemic associations,Can-be-Chronic,Symptom/condition that can become chronic if persistent
1356,ICD10:O12.23,"Pregnancy, childbirth and the puerperium (O12.23)",Unlikely,No clear association with long COVID,Acute,Typically acute condition or intervention
1357,ICD10:O12.12,"Pregnancy, childbirth and the puerperium (O12.12)",Unlikely,No clear association with long COVID,Acute,Typically acute condition or intervention
1358,ICD10:O12.13,"Pregnancy, childbirth and the puerperium (O12.13)",Unlikely,No clear association with long COVID,Acute,Typically acute condition or intervention
1359,ICD10:O12.10,"Pregnancy, childbirth and the puerperium (O12.10)",Unlikely,No clear association with long COVID,Acute,Typically acute condition or intervention
1360,ICD10:R80.0,Other specified abnormal findings (R80),Moderate,Emerging evidence or plausible systemic associations,Can-be-Chronic,Symptom/condition that can become chronic if persistent
1361,ICD10:R80.8,Other specified abnormal findings (R80),Moderate,Emerging evidence or plausible systemic associations,Can-be-Chronic,Symptom/condition that can become chronic if persistent
1362,ICD10:R80.1,Other specified abnormal findings (R80),Moderate,Emerging evidence or plausible systemic associations,Can-be-Chronic,Symptom/condition that can become chronic if persistent
1363,ICD10:R80.9,Other specified abnormal findings (R80),Moderate,Emerging evidence or plausible systemic associations,Can-be-Chronic,Symptom/condition that can become chronic if persistent
1364,ICD10:K50.813,Diseases of the digestive system (K50.813),Moderate-Low,Speculative but biologically plausible connections,Chronic,Inherently chronic condition or long-term management required
1365,ICD10:K50.811,Diseases of the digestive system (K50.811),Moderate-Low,Speculative but biologically plausible connections,Chronic,Inherently chronic condition or long-term management required
1366,ICD10:K50.819,Diseases of the digestive system (K50.819),Moderate-Low,Speculative but biologically plausible connections,Chronic,Inherently chronic condition or long-term management required
1367,ICD10:K50.80,Diseases of the digestive system (K50.80),Moderate-Low,Speculative but biologically plausible connections,Chronic,Inherently chronic condition or long-term management required
1368,ICD10:K50.112,Diseases of the digestive system (K50.112),Moderate-Low,Speculative but biologically plausible connections,Chronic,Inherently chronic condition or long-term management required
1369,ICD10:K50.118,Diseases of the digestive system (K50.118),Moderate-Low,Speculative but biologically plausible connections,Chronic,Inherently chronic condition or long-term management required
1370,ICD10:K50.111,Diseases of the digestive system (K50.111),Moderate-Low,Speculative but biologically plausible connections,Chronic,Inherently chronic condition or long-term management required
1371,ICD10:K50.119,Diseases of the digestive system (K50.119),Moderate-Low,Speculative but biologically plausible connections,Chronic,Inherently chronic condition or long-term management required
1372,ICD10:K50.10,Diseases of the digestive system (K50.10),Moderate-Low,Speculative but biologically plausible connections,Chronic,Inherently chronic condition or long-term management required
1373,ICD10:K50.018,Diseases of the digestive system (K50.018),Moderate-Low,Speculative but biologically plausible connections,Chronic,Inherently chronic condition or long-term management required
1374,ICD10:K50.011,Diseases of the digestive system (K50.011),Moderate-Low,Speculative but biologically plausible connections,Chronic,Inherently chronic condition or long-term management required
1375,ICD10:K50.019,Diseases of the digestive system (K50.019),Moderate-Low,Speculative but biologically plausible connections,Chronic,Inherently chronic condition or long-term management required
1376,ICD10:K50.00,Diseases of the digestive system (K50.00),Moderate-Low,Speculative but biologically plausible connections,Chronic,Inherently chronic condition or long-term management required
1377,ICD10:K50.919,Diseases of the digestive system (K50.919),Moderate-Low,Speculative but biologically plausible connections,Chronic,Inherently chronic condition or long-term management required
1378,ICD10:K50.90,Diseases of the digestive system (K50.90),Moderate-Low,Speculative but biologically plausible connections,Chronic,Inherently chronic condition or long-term management required
1379,ICD10:K51.40,Inflammatory polyps of colon without complications,Moderate-Low,Speculative but biologically plausible connections,Chronic,Inherently chronic condition or long-term management required
1380,ICD10:K51.511,Left sided colitis with rectal bleeding,Moderate-Low,Speculative but biologically plausible connections,Chronic,Inherently chronic condition or long-term management required
1381,ICD10:K51.50,Left sided colitis without complications,Moderate-Low,Speculative but biologically plausible connections,Chronic,Inherently chronic condition or long-term management required
1382,ICD10:K51.811,Other ulcerative colitis with rectal bleeding,Moderate-Low,Speculative but biologically plausible connections,Chronic,Inherently chronic condition or long-term management required
1383,ICD10:K51.80,Other ulcerative colitis without complications,Moderate-Low,Speculative but biologically plausible connections,Chronic,Inherently chronic condition or long-term management required
1384,ICD10:K51.011,Ulcerative (chronic) pancolitis with rectal bleeding,Moderate-Low,Speculative but biologically plausible connections,Chronic,Inherently chronic condition or long-term management required
1385,ICD10:K51.019,Ulcerative colitis (K51.019),Moderate-Low,Speculative but biologically plausible connections,Chronic,Inherently chronic condition or long-term management required
1386,ICD10:K51.00,Ulcerative (chronic) pancolitis without complications,Moderate-Low,Speculative but biologically plausible connections,Chronic,Inherently chronic condition or long-term management required
1387,ICD10:K51.211,Ulcerative (chronic) proctitis with rectal bleeding,Moderate-Low,Speculative but biologically plausible connections,Chronic,Inherently chronic condition or long-term management required
1388,ICD10:K51.219,Ulcerative (chronic) proctitis with unspecified complications,Moderate-Low,Speculative but biologically plausible connections,Chronic,Inherently chronic condition or long-term management required
1389,ICD10:K51.20,Ulcerative (chronic) proctitis without complications,Moderate-Low,Speculative but biologically plausible connections,Chronic,Inherently chronic condition or long-term management required
1390,ICD10:K51.311,Ulcerative (chronic) rectosigmoiditis with rectal bleeding,Moderate-Low,Speculative but biologically plausible connections,Chronic,Inherently chronic condition or long-term management required
1391,ICD10:K51.30,Ulcerative (chronic) rectosigmoiditis without complications,Moderate-Low,Speculative but biologically plausible connections,Chronic,Inherently chronic condition or long-term management required
1392,ICD10:K51.918,"Ulcerative colitis, unspecified with other complication",Moderate-Low,Speculative but biologically plausible connections,Chronic,Inherently chronic condition or long-term management required
1393,ICD10:K51.911,"Ulcerative colitis, unspecified with rectal bleeding",Moderate-Low,Speculative but biologically plausible connections,Chronic,Inherently chronic condition or long-term management required
1394,ICD10:K51.919,"Ulcerative colitis, unspecified with unspecified complications",Moderate-Low,Speculative but biologically plausible connections,Chronic,Inherently chronic condition or long-term management required
1395,ICD10:K51.90,"Ulcerative colitis, unspecified, without complications",Moderate-Low,Speculative but biologically plausible connections,Chronic,Inherently chronic condition or long-term management required
1396,ICD10PCS:0B113F4,Procedure code: PCS: 0B113F4,Unlikely,No clear association with long COVID,Acute,Typically acute condition or intervention
1397,ICD10PCS:0BJ08ZZ,Procedure code: PCS: 0BJ08ZZ,Unlikely,No clear association with long COVID,Acute,Typically acute condition or intervention
1398,ICD10PCS:0BB18ZZ,Procedure code: PCS: 0BB18ZZ,Unlikely,No clear association with long COVID,Acute,Typically acute condition or intervention
1399,ICD10PCS:0W9B30Z,Procedure code: PCS: 0W9B30Z,Unlikely,No clear association with long COVID,Acute,Typically acute condition or intervention
1400,ICD10PCS:0B9F8ZX,Procedure code: PCS: 0B9F8ZX,Unlikely,No clear association with long COVID,Acute,Typically acute condition or intervention
1401,ICD10PCS:0BBF8ZX,Procedure code: PCS: 0BBF8ZX,Unlikely,No clear association with long COVID,Acute,Typically acute condition or intervention
1402,ICD10PCS:0B918ZZ,Procedure code: PCS: 0B918ZZ,Unlikely,No clear association with long COVID,Acute,Typically acute condition or intervention
1403,ICD10PCS:0B9G8ZX,Procedure code: PCS: 0B9G8ZX,Unlikely,No clear association with long COVID,Acute,Typically acute condition or intervention
1404,ICD10PCS:0BH18EZ,Procedure code: PCS: 0BH18EZ,Unlikely,No clear association with long COVID,Acute,Typically acute condition or intervention
1405,ICD10PCS:0W9930Z,Procedure code: PCS: 0W9930Z,Unlikely,No clear association with long COVID,Acute,Typically acute condition or intervention
1406,ICD10PCS:0W993ZZ,Procedure code: PCS: 0W993ZZ,Unlikely,No clear association with long COVID,Acute,Typically acute condition or intervention
1407,ICD10PCS:0W993ZX,Procedure code: PCS: 0W993ZX,Unlikely,No clear association with long COVID,Acute,Typically acute condition or intervention
1408,ICD10PCS:0BW13FZ,Procedure code: PCS: 0BW13FZ,Unlikely,No clear association with long COVID,Acute,Typically acute condition or intervention
1409,ICD10PCS:0B9M8ZZ,Procedure code: PCS: 0B9M8ZZ,Unlikely,No clear association with long COVID,Acute,Typically acute condition or intervention
1410,ICD10PCS:0W9B3ZZ,Procedure code: PCS: 0W9B3ZZ,Unlikely,No clear association with long COVID,Acute,Typically acute condition or intervention
1411,ICD10PCS:0BH17EZ,Procedure code: PCS: 0BH17EZ,Unlikely,No clear association with long COVID,Acute,Typically acute condition or intervention
1412,ICD10PCS:0B948ZZ,Procedure code: PCS: 0B948ZZ,Unlikely,No clear association with long COVID,Acute,Typically acute condition or intervention
1413,ICD10PCS:0B9D8ZX,Procedure code: PCS: 0B9D8ZX,Unlikely,No clear association with long COVID,Acute,Typically acute condition or intervention
1414,ICD10PCS:0B9M8ZX,Procedure code: PCS: 0B9M8ZX,Unlikely,No clear association with long COVID,Acute,Typically acute condition or intervention
1415,ICD10PCS:0B9K8ZZ,Procedure code: PCS: 0B9K8ZZ,Unlikely,No clear association with long COVID,Acute,Typically acute condition or intervention
1416,ICD10PCS:0W9B3ZX,Procedure code: PCS: 0W9B3ZX,Unlikely,No clear association with long COVID,Acute,Typically acute condition or intervention
1417,ICD10PCS:0B9C8ZX,Procedure code: PCS: 0B9C8ZX,Unlikely,No clear association with long COVID,Acute,Typically acute condition or intervention
1418,ICD10PCS:0B978ZZ,Procedure code: PCS: 0B978ZZ,Unlikely,No clear association with long COVID,Acute,Typically acute condition or intervention
1419,ICD10PCS:0BBJ8ZZ,Procedure code: PCS: 0BBJ8ZZ,Unlikely,No clear association with long COVID,Acute,Typically acute condition or intervention
1420,ICD10PCS:0BTG4ZZ,Procedure code: PCS: 0BTG4ZZ,Unlikely,No clear association with long COVID,Acute,Typically acute condition or intervention
1421,ICD10PCS:0BYM0Z0,Procedure code: PCS: 0BYM0Z0,Unlikely,No clear association with long COVID,Acute,Typically acute condition or intervention
1422,ICD10PCS:0B518ZZ,Procedure code: PCS: 0B518ZZ,Unlikely,No clear association with long COVID,Acute,Typically acute condition or intervention
1423,ICD10PCS:0B718DZ,Procedure code: PCS: 0B718DZ,Unlikely,No clear association with long COVID,Acute,Typically acute condition or intervention
1424,ICD10PCS:0B9C8ZZ,Procedure code: PCS: 0B9C8ZZ,Unlikely,No clear association with long COVID,Acute,Typically acute condition or intervention
1425,ICD10PCS:0B110F4,Procedure code: PCS: 0B110F4,Unlikely,No clear association with long COVID,Acute,Typically acute condition or intervention
1426,ICD10PCS:0BNN0ZZ,Procedure code: PCS: 0BNN0ZZ,Unlikely,No clear association with long COVID,Acute,Typically acute condition or intervention
1427,ICD10PCS:0BNP0ZZ,Procedure code: PCS: 0BNP0ZZ,Unlikely,No clear association with long COVID,Acute,Typically acute condition or intervention
1428,ICD10PCS:0BQT4ZZ,Procedure code: PCS: 0BQT4ZZ,Unlikely,No clear association with long COVID,Acute,Typically acute condition or intervention
1429,ICD10:J96.22,Acute and chronic respiratory failure with hypercapnia,High,Core long COVID symptoms with strong evidence,Chronic,Inherently chronic condition or long-term management required
1430,ICD10:J96.21,Acute and chronic respiratory failure with hypoxia,High,Core long COVID symptoms with strong evidence,Chronic,Inherently chronic condition or long-term management required
1431,ICD10:J96.20,"Acute and chronic respiratory failure, unspecified whether with hypoxia or hypercapnia",High,Core long COVID symptoms with strong evidence,Chronic,Inherently chronic condition or long-term management required
1432,ICD10:J95.821,Acute postprocedural respiratory failure,Unlikely,No clear association with long COVID,Acute,Typically acute condition or intervention
1433,ICD10:J80,Acute respiratory distress syndrome,High,Core long COVID symptoms with strong evidence,Acute,Typically acute condition or intervention
1434,ICD10:J96.02,Acute respiratory failure with hypercapnia,High,Core long COVID symptoms with strong evidence,Acute,Typically acute condition or intervention
1435,ICD10:J96.01,Acute respiratory failure with hypoxia,High,Core long COVID symptoms with strong evidence,Acute,Typically acute condition or intervention
1436,ICD10:J96.00,"Acute respiratory failure, unspecified whether with hypoxia or hypercapnia",High,Core long COVID symptoms with strong evidence,Acute,Typically acute condition or intervention
1437,ICD10:J96.12,Chronic respiratory failure with hypercapnia,High,Core long COVID symptoms with strong evidence,Chronic,Inherently chronic condition or long-term management required
1438,ICD10:J96.11,Chronic respiratory failure with hypoxia,High,Core long COVID symptoms with strong evidence,Chronic,Inherently chronic condition or long-term management required
1439,ICD10:J96.10,"Chronic respiratory failure, unspecified whether with hypoxia or hypercapnia",High,Core long COVID symptoms with strong evidence,Chronic,Inherently chronic condition or long-term management required
1440,ICD10:R09.2,Respiratory arrest,High,Core long COVID symptoms with strong evidence,Can-be-Chronic,Symptom/condition that can become chronic if persistent
1441,ICD10:J96.92,"Respiratory failure, unspecified with hypercapnia",High,Core long COVID symptoms with strong evidence,Acute,Typically acute condition or intervention
1442,ICD10:J96.91,"Respiratory failure, unspecified with hypoxia",High,Core long COVID symptoms with strong evidence,Acute,Typically acute condition or intervention
1443,ICD10:J96.90,"Respiratory failure, unspecified, unspecified whether with hypoxia or hypercapnia",High,Core long COVID symptoms with strong evidence,Acute,Typically acute condition or intervention
1444,ICD10:R06.03,Acute respiratory distress,High,Core long COVID symptoms with strong evidence,Can-be-Chronic,Symptom/condition that can become chronic if persistent
1445,ICD10:R06.81,"Apnea, not elsewhere classified",High,Core long COVID symptoms with strong evidence,Can-be-Chronic,Symptom/condition that can become chronic if persistent
1446,ICD10:R09.01,Asphyxia,High,Core long COVID symptoms with strong evidence,Can-be-Chronic,Symptom/condition that can become chronic if persistent
1447,ICD10:R07.1,Chest pain on breathing,Moderate-High,Well-documented secondary long COVID symptoms,Can-be-Chronic,Symptom/condition that can become chronic if persistent
1448,ICD10:R05,Cough,High,Core long COVID symptoms with strong evidence,Can-be-Chronic,Symptom/condition that can become chronic if persistent
1449,ICD10:R06.00,"Dyspnea, unspecified",High,Core long COVID symptoms with strong evidence,Can-be-Chronic,Symptom/condition that can become chronic if persistent
1450,ICD10:R04.0,Other specified abnormal findings (R04),Unlikely,No clear association with long COVID,Variable,Can be acute or chronic depending on context
1451,ICD10:R04.2,Other specified abnormal findings (R04),Unlikely,No clear association with long COVID,Variable,Can be acute or chronic depending on context
1452,ICD10:R04.89,Other specified abnormal findings (R04),Unlikely,No clear association with long COVID,Variable,Can be acute or chronic depending on context
1453,ICD10:R04.1,Other specified abnormal findings (R04),Unlikely,No clear association with long COVID,Variable,Can be acute or chronic depending on context
1454,ICD10:R06.6,Hiccough,High,Core long COVID symptoms with strong evidence,Can-be-Chronic,Symptom/condition that can become chronic if persistent
1455,ICD10:R06.4,Hyperventilation,High,Core long COVID symptoms with strong evidence,Can-be-Chronic,Symptom/condition that can become chronic if persistent
1456,ICD10:R09.02,Hypoxemia,High,Core long COVID symptoms with strong evidence,Can-be-Chronic,Symptom/condition that can become chronic if persistent
1457,ICD10:R07.82,Intercostal pain,Moderate-High,Well-documented secondary long COVID symptoms,Can-be-Chronic,Symptom/condition that can become chronic if persistent
1458,ICD10:R06.5,Mouth breathing,High,Core long COVID symptoms with strong evidence,Can-be-Chronic,Symptom/condition that can become chronic if persistent
1459,ICD10:R09.81,Nasal congestion,High,Core long COVID symptoms with strong evidence,Can-be-Chronic,Symptom/condition that can become chronic if persistent
1460,ICD10:R06.01,Orthopnea,High,Core long COVID symptoms with strong evidence,Can-be-Chronic,Symptom/condition that can become chronic if persistent
1461,ICD10:R06.89,Other abnormalities of breathing,High,Core long COVID symptoms with strong evidence,Can-be-Chronic,Symptom/condition that can become chronic if persistent
1462,ICD10:R06.09,Other forms of dyspnea,High,Core long COVID symptoms with strong evidence,Can-be-Chronic,Symptom/condition that can become chronic if persistent
1463,ICD10:R07.0,Pain in throat,Moderate-High,Well-documented secondary long COVID symptoms,Can-be-Chronic,Symptom/condition that can become chronic if persistent
1464,ICD10:R07.81,Pleuritic chest pain,Moderate-High,Well-documented secondary long COVID symptoms,Can-be-Chronic,Symptom/condition that can become chronic if persistent
1465,ICD10:R09.82,Postnasal drip,High,Core long COVID symptoms with strong evidence,Can-be-Chronic,Symptom/condition that can become chronic if persistent
1466,ICD10:R06.02,Shortness of breath,High,Core long COVID symptoms with strong evidence,Can-be-Chronic,Symptom/condition that can become chronic if persistent
1467,ICD10:R06.7,Sneezing,High,Core long COVID symptoms with strong evidence,Can-be-Chronic,Symptom/condition that can become chronic if persistent
1468,ICD10:R06.83,Snoring,High,Core long COVID symptoms with strong evidence,Can-be-Chronic,Symptom/condition that can become chronic if persistent
1469,ICD10:R06.1,Stridor,High,Core long COVID symptoms with strong evidence,Can-be-Chronic,Symptom/condition that can become chronic if persistent
1470,ICD10:R06.82,"Tachypnea, not elsewhere classified",High,Core long COVID symptoms with strong evidence,Can-be-Chronic,Symptom/condition that can become chronic if persistent
1471,ICD10:R06.9,Unspecified abnormalities of breathing,High,Core long COVID symptoms with strong evidence,Can-be-Chronic,Symptom/condition that can become chronic if persistent
1472,ICD10:R06.2,Wheezing,High,Core long COVID symptoms with strong evidence,Can-be-Chronic,Symptom/condition that can become chronic if persistent
1473,ICD10:R20.0,Anesthesia of skin,Moderate-High,Well-documented secondary long COVID symptoms,Can-be-Chronic,Symptom/condition that can become chronic if persistent
1474,ICD10:R23.4,Changes in skin texture,Moderate-Low,Speculative but biologically plausible connections,Can-be-Chronic,Symptom/condition that can become chronic if persistent
1475,ICD10:R23.0,Cyanosis,Moderate-Low,Speculative but biologically plausible connections,Can-be-Chronic,Symptom/condition that can become chronic if persistent
1476,ICD10:R23.2,Flushing,Moderate-Low,Speculative but biologically plausible connections,Can-be-Chronic,Symptom/condition that can become chronic if persistent
1477,ICD10:R20.3,Hyperesthesia,Moderate-High,Well-documented secondary long COVID symptoms,Can-be-Chronic,Symptom/condition that can become chronic if persistent
1478,ICD10:R20.1,Hypoesthesia of skin,Moderate-High,Well-documented secondary long COVID symptoms,Can-be-Chronic,Symptom/condition that can become chronic if persistent
1479,ICD10:R22.0,"Localized swelling, mass and lump, head",Moderate-Low,Speculative but biologically plausible connections,Can-be-Chronic,Symptom/condition that can become chronic if persistent
1480,ICD10:R22.42,"Localized swelling, mass and lump, left lower limb",Moderate-Low,Speculative but biologically plausible connections,Can-be-Chronic,Symptom/condition that can become chronic if persistent
1481,ICD10:R22.32,"Localized swelling, mass and lump, left upper limb",Moderate-Low,Speculative but biologically plausible connections,Can-be-Chronic,Symptom/condition that can become chronic if persistent
1482,ICD10:R22.43,"Localized swelling, mass and lump, lower limb, bilateral",Moderate-Low,Speculative but biologically plausible connections,Can-be-Chronic,Symptom/condition that can become chronic if persistent
1483,ICD10:R22.1,"Localized swelling, mass and lump, neck",Moderate-Low,Speculative but biologically plausible connections,Can-be-Chronic,Symptom/condition that can become chronic if persistent
1484,ICD10:R22.41,"Localized swelling, mass and lump, right lower limb",Moderate-Low,Speculative but biologically plausible connections,Can-be-Chronic,Symptom/condition that can become chronic if persistent
1485,ICD10:R22.31,"Localized swelling, mass and lump, right upper limb",Moderate-Low,Speculative but biologically plausible connections,Can-be-Chronic,Symptom/condition that can become chronic if persistent
1486,ICD10:R22.2,"Localized swelling, mass and lump, trunk",Moderate-Low,Speculative but biologically plausible connections,Can-be-Chronic,Symptom/condition that can become chronic if persistent
1487,ICD10:R22.9,"Localized swelling, mass and lump, unspecified",Moderate-Low,Speculative but biologically plausible connections,Can-be-Chronic,Symptom/condition that can become chronic if persistent
1488,ICD10:R22.40,"Localized swelling, mass and lump, lower limb, unspecified",Moderate-Low,Speculative but biologically plausible connections,Can-be-Chronic,Symptom/condition that can become chronic if persistent
1489,ICD10:R22.30,"Localized swelling, mass and lump, upper limb, unspecified",Moderate-Low,Speculative but biologically plausible connections,Can-be-Chronic,Symptom/condition that can become chronic if persistent
1490,ICD10:R22.33,"Localized swelling, mass and lump, upper limb, bilateral",Moderate-Low,Speculative but biologically plausible connections,Can-be-Chronic,Symptom/condition that can become chronic if persistent
1491,ICD10:R20.8,Other disturbances of skin sensation,Moderate-High,Well-documented secondary long COVID symptoms,Can-be-Chronic,Symptom/condition that can become chronic if persistent
1492,ICD10:R23.8,Other skin changes,Moderate-Low,Speculative but biologically plausible connections,Can-be-Chronic,Symptom/condition that can become chronic if persistent
1493,ICD10:R23.1,Pallor,Moderate-Low,Speculative but biologically plausible connections,Can-be-Chronic,Symptom/condition that can become chronic if persistent
1494,ICD10:R20.2,Paresthesia of skin,Moderate-High,Well-documented secondary long COVID symptoms,Can-be-Chronic,Symptom/condition that can become chronic if persistent
1495,ICD10:R21,Other specified abnormal findings (R21),Unlikely,No clear association with long COVID,Variable,Can be acute or chronic depending on context
1496,ICD10:R23.3,Spontaneous ecchymoses,Moderate-Low,Speculative but biologically plausible connections,Can-be-Chronic,Symptom/condition that can become chronic if persistent
1497,ICD10:R20.9,Unspecified disturbances of skin sensation,Moderate-High,Well-documented secondary long COVID symptoms,Can-be-Chronic,Symptom/condition that can become chronic if persistent
1498,ICD10:R23.9,Unspecified skin changes,Moderate-Low,Speculative but biologically plausible connections,Can-be-Chronic,Symptom/condition that can become chronic if persistent
1499,ICD10:F51.02,Adjustment insomnia,Moderate-High,Well-documented secondary long COVID symptoms,Can-be-Chronic,Symptom/condition that can become chronic if persistent
1500,ICD10:G47.37,Sleep disorders (G47.37),Moderate-High,Well-documented secondary long COVID symptoms,Chronic,Inherently chronic condition or long-term management required
1501,ICD10:G47.21,Sleep disorders (G47.21),Moderate-High,Well-documented secondary long COVID symptoms,Chronic,Inherently chronic condition or long-term management required
1502,ICD10:G47.25,Sleep disorders (G47.25),Moderate-High,Well-documented secondary long COVID symptoms,Chronic,Inherently chronic condition or long-term management required
1503,ICD10:G47.26,Sleep disorders (G47.26),Moderate-High,Well-documented secondary long COVID symptoms,Chronic,Inherently chronic condition or long-term management required
1504,ICD10:G47.20,Sleep disorders (G47.20),Moderate-High,Well-documented secondary long COVID symptoms,Chronic,Inherently chronic condition or long-term management required
1505,ICD10:G47.51,Sleep disorders (G47.51),Moderate-High,Well-documented secondary long COVID symptoms,Chronic,Inherently chronic condition or long-term management required
1506,ICD10:G47.10,Sleep disorders (G47.10),Moderate-High,Well-documented secondary long COVID symptoms,Chronic,Inherently chronic condition or long-term management required
1507,ICD10:G47.34,Sleep disorders (G47.34),Moderate-High,Well-documented secondary long COVID symptoms,Chronic,Inherently chronic condition or long-term management required
1508,ICD10:G47.01,Insomnia due to medical condition,Moderate-High,Well-documented secondary long COVID symptoms,Chronic,Inherently chronic condition or long-term management required
1509,ICD10:F51.05,Insomnia due to other mental disorder,Moderate-High,Well-documented secondary long COVID symptoms,Can-be-Chronic,Symptom/condition that can become chronic if persistent
1510,ICD10:G47.00,"Insomnia, unspecified",Moderate-High,Well-documented secondary long COVID symptoms,Chronic,Inherently chronic condition or long-term management required
1511,ICD10:F51.12,Insufficient sleep syndrome,Moderate-High,Well-documented secondary long COVID symptoms,Can-be-Chronic,Symptom/condition that can become chronic if persistent
1512,ICD10:G47.411,Sleep disorders (G47.411),Moderate-High,Well-documented secondary long COVID symptoms,Chronic,Inherently chronic condition or long-term management required
1513,ICD10:G47.419,Sleep disorders (G47.419),Moderate-High,Well-documented secondary long COVID symptoms,Chronic,Inherently chronic condition or long-term management required
1514,ICD10:F51.5,Nightmare disorder,Moderate-High,Well-documented secondary long COVID symptoms,Can-be-Chronic,Symptom/condition that can become chronic if persistent
1515,ICD10:G47.33,Sleep disorders (G47.33),Moderate-High,Well-documented secondary long COVID symptoms,Chronic,Inherently chronic condition or long-term management required
1516,ICD10:G47.19,Sleep disorders (G47.19),Moderate-High,Well-documented secondary long COVID symptoms,Chronic,Inherently chronic condition or long-term management required
1517,ICD10:G47.09,Other insomnia,Moderate-High,Well-documented secondary long COVID symptoms,Chronic,Inherently chronic condition or long-term management required
1518,ICD10:F51.09,Other insomnia not due to a substance or known physiological condition,Moderate-High,Well-documented secondary long COVID symptoms,Can-be-Chronic,Symptom/condition that can become chronic if persistent
1519,ICD10:G47.59,Sleep disorders (G47.59),Moderate-High,Well-documented secondary long COVID symptoms,Chronic,Inherently chronic condition or long-term management required
1520,ICD10:G47.39,Sleep disorders (G47.39),Moderate-High,Well-documented secondary long COVID symptoms,Chronic,Inherently chronic condition or long-term management required
1521,ICD10:G47.8,Sleep disorders (G47.8),Moderate-High,Well-documented secondary long COVID symptoms,Chronic,Inherently chronic condition or long-term management required
1522,ICD10:F51.8,Other sleep disorders not due to a substance or known physiological condition,Moderate-High,Well-documented secondary long COVID symptoms,Can-be-Chronic,Symptom/condition that can become chronic if persistent
1523,ICD10:G47.69,Sleep disorders (G47.69),Moderate-High,Well-documented secondary long COVID symptoms,Chronic,Inherently chronic condition or long-term management required
1524,ICD10:F51.03,Paradoxical insomnia,Moderate-High,Well-documented secondary long COVID symptoms,Can-be-Chronic,Symptom/condition that can become chronic if persistent
1525,ICD10:G47.50,Sleep disorders (G47.50),Moderate-High,Well-documented secondary long COVID symptoms,Chronic,Inherently chronic condition or long-term management required
1526,ICD10:R06.3,Periodic breathing,High,Core long COVID symptoms with strong evidence,Can-be-Chronic,Symptom/condition that can become chronic if persistent
1527,ICD10:G47.61,Sleep disorders (G47.61),Moderate-High,Well-documented secondary long COVID symptoms,Chronic,Inherently chronic condition or long-term management required
1528,ICD10:G47.31,Sleep disorders (G47.31),Moderate-High,Well-documented secondary long COVID symptoms,Chronic,Inherently chronic condition or long-term management required
1529,ICD10:F51.01,Primary insomnia,Moderate-High,Well-documented secondary long COVID symptoms,Can-be-Chronic,Symptom/condition that can become chronic if persistent
1530,ICD10:F51.04,Psychophysiologic insomnia,Moderate-High,Well-documented secondary long COVID symptoms,Can-be-Chronic,Symptom/condition that can become chronic if persistent
1531,ICD10:G47.52,Sleep disorders (G47.52),Moderate-High,Well-documented secondary long COVID symptoms,Chronic,Inherently chronic condition or long-term management required
1532,ICD10:G47.30,Sleep disorders (G47.30),Moderate-High,Well-documented secondary long COVID symptoms,Chronic,Inherently chronic condition or long-term management required
1533,ICD10:F51.9,"Sleep disorder not due to a substance or known physiological condition, unspecified",Moderate-High,Well-documented secondary long COVID symptoms,Can-be-Chronic,Symptom/condition that can become chronic if persistent
1534,ICD10:G47.9,Sleep disorders (G47.9),Moderate-High,Well-documented secondary long COVID symptoms,Chronic,Inherently chronic condition or long-term management required
1535,ICD10:G47.63,Sleep disorders (G47.63),Moderate-High,Well-documented secondary long COVID symptoms,Chronic,Inherently chronic condition or long-term management required
1536,ICD10:G47.36,Sleep disorders (G47.36),Moderate-High,Well-documented secondary long COVID symptoms,Chronic,Inherently chronic condition or long-term management required
1537,ICD10:G47.62,Sleep disorders (G47.62),Moderate-High,Well-documented secondary long COVID symptoms,Chronic,Inherently chronic condition or long-term management required
1538,ICD10:F51.4,Sleep terrors [night terrors],Moderate-High,Well-documented secondary long COVID symptoms,Can-be-Chronic,Symptom/condition that can become chronic if persistent
1539,ICD10:F51.3,Sleepwalking [somnambulism],Moderate-High,Well-documented secondary long COVID symptoms,Can-be-Chronic,Symptom/condition that can become chronic if persistent
1540,ICD10:M48.10,Other spondylopathies (M48.10),Unlikely,No clear association with long COVID,Chronic,Inherently chronic condition or long-term management required
1541,ICD10:M50.03,Cervical disc disorders (M50.03),Unlikely,No clear association with long COVID,Chronic,Inherently chronic condition or long-term management required
1542,ICD10:M50.01,Cervical disc disorders (M50.01),Unlikely,No clear association with long COVID,Chronic,Inherently chronic condition or long-term management required
1543,ICD10:M50.00,Cervical disc disorders (M50.00),Unlikely,No clear association with long COVID,Chronic,Inherently chronic condition or long-term management required
1544,ICD10:M50.13,Cervical disc disorders (M50.13),Unlikely,No clear association with long COVID,Chronic,Inherently chronic condition or long-term management required
1545,ICD10:M50.11,Cervical disc disorders (M50.11),Unlikely,No clear association with long COVID,Chronic,Inherently chronic condition or long-term management required
1546,ICD10:M50.10,Cervical disc disorders (M50.10),Unlikely,No clear association with long COVID,Chronic,Inherently chronic condition or long-term management required
1547,ICD10:M50.90,Cervical disc disorders (M50.90),Unlikely,No clear association with long COVID,Chronic,Inherently chronic condition or long-term management required
1548,ICD10:M54.2,Diseases of the musculoskeletal system and connective tissue (M54.2),Moderate-Low,Speculative but biologically plausible connections,Chronic,Inherently chronic condition or long-term management required
1549,ICD10:M53.1,Other and unspecified dorsopathies (M53.1),Unlikely,No clear association with long COVID,Variable,Can be acute or chronic depending on context
1550,ICD10:M53.0,Other and unspecified dorsopathies (M53.0),Unlikely,No clear association with long COVID,Variable,Can be acute or chronic depending on context
1551,ICD10:M43.9,Other deforming dorsopathies (M43.9),Unlikely,No clear association with long COVID,Variable,Can be acute or chronic depending on context
1552,ICD10:M46.42,Diseases of the musculoskeletal system and connective tissue (M46.42),Unlikely,No clear association with long COVID,Variable,Can be acute or chronic depending on context
1553,ICD10:M46.46,Diseases of the musculoskeletal system and connective tissue (M46.46),Unlikely,No clear association with long COVID,Variable,Can be acute or chronic depending on context
1554,ICD10:M46.40,Diseases of the musculoskeletal system and connective tissue (M46.40),Unlikely,No clear association with long COVID,Variable,Can be acute or chronic depending on context
1555,ICD10:M53.9,Other and unspecified dorsopathies (M53.9),Unlikely,No clear association with long COVID,Variable,Can be acute or chronic depending on context
1556,ICD10:M43.26,Other deforming dorsopathies (M43.26),Unlikely,No clear association with long COVID,Variable,Can be acute or chronic depending on context
1557,ICD10:M43.27,Other deforming dorsopathies (M43.27),Unlikely,No clear association with long COVID,Variable,Can be acute or chronic depending on context
1558,ICD10:M46.32,Diseases of the musculoskeletal system and connective tissue (M46.32),Unlikely,No clear association with long COVID,Variable,Can be acute or chronic depending on context
1559,ICD10:M51.06,Diseases of the musculoskeletal system and connective tissue (M51.06),Unlikely,No clear association with long COVID,Chronic,Inherently chronic condition or long-term management required
1560,ICD10:M51.04,Diseases of the musculoskeletal system and connective tissue (M51.04),Unlikely,No clear association with long COVID,Chronic,Inherently chronic condition or long-term management required
1561,ICD10:M51.16,Diseases of the musculoskeletal system and connective tissue (M51.16),Unlikely,No clear association with long COVID,Chronic,Inherently chronic condition or long-term management required
1562,ICD10:M51.17,Diseases of the musculoskeletal system and connective tissue (M51.17),Unlikely,No clear association with long COVID,Chronic,Inherently chronic condition or long-term management required
1563,ICD10:M51.14,Diseases of the musculoskeletal system and connective tissue (M51.14),Unlikely,No clear association with long COVID,Chronic,Inherently chronic condition or long-term management required
1564,ICD10:M51.15,Diseases of the musculoskeletal system and connective tissue (M51.15),Unlikely,No clear association with long COVID,Chronic,Inherently chronic condition or long-term management required
1565,ICD10:M54.42,Diseases of the musculoskeletal system and connective tissue (M54.42),Moderate-Low,Speculative but biologically plausible connections,Chronic,Inherently chronic condition or long-term management required
1566,ICD10:M54.41,Diseases of the musculoskeletal system and connective tissue (M54.41),Moderate-Low,Speculative but biologically plausible connections,Chronic,Inherently chronic condition or long-term management required
1567,ICD10:M54.40,Diseases of the musculoskeletal system and connective tissue (M54.40),Moderate-Low,Speculative but biologically plausible connections,Chronic,Inherently chronic condition or long-term management required
1568,ICD10:M50.33,Cervical disc disorders (M50.33),Unlikely,No clear association with long COVID,Chronic,Inherently chronic condition or long-term management required
1569,ICD10:M50.31,Cervical disc disorders (M50.31),Unlikely,No clear association with long COVID,Chronic,Inherently chronic condition or long-term management required
1570,ICD10:M50.30,Cervical disc disorders (M50.30),Unlikely,No clear association with long COVID,Chronic,Inherently chronic condition or long-term management required
1571,ICD10:M50.21,Cervical disc disorders (M50.21),Unlikely,No clear association with long COVID,Chronic,Inherently chronic condition or long-term management required
1572,ICD10:M50.20,Cervical disc disorders (M50.20),Unlikely,No clear association with long COVID,Chronic,Inherently chronic condition or long-term management required
1573,ICD10:M46.57,Diseases of the musculoskeletal system and connective tissue (M46.57),Unlikely,No clear association with long COVID,Variable,Can be acute or chronic depending on context
1574,ICD10:M51.36,Diseases of the musculoskeletal system and connective tissue (M51.36),Unlikely,No clear association with long COVID,Chronic,Inherently chronic condition or long-term management required
1575,ICD10:M51.37,Diseases of the musculoskeletal system and connective tissue (M51.37),Unlikely,No clear association with long COVID,Chronic,Inherently chronic condition or long-term management required
1576,ICD10:M51.34,Diseases of the musculoskeletal system and connective tissue (M51.34),Unlikely,No clear association with long COVID,Chronic,Inherently chronic condition or long-term management required
1577,ICD10:M51.35,Diseases of the musculoskeletal system and connective tissue (M51.35),Unlikely,No clear association with long COVID,Chronic,Inherently chronic condition or long-term management required
1578,ICD10:M51.86,Diseases of the musculoskeletal system and connective tissue (M51.86),Unlikely,No clear association with long COVID,Chronic,Inherently chronic condition or long-term management required
1579,ICD10:M51.26,Diseases of the musculoskeletal system and connective tissue (M51.26),Unlikely,No clear association with long COVID,Chronic,Inherently chronic condition or long-term management required
1580,ICD10:M51.27,Diseases of the musculoskeletal system and connective tissue (M51.27),Unlikely,No clear association with long COVID,Chronic,Inherently chronic condition or long-term management required
1581,ICD10:M51.24,Diseases of the musculoskeletal system and connective tissue (M51.24),Unlikely,No clear association with long COVID,Chronic,Inherently chronic condition or long-term management required
1582,ICD10:M43.8X6,"Other specified deforming dorsopathies, lumbar region",Unlikely,No clear association with long COVID,Variable,Can be acute or chronic depending on context
1583,ICD10:M43.8X9,"Other specified deforming dorsopathies, site unspecified",Unlikely,No clear association with long COVID,Variable,Can be acute or chronic depending on context
1584,ICD10:M43.8X5,"Other specified deforming dorsopathies, thoracolumbar region",Unlikely,No clear association with long COVID,Variable,Can be acute or chronic depending on context
1585,ICD10:M53.82,Other and unspecified dorsopathies (M53.82),Unlikely,No clear association with long COVID,Variable,Can be acute or chronic depending on context
1586,ICD10:M53.86,Other and unspecified dorsopathies (M53.86),Unlikely,No clear association with long COVID,Variable,Can be acute or chronic depending on context
1587,ICD10:M53.87,Other and unspecified dorsopathies (M53.87),Unlikely,No clear association with long COVID,Variable,Can be acute or chronic depending on context
1588,ICD10:M53.84,Other and unspecified dorsopathies (M53.84),Unlikely,No clear association with long COVID,Variable,Can be acute or chronic depending on context
1589,ICD10:M47.12,Spondylosis (M47.12),Unlikely,No clear association with long COVID,Chronic,Inherently chronic condition or long-term management required
1590,ICD10:M47.13,Spondylosis (M47.13),Unlikely,No clear association with long COVID,Chronic,Inherently chronic condition or long-term management required
1591,ICD10:M47.16,Spondylosis (M47.16),Unlikely,No clear association with long COVID,Chronic,Inherently chronic condition or long-term management required
1592,ICD10:M47.14,Spondylosis (M47.14),Unlikely,No clear association with long COVID,Chronic,Inherently chronic condition or long-term management required
1593,ICD10:M47.22,Spondylosis (M47.22),Unlikely,No clear association with long COVID,Chronic,Inherently chronic condition or long-term management required
1594,ICD10:M47.23,Spondylosis (M47.23),Unlikely,No clear association with long COVID,Chronic,Inherently chronic condition or long-term management required
1595,ICD10:M47.26,Spondylosis (M47.26),Unlikely,No clear association with long COVID,Chronic,Inherently chronic condition or long-term management required
1596,ICD10:M47.27,Spondylosis (M47.27),Unlikely,No clear association with long COVID,Chronic,Inherently chronic condition or long-term management required
1597,ICD10:M47.24,Spondylosis (M47.24),Unlikely,No clear association with long COVID,Chronic,Inherently chronic condition or long-term management required
1598,ICD10:M96.1,Diseases of the musculoskeletal system and connective tissue (M96.1),Unlikely,No clear association with long COVID,Chronic,Inherently chronic condition or long-term management required
1599,ICD10:M54.12,Diseases of the musculoskeletal system and connective tissue (M54.12),Moderate-Low,Speculative but biologically plausible connections,Chronic,Inherently chronic condition or long-term management required
1600,ICD10:M54.13,Diseases of the musculoskeletal system and connective tissue (M54.13),Moderate-Low,Speculative but biologically plausible connections,Chronic,Inherently chronic condition or long-term management required
1601,ICD10:M54.16,Diseases of the musculoskeletal system and connective tissue (M54.16),Moderate-Low,Speculative but biologically plausible connections,Chronic,Inherently chronic condition or long-term management required
1602,ICD10:M54.17,Diseases of the musculoskeletal system and connective tissue (M54.17),Moderate-Low,Speculative but biologically plausible connections,Chronic,Inherently chronic condition or long-term management required
1603,ICD10:M54.11,Diseases of the musculoskeletal system and connective tissue (M54.11),Moderate-Low,Speculative but biologically plausible connections,Chronic,Inherently chronic condition or long-term management required
1604,ICD10:M54.18,Diseases of the musculoskeletal system and connective tissue (M54.18),Moderate-Low,Speculative but biologically plausible connections,Chronic,Inherently chronic condition or long-term management required
1605,ICD10:M54.10,Diseases of the musculoskeletal system and connective tissue (M54.10),Moderate-Low,Speculative but biologically plausible connections,Chronic,Inherently chronic condition or long-term management required
1606,ICD10:M54.14,Diseases of the musculoskeletal system and connective tissue (M54.14),Moderate-Low,Speculative but biologically plausible connections,Chronic,Inherently chronic condition or long-term management required
1607,ICD10:M54.15,Diseases of the musculoskeletal system and connective tissue (M54.15),Moderate-Low,Speculative but biologically plausible connections,Chronic,Inherently chronic condition or long-term management required
1608,ICD10:M53.3,Other and unspecified dorsopathies (M53.3),Unlikely,No clear association with long COVID,Variable,Can be acute or chronic depending on context
1609,ICD10:M46.1,Diseases of the musculoskeletal system and connective tissue (M46.1),Unlikely,No clear association with long COVID,Variable,Can be acute or chronic depending on context
1610,ICD10:M51.47,Diseases of the musculoskeletal system and connective tissue (M51.47),Unlikely,No clear association with long COVID,Chronic,Inherently chronic condition or long-term management required
1611,ICD10:M51.44,Diseases of the musculoskeletal system and connective tissue (M51.44),Unlikely,No clear association with long COVID,Chronic,Inherently chronic condition or long-term management required
1612,ICD10:M54.32,Diseases of the musculoskeletal system and connective tissue (M54.32),Moderate-Low,Speculative but biologically plausible connections,Chronic,Inherently chronic condition or long-term management required
1613,ICD10:M54.31,Diseases of the musculoskeletal system and connective tissue (M54.31),Moderate-Low,Speculative but biologically plausible connections,Chronic,Inherently chronic condition or long-term management required
1614,ICD10:M54.30,Diseases of the musculoskeletal system and connective tissue (M54.30),Moderate-Low,Speculative but biologically plausible connections,Chronic,Inherently chronic condition or long-term management required
1615,ICD10:M53.2X2,"Spinal instabilities, cervical region",Unlikely,No clear association with long COVID,Variable,Can be acute or chronic depending on context
1616,ICD10:M53.2X6,Other and unspecified dorsopathies (M53.2X6),Unlikely,No clear association with long COVID,Variable,Can be acute or chronic depending on context
1617,ICD10:M53.2X8,Other and unspecified dorsopathies (M53.2X8),Unlikely,No clear association with long COVID,Variable,Can be acute or chronic depending on context
1618,ICD10:M48.02,Other spondylopathies (M48.02),Unlikely,No clear association with long COVID,Chronic,Inherently chronic condition or long-term management required
1619,ICD10:M48.03,Other spondylopathies (M48.03),Unlikely,No clear association with long COVID,Chronic,Inherently chronic condition or long-term management required
1620,ICD10:M48.07,Other spondylopathies (M48.07),Unlikely,No clear association with long COVID,Chronic,Inherently chronic condition or long-term management required
1621,ICD10:M48.00,Other spondylopathies (M48.00),Unlikely,No clear association with long COVID,Chronic,Inherently chronic condition or long-term management required
1622,ICD10:M48.04,Other spondylopathies (M48.04),Unlikely,No clear association with long COVID,Chronic,Inherently chronic condition or long-term management required
1623,ICD10:M48.05,Other spondylopathies (M48.05),Unlikely,No clear association with long COVID,Chronic,Inherently chronic condition or long-term management required
1624,ICD10:M43.12,Other deforming dorsopathies (M43.12),Unlikely,No clear association with long COVID,Variable,Can be acute or chronic depending on context
1625,ICD10:M43.13,Other deforming dorsopathies (M43.13),Unlikely,No clear association with long COVID,Variable,Can be acute or chronic depending on context
1626,ICD10:M43.16,Other deforming dorsopathies (M43.16),Unlikely,No clear association with long COVID,Variable,Can be acute or chronic depending on context
1627,ICD10:M43.17,Other deforming dorsopathies (M43.17),Unlikely,No clear association with long COVID,Variable,Can be acute or chronic depending on context
1628,ICD10:M43.10,Other deforming dorsopathies (M43.10),Unlikely,No clear association with long COVID,Variable,Can be acute or chronic depending on context
1629,ICD10:M43.15,Other deforming dorsopathies (M43.15),Unlikely,No clear association with long COVID,Variable,Can be acute or chronic depending on context
1630,ICD10:M43.06,Other deforming dorsopathies (M43.06),Unlikely,No clear association with long COVID,Variable,Can be acute or chronic depending on context
1631,ICD10:M47.812,Spondylosis (M47.812),Unlikely,No clear association with long COVID,Chronic,Inherently chronic condition or long-term management required
1632,ICD10:M47.813,Spondylosis (M47.813),Unlikely,No clear association with long COVID,Chronic,Inherently chronic condition or long-term management required
1633,ICD10:M47.816,Spondylosis (M47.816),Unlikely,No clear association with long COVID,Chronic,Inherently chronic condition or long-term management required
1634,ICD10:M47.817,Spondylosis (M47.817),Unlikely,No clear association with long COVID,Chronic,Inherently chronic condition or long-term management required
1635,ICD10:M47.818,Spondylosis (M47.818),Unlikely,No clear association with long COVID,Chronic,Inherently chronic condition or long-term management required
1636,ICD10:M47.819,Spondylosis (M47.819),Unlikely,No clear association with long COVID,Chronic,Inherently chronic condition or long-term management required
1637,ICD10:M47.814,Spondylosis (M47.814),Unlikely,No clear association with long COVID,Chronic,Inherently chronic condition or long-term management required
1638,ICD10:M47.815,Spondylosis (M47.815),Unlikely,No clear association with long COVID,Chronic,Inherently chronic condition or long-term management required
1639,ICD10:M47.9,Spondylosis (M47.9),Unlikely,No clear association with long COVID,Chronic,Inherently chronic condition or long-term management required
1640,ICD10:M43.6,Other deforming dorsopathies (M43.6),Unlikely,No clear association with long COVID,Variable,Can be acute or chronic depending on context
1641,ICD10:M46.92,Diseases of the musculoskeletal system and connective tissue (M46.92),Unlikely,No clear association with long COVID,Variable,Can be acute or chronic depending on context
1642,ICD10:M46.96,Diseases of the musculoskeletal system and connective tissue (M46.96),Unlikely,No clear association with long COVID,Variable,Can be acute or chronic depending on context
1643,ICD10:M46.97,Diseases of the musculoskeletal system and connective tissue (M46.97),Unlikely,No clear association with long COVID,Variable,Can be acute or chronic depending on context
1644,ICD10:M46.90,Diseases of the musculoskeletal system and connective tissue (M46.90),Unlikely,No clear association with long COVID,Variable,Can be acute or chronic depending on context
1645,ICD10:M46.94,Diseases of the musculoskeletal system and connective tissue (M46.94),Unlikely,No clear association with long COVID,Variable,Can be acute or chronic depending on context
1646,ICD10:M51.9,Diseases of the musculoskeletal system and connective tissue (M51.9),Unlikely,No clear association with long COVID,Chronic,Inherently chronic condition or long-term management required
1647,ICD10:R45.851,Suicidal ideation,Moderate-High,Well-documented secondary long COVID symptoms,Can-be-Chronic,Symptom/condition that can become chronic if persistent
1648,ICD10:R45.84,Anhedonia,Moderate-High,Well-documented secondary long COVID symptoms,Can-be-Chronic,Symptom/condition that can become chronic if persistent
1649,ICD10:R45.3,Demoralization and apathy,Moderate-High,Well-documented secondary long COVID symptoms,Can-be-Chronic,Symptom/condition that can become chronic if persistent
1650,ICD10:R45.86,Emotional lability,Moderate-High,Well-documented secondary long COVID symptoms,Can-be-Chronic,Symptom/condition that can become chronic if persistent
1651,ICD10:R45.850,Homicidal ideation,Moderate-High,Well-documented secondary long COVID symptoms,Can-be-Chronic,Symptom/condition that can become chronic if persistent
1652,ICD10:R45.87,Impulsiveness,Moderate-High,Well-documented secondary long COVID symptoms,Can-be-Chronic,Symptom/condition that can become chronic if persistent
1653,ICD10:R45.4,Irritability and anger,Moderate-High,Well-documented secondary long COVID symptoms,Can-be-Chronic,Symptom/condition that can become chronic if persistent
1654,ICD10:R45.81,Low self-esteem,Moderate-High,Well-documented secondary long COVID symptoms,Can-be-Chronic,Symptom/condition that can become chronic if persistent
1655,ICD10:R45.0,Nervousness,Moderate-High,Well-documented secondary long COVID symptoms,Can-be-Chronic,Symptom/condition that can become chronic if persistent
1656,ICD10:R46.81,Other specified abnormal findings (R46),Unlikely,No clear association with long COVID,Variable,Can be acute or chronic depending on context
1657,ICD10:R46.89,Other specified abnormal findings (R46),Unlikely,No clear association with long COVID,Variable,Can be acute or chronic depending on context
1658,ICD10:R45.89,Other symptoms concerning emotional state,Moderate-High,Well-documented secondary long COVID symptoms,Can-be-Chronic,Symptom/condition that can become chronic if persistent
1659,ICD10:R45.1,Restlessness and agitation,Moderate-High,Well-documented secondary long COVID symptoms,Can-be-Chronic,Symptom/condition that can become chronic if persistent
1660,ICD10:R46.4,Other specified abnormal findings (R46),Unlikely,No clear association with long COVID,Variable,Can be acute or chronic depending on context
1661,ICD10:R46.2,Other specified abnormal findings (R46),Unlikely,No clear association with long COVID,Variable,Can be acute or chronic depending on context
1662,ICD10:R46.0,Other specified abnormal findings (R46),Unlikely,No clear association with long COVID,Variable,Can be acute or chronic depending on context
1663,ICD10:R45.6,Violent behavior,Moderate-High,Well-documented secondary long COVID symptoms,Can-be-Chronic,Symptom/condition that can become chronic if persistent
1664,ICD10:E06.0,Acute thyroiditis,Moderate,Emerging evidence or plausible systemic associations,Chronic,Inherently chronic condition or long-term management required
1665,ICD10:E03.4,Atrophy of thyroid (acquired),Moderate,Emerging evidence or plausible systemic associations,Chronic,Inherently chronic condition or long-term management required
1666,ICD10:E06.3,Autoimmune thyroiditis,Moderate,Emerging evidence or plausible systemic associations,Chronic,Inherently chronic condition or long-term management required
1667,ICD10:E07.9,"Disorder of thyroid, unspecified",Moderate,Emerging evidence or plausible systemic associations,Variable,Can be acute or chronic depending on context
1668,ICD10:E03.2,Hypothyroidism due to medicaments and other exogenous substances,Moderate,Emerging evidence or plausible systemic associations,Chronic,Inherently chronic condition or long-term management required
1669,ICD10:E03.9,"Hypothyroidism, unspecified",Moderate,Emerging evidence or plausible systemic associations,Chronic,Inherently chronic condition or long-term management required
1670,ICD10:E01.0,"Endocrine, nutritional and metabolic diseases (E01.0)",Unlikely,No clear association with long COVID,Variable,Can be acute or chronic depending on context
1671,ICD10:E04.0,"Endocrine, nutritional and metabolic diseases (E04.0)",Unlikely,No clear association with long COVID,Chronic,Inherently chronic condition or long-term management required
1672,ICD10:E04.9,"Endocrine, nutritional and metabolic diseases (E04.9)",Unlikely,No clear association with long COVID,Chronic,Inherently chronic condition or long-term management required
1673,ICD10:E04.2,"Endocrine, nutritional and metabolic diseases (E04.2)",Unlikely,No clear association with long COVID,Chronic,Inherently chronic condition or long-term management required
1674,ICD10:E04.1,"Endocrine, nutritional and metabolic diseases (E04.1)",Unlikely,No clear association with long COVID,Chronic,Inherently chronic condition or long-term management required
1675,ICD10:E07.89,Other specified disorders of thyroid,Moderate,Emerging evidence or plausible systemic associations,Variable,Can be acute or chronic depending on context
1676,ICD10:E03.8,Other specified hypothyroidism,Moderate,Emerging evidence or plausible systemic associations,Chronic,Inherently chronic condition or long-term management required
1677,ICD10:E05.80,Other thyrotoxicosis without thyrotoxic crisis or storm,Moderate,Emerging evidence or plausible systemic associations,Chronic,Inherently chronic condition or long-term management required
1678,ICD10:E89.0,Postprocedural hypothyroidism,Moderate,Emerging evidence or plausible systemic associations,Variable,Can be acute or chronic depending on context
1679,ICD10:E07.81,Sick-euthyroid syndrome,Moderate,Emerging evidence or plausible systemic associations,Variable,Can be acute or chronic depending on context
1680,ICD10:E06.1,Subacute thyroiditis,Moderate,Emerging evidence or plausible systemic associations,Chronic,Inherently chronic condition or long-term management required
1681,ICD10:E02,"Endocrine, nutritional and metabolic diseases (E02)",Unlikely,No clear association with long COVID,Variable,Can be acute or chronic depending on context
1682,ICD10:E06.9,"Thyroiditis, unspecified",Moderate,Emerging evidence or plausible systemic associations,Chronic,Inherently chronic condition or long-term management required
1683,ICD10:E05.00,Thyrotoxicosis with diffuse goiter without thyrotoxic crisis or storm,Moderate,Emerging evidence or plausible systemic associations,Chronic,Inherently chronic condition or long-term management required
1684,ICD10:E05.20,Thyrotoxicosis with toxic multinodular goiter without thyrotoxic crisis or storm,Moderate,Emerging evidence or plausible systemic associations,Chronic,Inherently chronic condition or long-term management required
1685,ICD10:E05.10,Thyrotoxicosis with toxic single thyroid nodule without thyrotoxic crisis or storm,Moderate,Emerging evidence or plausible systemic associations,Chronic,Inherently chronic condition or long-term management required
1686,ICD10:E05.90,"Thyrotoxicosis, unspecified without thyrotoxic crisis or storm",Moderate,Emerging evidence or plausible systemic associations,Chronic,Inherently chronic condition or long-term management required
1687,ICD10:N30.01,Acute cystitis with hematuria,Moderate-Low,Speculative but biologically plausible connections,Acute,Typically acute condition or intervention
1688,ICD10:N30.00,Acute cystitis without hematuria,Moderate-Low,Speculative but biologically plausible connections,Acute,Typically acute condition or intervention
1689,ICD10:N10,Acute pyelonephritis,Unlikely,No clear association with long COVID,Acute,Typically acute condition or intervention
1690,ICD10:B37.41,Certain infectious and parasitic diseases (B37.41),Unlikely,No clear association with long COVID,Acute,Typically acute condition or intervention
1691,ICD10:N11.1,Chronic tubulo-interstitial nephritis (N11.1),Unlikely,No clear association with long COVID,Chronic,Inherently chronic condition or long-term management required
1692,ICD10:N11.9,Chronic tubulo-interstitial nephritis (N11.9),Unlikely,No clear association with long COVID,Chronic,Inherently chronic condition or long-term management required
1693,ICD10:N30.91,"Cystitis, unspecified with hematuria",Moderate-Low,Speculative but biologically plausible connections,Variable,Can be acute or chronic depending on context
1694,ICD10:N30.90,"Cystitis, unspecified without hematuria",Moderate-Low,Speculative but biologically plausible connections,Variable,Can be acute or chronic depending on context
1695,ICD10:A54.01,Certain infectious and parasitic diseases (A54.01),Unlikely,No clear association with long COVID,Acute,Typically acute condition or intervention
1696,ICD10:O23.12,"Pregnancy, childbirth and the puerperium (O23.12)",Unlikely,No clear association with long COVID,Acute,Typically acute condition or intervention
1697,ICD10:O23.03,"Pregnancy, childbirth and the puerperium (O23.03)",Unlikely,No clear association with long COVID,Acute,Typically acute condition or intervention
1698,ICD10:O23.00,"Pregnancy, childbirth and the puerperium (O23.00)",Unlikely,No clear association with long COVID,Acute,Typically acute condition or intervention
1699,ICD10:N30.10,Interstitial cystitis (chronic) without hematuria,Moderate-Low,Speculative but biologically plausible connections,Chronic,Inherently chronic condition or long-term management required
1700,ICD10:N30.40,Irradiation cystitis without hematuria,Moderate-Low,Speculative but biologically plausible connections,Variable,Can be acute or chronic depending on context
1701,ICD10:N34.1,Diseases of the genitourinary system (N34.1),Unlikely,No clear association with long COVID,Variable,Can be acute or chronic depending on context
1702,ICD10:N30.21,Other chronic cystitis with hematuria,Moderate-Low,Speculative but biologically plausible connections,Chronic,Inherently chronic condition or long-term management required
1703,ICD10:N30.20,Other chronic cystitis without hematuria,Moderate-Low,Speculative but biologically plausible connections,Chronic,Inherently chronic condition or long-term management required
1704,ICD10:N34.2,Diseases of the genitourinary system (N34.2),Unlikely,No clear association with long COVID,Variable,Can be acute or chronic depending on context
1705,ICD10:B37.49,Certain infectious and parasitic diseases (B37.49),Unlikely,No clear association with long COVID,Acute,Typically acute condition or intervention
1706,ICD10:N13.6,Diseases of the genitourinary system (N13.6),Unlikely,No clear association with long COVID,Variable,Can be acute or chronic depending on context
1707,ICD10:N15.1,Diseases of the genitourinary system (N15.1),Unlikely,No clear association with long COVID,Variable,Can be acute or chronic depending on context
1708,ICD10:N12,Diseases of the genitourinary system (N12),Unlikely,No clear association with long COVID,Variable,Can be acute or chronic depending on context
1709,ICD10:O23.41,"Pregnancy, childbirth and the puerperium (O23.41)",Unlikely,No clear association with long COVID,Acute,Typically acute condition or intervention
1710,ICD10:O23.42,"Pregnancy, childbirth and the puerperium (O23.42)",Unlikely,No clear association with long COVID,Acute,Typically acute condition or intervention
1711,ICD10:O23.43,"Pregnancy, childbirth and the puerperium (O23.43)",Unlikely,No clear association with long COVID,Acute,Typically acute condition or intervention
1712,ICD10:O23.40,"Pregnancy, childbirth and the puerperium (O23.40)",Unlikely,No clear association with long COVID,Acute,Typically acute condition or intervention
1713,ICD10:O86.20,"Pregnancy, childbirth and the puerperium (O86.20)",Unlikely,No clear association with long COVID,Acute,Typically acute condition or intervention
1714,ICD10:N39.0,"Urinary tract infection, site not specified",Moderate-Low,Speculative but biologically plausible connections,Variable,Can be acute or chronic depending on context
1714,ICD10:R10.817,Generalized abdominal tenderness,Low,Possible association based on systemic inflammation patterns,Can-be-Chronic,Symptom/condition that can become chronic if persistent
1715,ICD10:R10.827,Generalized rebound abdominal tenderness,Low,Possible association based on systemic inflammation patterns,Can-be-Chronic,Symptom/condition that can become chronic if persistent
1716,ICD10:R94.02,Abnormal phonocardiogram,Low,Possible association based on systemic inflammation patterns,Variable,Can be acute or chronic depending on context
1717,ICD10:R88.8,Abnormal findings in other body fluids and substances (R88.8),Low,Possible association based on systemic inflammation patterns,Variable,Can be acute or chronic depending on context
1718,ICD10:R79.83,Abnormal findings of blood amino-acid level,Low,Possible association based on systemic inflammation patterns,Variable,Can be acute or chronic depending on context
1719,ICD10:R93.89,Abnormal findings on diagnostic imaging of other body structures (R93.89),Low,Possible association based on systemic inflammation patterns,Variable,Can be acute or chronic depending on context
1720,ICD10:R87.7,Abnormal findings in specimens from female genital organs (R87.7),Low,Possible association based on systemic inflammation patterns,Variable,Can be acute or chronic depending on context
1721,ICD10:R83.2,Abnormal findings in cerebrospinal fluid (R83.2),Low,Possible association based on systemic inflammation patterns,Variable,Can be acute or chronic depending on context
1722,ICD10:R89.5,"Abnormal findings in specimens from other organs, systems and tissues (R89.5)",Low,Possible association based on systemic inflammation patterns,Variable,Can be acute or chronic depending on context
1723,ICD10:R70.1,Abnormal plasma viscosity,Low,Possible association based on systemic inflammation patterns,Variable,Can be acute or chronic depending on context
1724,ICD10:R93.41,Abnormal findings on diagnostic imaging of other body structures (R93.41),Low,Possible association based on systemic inflammation patterns,Variable,Can be acute or chronic depending on context
1725,ICD10:R93.421,Abnormal findings on diagnostic imaging of other body structures (R93.421),Low,Possible association based on systemic inflammation patterns,Variable,Can be acute or chronic depending on context
1726,ICD10:R93.429,Abnormal findings on diagnostic imaging of other body structures (R93.429),Low,Possible association based on systemic inflammation patterns,Variable,Can be acute or chronic depending on context
1727,ICD10:R94.130,Abnormal kidney function study,Low,Possible association based on systemic inflammation patterns,Variable,Can be acute or chronic depending on context
1728,ICD10:R94.121,Abnormal pulmonary function study NOS,Low,Possible association based on systemic inflammation patterns,Variable,Can be acute or chronic depending on context
1729,ICD10:R77.0,Abnormality of albumin,Low,Possible association based on systemic inflammation patterns,Variable,Can be acute or chronic depending on context
1730,ICD10:R97.20,Abnormal tumor markers (R97.20),Low,Possible association based on systemic inflammation patterns,Variable,Can be acute or chronic depending on context
1731,ICD10:R74.02,Elevation of levels of lactic acid dehydrogenase,Low,Possible association based on systemic inflammation patterns,Variable,Can be acute or chronic depending on context
1732,ICD10:R74.01,Elevation of levels of liver transaminase levels,Low,Possible association based on systemic inflammation patterns,Variable,Can be acute or chronic depending on context
1733,ICD10:R85.613,Abnormal findings in specimens from female genital organs (R85.613),Low,Possible association based on systemic inflammation patterns,Variable,Can be acute or chronic depending on context
1734,ICD10:R73.03,Prediabetes,Low,Possible association based on systemic inflammation patterns,Variable,Can be acute or chronic depending on context
1735,ICD10:R97.21,Abnormal tumor markers (R97.21),Low,Possible association based on systemic inflammation patterns,Variable,Can be acute or chronic depending on context
1736,ICD10:I26.94,Multiple subsegmental pulmonary emboli without acute cor pulmonale,Moderate,Emerging evidence or plausible systemic associations,Acute,Typically acute condition or intervention
1737,ICD10:I26.93,Single subsegmental pulmonary embolism without acute cor pulmonale,Moderate,Emerging evidence or plausible systemic associations,Acute,Typically acute condition or intervention
1738,ICD10:F10.180,"Alcohol use, unspecified with alcohol-induced anxiety disorder",Low,Possible association based on systemic inflammation patterns,Variable,Can be acute or chronic depending on context
1739,ICD10:F40.248,Other specified phobia,Low,Possible association based on systemic inflammation patterns,Variable,Can be acute or chronic depending on context
1740,ICD10:K80.31,"Calculus of bile duct without cholangitis or cholecystitis, with obstruction",Low,Possible association based on systemic inflammation patterns,Acute,Typically acute condition or intervention
1741,ICD10:K80.63,"Calculus of gallbladder and bile duct without cholangitis or cholecystitis, with acute cholecystitis, with obstruction",Low,Possible association based on systemic inflammation patterns,Acute,Typically acute condition or intervention
1742,ICD10:K80.60,"Calculus of gallbladder and bile duct without cholangitis or cholecystitis, without obstruction",Low,Possible association based on systemic inflammation patterns,Acute,Typically acute condition or intervention
1743,ICD10:K83.09,Other cholangitis,Low,Possible association based on systemic inflammation patterns,Acute,Typically acute condition or intervention
1744,ICD10:H53.042,"Scotoma involving central area, left eye",Moderate-High,Well-documented secondary long COVID symptoms,Chronic,Inherently chronic condition or long-term management required
1745,ICD10:H54.42A5,"Blindness, right eye, category 5",Low,Possible association based on systemic inflammation patterns,Variable,Can be acute or chronic depending on context
1746,ICD10:H54.1132,"Blindness, left eye, low vision right eye, category 2",Low,Possible association based on systemic inflammation patterns,Variable,Can be acute or chronic depending on context
1747,ICD10:H54.414A,"Legal blindness, as defined in USA, right eye, category 5",Low,Possible association based on systemic inflammation patterns,Variable,Can be acute or chronic depending on context
1748,ICD10:H54.52A1,"Low vision, left eye, category 1",Low,Possible association based on systemic inflammation patterns,Variable,Can be acute or chronic depending on context
1749,ICD10:H54.511A,"Low vision, right eye, category 1",Low,Possible association based on systemic inflammation patterns,Variable,Can be acute or chronic depending on context
1750,ICD10:H53.421,Diplopia,Moderate-High,Well-documented secondary long COVID symptoms,Chronic,Inherently chronic condition or long-term management required
1751,ICD10:H53.132,"Bilateral visual field defect, homonymous bilateral quadrantanopia",Moderate-High,Well-documented secondary long COVID symptoms,Chronic,Inherently chronic condition or long-term management required
1752,ICD10:H53.009,"Unspecified amblyopia, unspecified eye",Moderate-High,Well-documented secondary long COVID symptoms,Chronic,Inherently chronic condition or long-term management required
1753,ICD10:H53.50,Unspecified color vision deficiencies,Moderate-High,Well-documented secondary long COVID symptoms,Chronic,Inherently chronic condition or long-term management required
1754,ICD10:H53.15,"Visual field defect, unspecified",Moderate-High,Well-documented secondary long COVID symptoms,Chronic,Inherently chronic condition or long-term management required
1755,ICD10:I48.20,"Chronic atrial fibrillation, unspecified",Moderate-High,Well-documented secondary long COVID symptoms,Chronic,Inherently chronic condition or long-term management required
1756,ICD10:I48.11,Longstanding persistent atrial fibrillation,Moderate-High,Well-documented secondary long COVID symptoms,Chronic,Inherently chronic condition or long-term management required
1757,ICD10:I48.19,Other persistent atrial fibrillation,Moderate-High,Well-documented secondary long COVID symptoms,Chronic,Inherently chronic condition or long-term management required
1758,ICD10:I47.29,Other ventricular tachycardia,Moderate-High,Well-documented secondary long COVID symptoms,Can-be-Chronic,Symptom/condition that can become chronic if persistent
1759,ICD10:I47.21,Torsades de pointes,Moderate-High,Well-documented secondary long COVID symptoms,Can-be-Chronic,Symptom/condition that can become chronic if persistent
1760,ICD10:I47.20,"Ventricular tachycardia, unspecified",Moderate-High,Well-documented secondary long COVID symptoms,Can-be-Chronic,Symptom/condition that can become chronic if persistent
1761,ICD10:F32.A,"Depression, unspecified",Moderate-High,Well-documented secondary long COVID symptoms,Chronic,Inherently chronic condition or long-term management required
1762,ICD10:F32.89,Other specified depressive episodes,Moderate-High,Well-documented secondary long COVID symptoms,Chronic,Inherently chronic condition or long-term management required
1763,ICD10:F53.0,Postpartum depression,Low,Possible association based on systemic inflammation patterns,Variable,Can be acute or chronic depending on context
1764,ICD10:F32.81,Premenstrual dysphoric disorder,Moderate-High,Well-documented secondary long COVID symptoms,Chronic,Inherently chronic condition or long-term management required
1765,ICD10:E08.49,Diabetes mellitus due to underlying condition with hypoglycemia without coma,Low,Possible association based on systemic inflammation patterns,Variable,Can be acute or chronic depending on context
1766,ICD10:O24.415,"Gestational diabetes mellitus in pregnancy, controlled by oral hypoglycemic drugs",Low,Possible association based on systemic inflammation patterns,Acute,Typically acute condition or intervention
1767,ICD10:O24.311,"Unspecified pre-existing diabetes mellitus in pregnancy, first trimester",Low,Possible association based on systemic inflammation patterns,Acute,Typically acute condition or intervention
1768,ICD10:E11.10,Type 2 diabetes mellitus with ketoacidosis without coma,Low,Possible association based on systemic inflammation patterns,Chronic,Inherently chronic condition or long-term management required
1769,ICD10:E78.41,Elevated Lipoprotein(a),Low,Possible association based on systemic inflammation patterns,Chronic,Inherently chronic condition or long-term management required
1770,ICD10:E78.01,Familial hypercholesterolemia,Low,Possible association based on systemic inflammation patterns,Chronic,Inherently chronic condition or long-term management required
1771,ICD10:E78.49,Other hyperlipidemia,Low,Possible association based on systemic inflammation patterns,Chronic,Inherently chronic condition or long-term management required
1772,ICD10:E78.00,"Pure hypercholesterolemia, unspecified",Low,Possible association based on systemic inflammation patterns,Chronic,Inherently chronic condition or long-term management required
1773,ICD10:K20.91,"Esophagitis, unspecified with bleeding",Low,Possible association based on systemic inflammation patterns,Variable,Can be acute or chronic depending on context
1774,ICD10:K20.90,"Esophagitis, unspecified without bleeding",Low,Possible association based on systemic inflammation patterns,Variable,Can be acute or chronic depending on context
1775,ICD10:K21.01,Gastro-esophageal reflux disease with esophagitis,Low,Possible association based on systemic inflammation patterns,Chronic,Inherently chronic condition or long-term management required
1776,ICD10:K21.00,Gastro-esophageal reflux disease without esophagitis,Low,Possible association based on systemic inflammation patterns,Chronic,Inherently chronic condition or long-term management required
1777,ICD10:K22.89,Other specified diseases of esophagus,Low,Possible association based on systemic inflammation patterns,Variable,Can be acute or chronic depending on context
1778,ICD10:E87.20,"Acidosis, unspecified",Moderate-Low,Speculative but biologically plausible connections,Can-be-Chronic,Symptom/condition that can become chronic if persistent
1779,ICD10:E87.29,Other acidosis,Moderate-Low,Speculative but biologically plausible connections,Can-be-Chronic,Symptom/condition that can become chronic if persistent
1780,ICD10:R82.71,Abnormal echocardiogram,Low,Possible association based on systemic inflammation patterns,Variable,Can be acute or chronic depending on context
1781,ICD10:R39.82,Chronic bladder pain,Unlikely,No clear association with long COVID,Chronic,Inherently chronic condition or long-term management required
1782,ICD10:R82.994,Hypocitraturia,Low,Possible association based on systemic inflammation patterns,Variable,Can be acute or chronic depending on context
1783,ICD10:R82.992,Hyperoxaluria,Low,Possible association based on systemic inflammation patterns,Variable,Can be acute or chronic depending on context
1784,ICD10:R82.991,Hypocitraturia,Low,Possible association based on systemic inflammation patterns,Variable,Can be acute or chronic depending on context
1785,ICD10:R82.998,Other abnormal findings in urine,Low,Possible association based on systemic inflammation patterns,Variable,Can be acute or chronic depending on context
1786,ICD10:R39.198,Other difficulties with micturition,Unlikely,No clear association with long COVID,Variable,Can be acute or chronic depending on context
1787,ICD10:R35.89,Other polyuria,Moderate-Low,Speculative but biologically plausible connections,Can-be-Chronic,Symptom/condition that can become chronic if persistent
1788,ICD10:R82.81,Pyuria,Low,Possible association based on systemic inflammation patterns,Variable,Can be acute or chronic depending on context
1789,ICD10:G44.86,Primary stabbing headache,Moderate,Emerging evidence or plausible systemic associations,Chronic,Inherently chronic condition or long-term management required
1790,ICD10:G44.82,Headache associated with sexual activity,Moderate,Emerging evidence or plausible systemic associations,Chronic,Inherently chronic condition or long-term management required
1791,ICD10:R51.0,"Headache with orthostatic component, not elsewhere classified",Moderate,Emerging evidence or plausible systemic associations,Can-be-Chronic,Symptom/condition that can become chronic if persistent
1792,ICD10:R51.9,"Headache, unspecified",Moderate,Emerging evidence or plausible systemic associations,Can-be-Chronic,Symptom/condition that can become chronic if persistent
1793,ICD10:G44.84,Primary exertional headache,Moderate,Emerging evidence or plausible systemic associations,Chronic,Inherently chronic condition or long-term management required
1794,ICD10:H90.A12,"Conductive hearing loss, unilateral, left ear with restricted hearing on the contralateral side",Moderate,Emerging evidence or plausible systemic associations,Chronic,Inherently chronic condition or long-term management required
1795,ICD10:H90.A32,"Mixed conductive and sensorineural hearing loss, unilateral, left ear, with restricted hearing on the contralateral side",Moderate,Emerging evidence or plausible systemic associations,Chronic,Inherently chronic condition or long-term management required
1796,ICD10:H90.A31,"Mixed conductive and sensorineural hearing loss, unilateral, right ear, with restricted hearing on the contralateral side",Moderate,Emerging evidence or plausible systemic associations,Chronic,Inherently chronic condition or long-term management required
1797,ICD10:H91.09,"Ototoxic hearing loss, unspecified ear",Moderate,Emerging evidence or plausible systemic associations,Chronic,Inherently chronic condition or long-term management required
1798,ICD10:H90.A22,"Sensorineural hearing loss, unilateral, left ear, with restricted hearing on the contralateral side",Moderate,Emerging evidence or plausible systemic associations,Chronic,Inherently chronic condition or long-term management required
1799,ICD10:H90.A21,"Sensorineural hearing loss, unilateral, right ear, with restricted hearing on the contralateral side",Moderate,Emerging evidence or plausible systemic associations,Chronic,Inherently chronic condition or long-term management required
1800,ICD10:I50.813,Acute on chronic right heart failure,Moderate,Emerging evidence or plausible systemic associations,Chronic,Inherently chronic condition or long-term management required
1801,ICD10:I50.82,Biventricular heart failure,Moderate,Emerging evidence or plausible systemic associations,Chronic,Inherently chronic condition or long-term management required
1802,ICD10:I50.810,"Right heart failure, unspecified",Moderate,Emerging evidence or plausible systemic associations,Chronic,Inherently chronic condition or long-term management required
1803,ICD10:R31.21,Asymptomatic microscopic hematuria,Low,Possible association based on systemic inflammation patterns,Can-be-Chronic,Symptom/condition that can become chronic if persistent
1804,ICD10:R31.29,Other microscopic hematuria,Low,Possible association based on systemic inflammation patterns,Can-be-Chronic,Symptom/condition that can become chronic if persistent
1805,ICD10:D80.6,Antibody deficiency with near-normal immunoglobulins or with hyperimmunoglobulinemia,Moderate,Emerging evidence or plausible systemic associations,Chronic,Inherently chronic condition or long-term management required
1806,ICD10:D89.831,"Cytokine release syndrome, grade 1",Moderate,Emerging evidence or plausible systemic associations,Chronic,Inherently chronic condition or long-term management required
1807,ICD10:D89.832,"Cytokine release syndrome, grade 2",Moderate,Emerging evidence or plausible systemic associations,Chronic,Inherently chronic condition or long-term management required
1808,ICD10:D89.833,"Cytokine release syndrome, grade 3",Moderate,Emerging evidence or plausible systemic associations,Chronic,Inherently chronic condition or long-term management required
1809,ICD10:D89.839,"Cytokine release syndrome, grade unspecified",Moderate,Emerging evidence or plausible systemic associations,Chronic,Inherently chronic condition or long-term management required
1810,ICD10:D89.44,Hereditary alpha tryptasemia,Moderate,Emerging evidence or plausible systemic associations,Chronic,Inherently chronic condition or long-term management required
1811,ICD10:D80.0,Hereditary hypogammaglobulinemia,Moderate,Emerging evidence or plausible systemic associations,Chronic,Inherently chronic condition or long-term management required
1812,ICD10:D84.81,Immunodeficiency due to conditions classified elsewhere,Moderate,Emerging evidence or plausible systemic associations,Chronic,Inherently chronic condition or long-term management required
1813,ICD10:D84.821,Immunodeficiency due to drugs,Moderate,Emerging evidence or plausible systemic associations,Chronic,Inherently chronic condition or long-term management required
1814,ICD10:D84.89,Other immunodeficiencies,Moderate,Emerging evidence or plausible systemic associations,Chronic,Inherently chronic condition or long-term management required
1815,ICD10:I42.4,Endocardial fibroelastosis,Moderate-Low,Speculative but biologically plausible connections,Chronic,Inherently chronic condition or long-term management required
1816,ICD10:B33.20,"Viral carditis, unspecified",Moderate,Emerging evidence or plausible systemic associations,Variable,Can be acute or chronic depending on context
1817,ICD10:R11.15,Cyclical vomiting syndrome,Moderate,Emerging evidence or plausible systemic associations,Can-be-Chronic,Symptom/condition that can become chronic if persistent
1818,ICD10:G90.522,Complex regional pain syndrome II of lower limb,Moderate,Emerging evidence or plausible systemic associations,Chronic,Inherently chronic condition or long-term management required
1819,ICD10:G90.59,"Complex regional pain syndrome II, unspecified",Moderate,Emerging evidence or plausible systemic associations,Chronic,Inherently chronic condition or long-term management required
1820,ICD10:G90.529,"Complex regional pain syndrome II, unspecified limb",Moderate,Emerging evidence or plausible systemic associations,Chronic,Inherently chronic condition or long-term management required
1821,ICD10:G90.50,"Complex regional pain syndrome I, unspecified",Moderate,Emerging evidence or plausible systemic associations,Chronic,Inherently chronic condition or long-term management required
1822,ICD10:R40.2352,"Coma scale, best verbal response, inappropriate words, at arrival to emergency department",Low,Possible association based on systemic inflammation patterns,Variable,Can be acute or chronic depending on context
1823,ICD10:R40.2212,"Coma scale, eyes open, to pain, at arrival to emergency department",Low,Possible association based on systemic inflammation patterns,Variable,Can be acute or chronic depending on context
1824,ICD10:R40.2430,"Coma scale, best motor response, flexion withdrawal, unspecified time",Low,Possible association based on systemic inflammation patterns,Variable,Can be acute or chronic depending on context
1825,ICD10:R41.843,Psychomotor deficit,Moderate,Emerging evidence or plausible systemic associations,Can-be-Chronic,Symptom/condition that can become chronic if persistent
1826,ICD10:L97.322,Non-pressure chronic ulcer of left ankle with fat layer exposed,Moderate-Low,Speculative but biologically plausible connections,Chronic,Inherently chronic condition or long-term management required
1827,ICD10:L97.328,Non-pressure chronic ulcer of left ankle with other specified severity,Moderate-Low,Speculative but biologically plausible connections,Chronic,Inherently chronic condition or long-term management required
1828,ICD10:L97.121,Non-pressure chronic ulcer of right thigh limited to skin breakdown,Moderate-Low,Speculative but biologically plausible connections,Chronic,Inherently chronic condition or long-term management required
1829,ICD10:L97.526,Non-pressure chronic ulcer of left heel and midfoot with bone involvement without evidence of necrosis,Moderate-Low,Speculative but biologically plausible connections,Chronic,Inherently chronic condition or long-term management required
1830,ICD10:L97.528,Non-pressure chronic ulcer of left heel and midfoot with other specified severity,Moderate-Low,Speculative but biologically plausible connections,Chronic,Inherently chronic condition or long-term management required
1831,ICD10:L97.828,Non-pressure chronic ulcer of left calf with other specified severity,Moderate-Low,Speculative but biologically plausible connections,Chronic,Inherently chronic condition or long-term management required
1832,ICD10:L97.518,Non-pressure chronic ulcer of other part of right foot with other specified severity,Moderate-Low,Speculative but biologically plausible connections,Chronic,Inherently chronic condition or long-term management required
1833,ICD10:L97.818,Non-pressure chronic ulcer of other part of left lower leg with other specified severity,Moderate-Low,Speculative but biologically plausible connections,Chronic,Inherently chronic condition or long-term management required
1834,ICD10:L98.495,Non-pressure chronic ulcer of skin of other sites with muscle involvement without evidence of necrosis,Moderate-Low,Speculative but biologically plausible connections,Chronic,Inherently chronic condition or long-term management required
1835,ICD10:L98.493,Non-pressure chronic ulcer of skin of other sites with necrosis of bone,Moderate-Low,Speculative but biologically plausible connections,Chronic,Inherently chronic condition or long-term management required
1836,ICD10:L97.901,Non-pressure chronic ulcer of unspecified part of unspecified lower leg limited to breakdown of skin,Moderate-Low,Speculative but biologically plausible connections,Chronic,Inherently chronic condition or long-term management required
1837,ICD10:E51.11,Dry beriberi,Moderate,Emerging evidence or plausible systemic associations,Variable,Can be acute or chronic depending on context
1838,ICD10:E55.0,"Rickets, active",Moderate,Emerging evidence or plausible systemic associations,Variable,Can be acute or chronic depending on context
1839,ICD10:R62.0,Delayed milestone in childhood,Moderate-Low,Speculative but biologically plausible connections,Can-be-Chronic,Symptom/condition that can become chronic if persistent
1840,ICD10:R63.30,"Feeding difficulties, unspecified",Moderate-Low,Speculative but biologically plausible connections,Can-be-Chronic,Symptom/condition that can become chronic if persistent
1841,ICD10:R68.12,Fussy infant (baby),Moderate,Emerging evidence or plausible systemic associations,Can-be-Chronic,Symptom/condition that can become chronic if persistent
1842,ICD10:R63.39,Other feeding difficulties,Moderate-Low,Speculative but biologically plausible connections,Can-be-Chronic,Symptom/condition that can become chronic if persistent
1843,ICD10:R68.19,Other nonspecific symptoms peculiar to infancy,Moderate,Emerging evidence or plausible systemic associations,Can-be-Chronic,Symptom/condition that can become chronic if persistent
1844,ICD10:G32.81,Cerebellar ataxia in diseases classified elsewhere,Moderate,Emerging evidence or plausible systemic associations,Chronic,Inherently chronic condition or long-term management required
1845,ICD10:G96.00,"Cerebrospinal fluid leak, unspecified",Moderate,Emerging evidence or plausible systemic associations,Chronic,Inherently chronic condition or long-term management required
1846,ICD10:G96.9,"Disorder of central nervous system, unspecified",Moderate,Emerging evidence or plausible systemic associations,Chronic,Inherently chronic condition or long-term management required
1847,ICD10:G96.12,Meningeal adhesions (cerebral) (spinal),Moderate,Emerging evidence or plausible systemic associations,Chronic,Inherently chronic condition or long-term management required
1848,ICD10:G93.32,Myalgic encephalomyelitis/chronic fatigue syndrome,Moderate,Emerging evidence or plausible systemic associations,Chronic,Inherently chronic condition or long-term management required
1849,ICD10:G96.08,Other cranial cerebrospinal fluid leak,Moderate,Emerging evidence or plausible systemic associations,Chronic,Inherently chronic condition or long-term management required
1850,ICD10:G96.198,"Other disorders of meninges, not elsewhere classified",Moderate,Emerging evidence or plausible systemic associations,Chronic,Inherently chronic condition or long-term management required
1851,ICD10:G98.8,Other disorders of nervous system,Moderate,Emerging evidence or plausible systemic associations,Chronic,Inherently chronic condition or long-term management required
1852,ICD10:G93.39,Other post-infection and related fatigue syndromes,Moderate,Emerging evidence or plausible systemic associations,Chronic,Inherently chronic condition or long-term management required
1853,ICD10:G25.69,Other tics of organic origin,Moderate,Emerging evidence or plausible systemic associations,Chronic,Inherently chronic condition or long-term management required
1854,ICD10:G90.A,Postural orthostatic tachycardia syndrome,Moderate,Emerging evidence or plausible systemic associations,Chronic,Inherently chronic condition or long-term management required
1855,ICD10:G93.31,Postviral fatigue syndrome,Moderate,Emerging evidence or plausible systemic associations,Chronic,Inherently chronic condition or long-term management required
1856,ICD10:G32.0,Subacute combined degeneration of spinal cord in diseases classified elsewhere,Moderate,Emerging evidence or plausible systemic associations,Chronic,Inherently chronic condition or long-term management required
1857,ICD10:G21.4,Vascular parkinsonism,Moderate,Emerging evidence or plausible systemic associations,Chronic,Inherently chronic condition or long-term management required
1858,ICD10:I77.82,Thoracic outlet syndrome,Moderate-Low,Speculative but biologically plausible connections,Variable,Can be acute or chronic depending on context
1859,ICD10:K59.04,Anal spasm,Moderate,Emerging evidence or plausible systemic associations,Variable,Can be acute or chronic depending on context
1860,ICD10:K59.03,"Megacolon, not elsewhere classified",Moderate,Emerging evidence or plausible systemic associations,Variable,Can be acute or chronic depending on context
1861,ICD10:K58.1,Irritable bowel syndrome with constipation,Moderate-Low,Speculative but biologically plausible connections,Chronic,Inherently chronic condition or long-term management required
1862,ICD10:K90.49,"Malabsorption due to intolerance, not elsewhere classified",Moderate-Low,Speculative but biologically plausible connections,Chronic,Inherently chronic condition or long-term management required
1863,ICD10:K58.2,Mixed irritable bowel syndrome,Moderate-Low,Speculative but biologically plausible connections,Chronic,Inherently chronic condition or long-term management required
1864,ICD10:K90.41,Non-celiac gluten sensitivity,Moderate-Low,Speculative but biologically plausible connections,Chronic,Inherently chronic condition or long-term management required
1865,ICD10:K58.8,Other irritable bowel syndrome,Moderate-Low,Speculative but biologically plausible connections,Chronic,Inherently chronic condition or long-term management required
1866,ICD10:D75.A,Glucose-6-phosphate dehydrogenase (G6PD) deficiency without anemia,Moderate-Low,Speculative but biologically plausible connections,Variable,Can be acute or chronic depending on context
1867,ICD10:K74.00,"Hepatic fibrosis, unspecified",Moderate-Low,Speculative but biologically plausible connections,Chronic,Inherently chronic condition or long-term management required
1868,ICD10:J82.81,Chronic eosinophilic pneumonia,Moderate-Low,Speculative but biologically plausible connections,Chronic,Inherently chronic condition or long-term management required
1869,ICD10:L98.7,Excessive and redundant skin and subcutaneous tissue,Moderate-Low,Speculative but biologically plausible connections,Can-be-Chronic,Symptom/condition that can become chronic if persistent
1870,ICD10:L74.3,"Miliaria, unspecified",Moderate-Low,Speculative but biologically plausible connections,Variable,Can be acute or chronic depending on context
1871,ICD10:L72.8,Other follicular cysts of skin and subcutaneous tissue,Moderate-Low,Speculative but biologically plausible connections,Variable,Can be acute or chronic depending on context
1872,ICD10:L94.3,Sclerodactyly,Moderate-Low,Speculative but biologically plausible connections,Variable,Can be acute or chronic depending on context
1873,ICD10:L90.6,Striae atrophicae,Moderate-Low,Speculative but biologically plausible connections,Variable,Can be acute or chronic depending on context
1874,ICD10:L67.1,Variations in hair color,Moderate-Low,Speculative but biologically plausible connections,Variable,Can be acute or chronic depending on context
1875,ICD10:J11.08,Influenza due to other identified influenza virus with specified pneumonia,Moderate-Low,Speculative but biologically plausible connections,Variable,Can be acute or chronic depending on context
1876,ICD10:J15.5,Pneumonia due to Escherichia coli,Moderate-Low,Speculative but biologically plausible connections,Variable,Can be acute or chronic depending on context
1877,ICD10:G61.82,Multifocal motor neuropathy,Moderate-Low,Speculative but biologically plausible connections,Variable,Can be acute or chronic depending on context
1878,ICD10:G61.1,Serum neuropathy,Moderate-Low,Speculative but biologically plausible connections,Variable,Can be acute or chronic depending on context
1879,ICD10:K51.518,Left sided colitis with other complication,Moderate-Low,Speculative but biologically plausible connections,Chronic,Inherently chronic condition or long-term management required
1880,ICD10:R05.1,Acute cough,High,Core long COVID symptoms with strong evidence,Can-be-Chronic,Symptom/condition that can become chronic if persistent
1881,ICD10:R05.3,Chronic cough,High,Core long COVID symptoms with strong evidence,Chronic,Inherently chronic condition or long-term management required
1882,ICD10:R05.9,"Cough, unspecified",High,Core long COVID symptoms with strong evidence,Can-be-Chronic,Symptom/condition that can become chronic if persistent
1883,ICD10:R05.8,Other specified cough,High,Core long COVID symptoms with strong evidence,Can-be-Chronic,Symptom/condition that can become chronic if persistent
1884,ICD10:R05.2,Subacute cough,High,Core long COVID symptoms with strong evidence,Can-be-Chronic,Symptom/condition that can become chronic if persistent
1885,ICD10:G47.22,Idiopathic hypersomnia with long sleep time,Moderate-High,Well-documented secondary long COVID symptoms,Chronic,Inherently chronic condition or long-term management required
1886,ICD10:G47.53,Hypnagogic and hypnopompic hallucinations,Moderate-High,Well-documented secondary long COVID symptoms,Chronic,Inherently chronic condition or long-term management required
1887,ICD10:M48.14,"Ankylosing hyperostosis [Forestier], thoracic region",Moderate-Low,Speculative but biologically plausible connections,Chronic,Inherently chronic condition or long-term management required
1888,ICD10:M50.122,"Cervical disc disorder with myelopathy, mid-cervical region",Moderate-Low,Speculative but biologically plausible connections,Chronic,Inherently chronic condition or long-term management required
1889,ICD10:M50.123,"Cervical disc disorder with myelopathy, cervicothoracic region",Moderate-Low,Speculative but biologically plausible connections,Chronic,Inherently chronic condition or long-term management required
1890,ICD10:M50.321,"Other cervical disc degeneration, at C4-C5 level",Moderate-Low,Speculative but biologically plausible connections,Chronic,Inherently chronic condition or long-term management required
1891,ICD10:M50.322,"Other cervical disc degeneration, at C5-C6 level",Moderate-Low,Speculative but biologically plausible connections,Chronic,Inherently chronic condition or long-term management required
1892,ICD10:M50.80,"Other cervical disc disorders, unspecified cervical region",Moderate-Low,Speculative but biologically plausible connections,Chronic,Inherently chronic condition or long-term management required
1893,ICD10:M50.221,"Other cervical disc displacement, at C4-C5 level",Moderate-Low,Speculative but biologically plausible connections,Chronic,Inherently chronic condition or long-term management required
1894,ICD10:M50.222,"Other cervical disc displacement, at C5-C6 level",Moderate-Low,Speculative but biologically plausible connections,Chronic,Inherently chronic condition or long-term management required
1895,ICD10:M50.223,"Other cervical disc displacement, at C6-C7 level",Moderate-Low,Speculative but biologically plausible connections,Chronic,Inherently chronic condition or long-term management required
1896,ICD10:M43.8X4,"Other specified deforming dorsopathies, thoracic region",Moderate-Low,Speculative but biologically plausible connections,Variable,Can be acute or chronic depending on context
1897,ICD10:M53.80,"Other specified dorsopathies, site unspecified",Moderate-Low,Speculative but biologically plausible connections,Variable,Can be acute or chronic depending on context
1898,ICD10:M47.892,"Other spondylosis, cervical region",Moderate-Low,Speculative but biologically plausible connections,Chronic,Inherently chronic condition or long-term management required
1899,ICD10:M53.2X4,"Spinal instabilities, thoracic region",Moderate-Low,Speculative but biologically plausible connections,Variable,Can be acute or chronic depending on context
1900,ICD10:M48.062,"Spinal stenosis, lumbar region with neurogenic claudication",Moderate-Low,Speculative but biologically plausible connections,Chronic,Inherently chronic condition or long-term management required
1901,ICD10:M48.061,"Spinal stenosis, lumbar region without neurogenic claudication",Moderate-Low,Speculative but biologically plausible connections,Chronic,Inherently chronic condition or long-term management required
1902,ICD10:M43.00,"Spondylolysis, site unspecified",Moderate-Low,Speculative but biologically plausible connections,Variable,Can be acute or chronic depending on context
1903,ICD10:M49.80,"Spondylopathy in diseases classified elsewhere, site unspecified",Moderate-Low,Speculative but biologically plausible connections,Variable,Can be acute or chronic depending on context
1904,ICD10:R45.7,"State of emotional shock and stress, unspecified",Moderate-High,Well-documented secondary long COVID symptoms,Can-be-Chronic,Symptom/condition that can become chronic if persistent
1905,ICD10:R45.82,Worries,Moderate-High,Well-documented secondary long COVID symptoms,Can-be-Chronic,Symptom/condition that can become chronic if persistent
1906,ICD10:E06.2,Chronic thyroiditis with transient thyrotoxicosis,Moderate,Emerging evidence or plausible systemic associations,Chronic,Inherently chronic condition or long-term management required
1907,ICD10:E06.5,Other chronic thyroiditis,Moderate,Emerging evidence or plausible systemic associations,Chronic,Inherently chronic condition or long-term management required
1908,ICD10:E05.31,Thyrotoxicosis from ectopic thyroid nodule with thyrotoxic crisis or storm,Moderate,Emerging evidence or plausible systemic associations,Chronic,Inherently chronic condition or long-term management required
1909,ICD10:N30.41,Irradiation cystitis with hematuria,Moderate-Low,Speculative but biologically plausible connections,Variable,Can be acute or chronic depending on context
1910,ICD10:N11.8,Other chronic tubulo-interstitial nephritis,Low,Possible association based on systemic inflammation patterns,Chronic,Inherently chronic condition or long-term management required
1911,ICD10:Z45.010,Encounter for checking and testing of cardiac pacemaker pulse generator [battery],Low,Possible association based on systemic inflammation patterns,Acute,Typically acute condition or intervention
1912,ICD10:G90.511,Complex regional pain syndrome I of upper limb,Moderate,Emerging evidence or plausible systemic associations,Chronic,Inherently chronic condition or long-term management required
1913,ICD10:R04.9,Other specified abnormal findings (R04),Low,Possible association based on systemic inflammation patterns,Can-be-Chronic,Symptom/condition that can become chronic if persistent
1914,ICD10:N30.80,Other cystitis without hematuria,Moderate-Low,Speculative but biologically plausible connections,Variable,Can be acute or chronic depending on context